-- MySQL dump 10.13  Distrib 5.5.28, for Win64 (x86)
--
-- Host: localhost    Database: bdcirurgica
-- ------------------------------------------------------
-- Server version	5.5.28

/*!40101 SET @OLD_CHARACTER_SET_CLIENT=@@CHARACTER_SET_CLIENT */;
/*!40101 SET @OLD_CHARACTER_SET_RESULTS=@@CHARACTER_SET_RESULTS */;
/*!40101 SET @OLD_COLLATION_CONNECTION=@@COLLATION_CONNECTION */;
/*!40101 SET NAMES utf8 */;
/*!40103 SET @OLD_TIME_ZONE=@@TIME_ZONE */;
/*!40103 SET TIME_ZONE='+00:00' */;
/*!40014 SET @OLD_UNIQUE_CHECKS=@@UNIQUE_CHECKS, UNIQUE_CHECKS=0 */;
/*!40014 SET @OLD_FOREIGN_KEY_CHECKS=@@FOREIGN_KEY_CHECKS, FOREIGN_KEY_CHECKS=0 */;
/*!40101 SET @OLD_SQL_MODE=@@SQL_MODE, SQL_MODE='NO_AUTO_VALUE_ON_ZERO' */;
/*!40111 SET @OLD_SQL_NOTES=@@SQL_NOTES, SQL_NOTES=0 */;

--
-- Table structure for table `caixa`
--

DROP TABLE IF EXISTS `caixa`;
/*!40101 SET @saved_cs_client     = @@character_set_client */;
/*!40101 SET character_set_client = utf8 */;
CREATE TABLE `caixa` (
  `cd_caixa` int(7) NOT NULL AUTO_INCREMENT,
  `valor_caixa` float(6,2) DEFAULT NULL,
  `data_lancamento` date DEFAULT NULL,
  `cd_tipo_caixa` int(4) DEFAULT NULL,
  PRIMARY KEY (`cd_caixa`),
  KEY `caixa_ibfk_1` (`cd_tipo_caixa`),
  CONSTRAINT `caixa_ibfk_1` FOREIGN KEY (`cd_tipo_caixa`) REFERENCES `tipocaixa` (`cd_tipo_caixa`)
) ENGINE=InnoDB DEFAULT CHARSET=latin1;
/*!40101 SET character_set_client = @saved_cs_client */;

--
-- Dumping data for table `caixa`
--

LOCK TABLES `caixa` WRITE;
/*!40000 ALTER TABLE `caixa` DISABLE KEYS */;
/*!40000 ALTER TABLE `caixa` ENABLE KEYS */;
UNLOCK TABLES;

--
-- Table structure for table `cidade`
--

DROP TABLE IF EXISTS `cidade`;
/*!40101 SET @saved_cs_client     = @@character_set_client */;
/*!40101 SET character_set_client = utf8 */;
CREATE TABLE `cidade` (
  `cd_cidade` int(6) NOT NULL AUTO_INCREMENT,
  `nm_cidade` varchar(100) DEFAULT NULL,
  `cd_estado` int(4) NOT NULL,
  PRIMARY KEY (`cd_cidade`),
  KEY `cidade_ibfk_1` (`cd_estado`),
  CONSTRAINT `cidade_ibfk_1` FOREIGN KEY (`cd_estado`) REFERENCES `estado` (`cd_estado`)
) ENGINE=InnoDB AUTO_INCREMENT=5565 DEFAULT CHARSET=latin1;
/*!40101 SET character_set_client = @saved_cs_client */;

--
-- Dumping data for table `cidade`
--

LOCK TABLES `cidade` WRITE;
/*!40000 ALTER TABLE `cidade` DISABLE KEYS */;
INSERT INTO `cidade` VALUES (1,'Afonso Cláudio',8),(2,'Água Doce do Norte',8),(3,'Águia Branca',8),(4,'Alegre',8),(5,'Alfredo Chaves',8),(6,'Alto Rio Novo',8),(7,'Anchieta',8),(8,'Apiacá',8),(9,'Aracruz',8),(10,'Atilio Vivacqua',8),(11,'Baixo Guandu',8),(12,'Barra de São Francisco',8),(13,'Boa Esperança',8),(14,'Bom Jesus do Norte',8),(15,'Brejetuba',8),(16,'Cachoeiro de Itapemirim',8),(17,'Cariacica',8),(18,'Castelo',8),(19,'Colatina',8),(20,'Conceição da Barra',8),(21,'Conceição do Castelo',8),(22,'Divino de São Lourenço',8),(23,'Domingos Martins',8),(24,'Dores do Rio Preto',8),(25,'Ecoporanga',8),(26,'Fundão',8),(27,'Governador Lindenberg',8),(28,'Guaçuí',8),(29,'Guarapari',8),(30,'Ibatiba',8),(31,'Ibiraçu',8),(32,'Ibitirama',8),(33,'Iconha',8),(34,'Irupi',8),(35,'Itaguaçu',8),(36,'Itapemirim',8),(37,'Itarana',8),(38,'Iúna',8),(39,'Jaguaré',8),(40,'Jerônimo Monteiro',8),(41,'João Neiva',8),(42,'Laranja da Terra',8),(43,'Linhares',8),(44,'Mantenópolis',8),(45,'Marataízes',8),(46,'Marechal Floriano',8),(47,'Marilândia',8),(48,'Mimoso do Sul',8),(49,'Montanha',8),(50,'Mucurici',8),(51,'Muniz Freire',8),(52,'Muqui',8),(53,'Nova Venécia',8),(54,'Pancas',8),(55,'Pedro Canário',8),(56,'Pinheiros',8),(57,'Piúma',8),(58,'Ponto Belo',8),(59,'Presidente Kennedy',8),(60,'Rio Bananal',8),(61,'Rio Novo do Sul',8),(62,'Santa Leopoldina',8),(63,'Santa Maria de Jetibá',8),(64,'Santa Teresa',8),(65,'São Domingos do Norte',8),(66,'São Gabriel da Palha',8),(67,'São José do Calçado',8),(68,'São Mateus',8),(69,'São Roque do Canaã',8),(70,'Serra',8),(71,'Sooretama',8),(72,'Vargem Alta',8),(73,'Venda Nova do Imigrante',8),(74,'Viana',8),(75,'Vila Pavão',8),(76,'Vila Valério',8),(77,'Vila Velha',8),(78,'Vitória',8),(79,'Acrelândia',1),(80,'Assis Brasil',1),(81,'Brasiléia',1),(82,'Bujari',1),(83,'Capixaba',1),(84,'Cruzeiro do Sul',1),(85,'Epitaciolândia',1),(86,'Feijó',1),(87,'Jordão',1),(88,'Mâncio Lima',1),(89,'Manoel Urbano',1),(90,'Marechal Thaumaturgo',1),(91,'Plácido de Castro',1),(92,'Porto Acre',1),(93,'Porto Walter',1),(94,'Rio Branco',1),(95,'Rodrigues Alves',1),(96,'Santa Rosa do Purus',1),(97,'Sena Madureira',1),(98,'Senador Guiomard',1),(99,'Tarauacá',1),(100,'Xapuri',1),(101,'Água Branca',2),(102,'Anadia',2),(103,'Arapiraca',2),(104,'Atalaia',2),(105,'Barra de Santo Antônio',2),(106,'Barra de São Miguel',2),(107,'Batalha',2),(108,'Belém',2),(109,'Belo Monte',2),(110,'Boca da Mata',2),(111,'Branquinha',2),(112,'Cacimbinhas',2),(113,'Cajueiro',2),(114,'Campestre',2),(115,'Campo Alegre',2),(116,'Campo Grande',2),(117,'Canapi',2),(118,'Capela',2),(119,'Carneiros',2),(120,'Chã Preta',2),(121,'Coité do Nóia',2),(122,'Colônia Leopoldina',2),(123,'Coqueiro Seco',2),(124,'Coruripe',2),(125,'Craíbas',2),(126,'Delmiro Gouveia',2),(127,'Dois Riachos',2),(128,'Estrela de Alagoas',2),(129,'Feira Grande',2),(130,'Feliz Deserto',2),(131,'Flexeiras',2),(132,'Girau do Ponciano',2),(133,'Ibateguara',2),(134,'Igaci',2),(135,'Igreja Nova',2),(136,'Inhapi',2),(137,'Jacaré dos Homens',2),(138,'Jacuípe',2),(139,'Japaratinga',2),(140,'Jaramataia',2),(141,'Jequiá da Praia',2),(142,'Joaquim Gomes',2),(143,'Jundiá',2),(144,'Junqueiro',2),(145,'Lagoa da Canoa',2),(146,'Limoeiro de Anadia',2),(147,'Maceió',2),(148,'Major Isidoro',2),(149,'Mar Vermelho',2),(150,'Maragogi',2),(151,'Maravilha',2),(152,'Marechal Deodoro',2),(153,'Maribondo',2),(154,'Mata Grande',2),(155,'Matriz de Camaragibe',2),(156,'Messias',2),(157,'Minador do Negrão',2),(158,'Monteirópolis',2),(159,'Murici',2),(160,'Novo Lino',2),(161,'Olho d`Água das Flores',2),(162,'Olho d`Água do Casado',2),(163,'Olho d`Água Grande',2),(164,'Olivença',2),(165,'Ouro Branco',2),(166,'Palestina',2),(167,'Palmeira dos Índios',2),(168,'Pão de Açúcar',2),(169,'Pariconha',2),(170,'Paripueira',2),(171,'Passo de Camaragibe',2),(172,'Paulo Jacinto',2),(173,'Penedo',2),(174,'Piaçabuçu',2),(175,'Pilar',2),(176,'Pindoba',2),(177,'Piranhas',2),(178,'Poço das Trincheiras',2),(179,'Porto Calvo',2),(180,'Porto de Pedras',2),(181,'Porto Real do Colégio',2),(182,'Quebrangulo',2),(183,'Rio Largo',2),(184,'Roteiro',2),(185,'Santa Luzia do Norte',2),(186,'Santana do Ipanema',2),(187,'Santana do Mundaú',2),(188,'São Brás',2),(189,'São José da Laje',2),(190,'São José da Tapera',2),(191,'São Luís do Quitunde',2),(192,'São Miguel dos Campos',2),(193,'São Miguel dos Milagres',2),(194,'São Sebastião',2),(195,'Satuba',2),(196,'Senador Rui Palmeira',2),(197,'Tanque d`Arca',2),(198,'Taquarana',2),(199,'Teotônio Vilela',2),(200,'Traipu',2),(201,'União dos Palmares',2),(202,'Viçosa',2),(203,'Amapá',4),(204,'Calçoene',4),(205,'Cutias',4),(206,'Ferreira Gomes',4),(207,'Itaubal',4),(208,'Laranjal do Jari',4),(209,'Macapá',4),(210,'Mazagão',4),(211,'Oiapoque',4),(212,'Pedra Branca do Amaparí',4),(213,'Porto Grande',4),(214,'Pracuúba',4),(215,'Santana',4),(216,'Serra do Navio',4),(217,'Tartarugalzinho',4),(218,'Vitória do Jari',4),(219,'Alvarães',3),(220,'Amaturá',3),(221,'Anamã',3),(222,'Anori',3),(223,'Apuí',3),(224,'Atalaia do Norte',3),(225,'Autazes',3),(226,'Barcelos',3),(227,'Barreirinha',3),(228,'Benjamin Constant',3),(229,'Beruri',3),(230,'Boa Vista do Ramos',3),(231,'Boca do Acre',3),(232,'Borba',3),(233,'Caapiranga',3),(234,'Canutama',3),(235,'Carauari',3),(236,'Careiro',3),(237,'Careiro da Várzea',3),(238,'Coari',3),(239,'Codajás',3),(240,'Eirunepé',3),(241,'Envira',3),(242,'Fonte Boa',3),(243,'Guajará',3),(244,'Humaitá',3),(245,'Ipixuna',3),(246,'Iranduba',3),(247,'Itacoatiara',3),(248,'Itamarati',3),(249,'Itapiranga',3),(250,'Japurá',3),(251,'Juruá',3),(252,'Jutaí',3),(253,'Lábrea',3),(254,'Manacapuru',3),(255,'Manaquiri',3),(256,'Manaus',3),(257,'Manicoré',3),(258,'Maraã',3),(259,'Maués',3),(260,'Nhamundá',3),(261,'Nova Olinda do Norte',3),(262,'Novo Airão',3),(263,'Novo Aripuanã',3),(264,'Parintins',3),(265,'Pauini',3),(266,'Presidente Figueiredo',3),(267,'Rio Preto da Eva',3),(268,'Santa Isabel do Rio Negro',3),(269,'Santo Antônio do Içá',3),(270,'São Gabriel da Cachoeira',3),(271,'São Paulo de Olivença',3),(272,'São Sebastião do Uatumã',3),(273,'Silves',3),(274,'Tabatinga',3),(275,'Tapauá',3),(276,'Tefé',3),(277,'Tonantins',3),(278,'Uarini',3),(279,'Urucará',3),(280,'Urucurituba',3),(281,'Abaíra',5),(282,'Abaré',5),(283,'Acajutiba',5),(284,'Adustina',5),(285,'Água Fria',5),(286,'Aiquara',5),(287,'Alagoinhas',5),(288,'Alcobaça',5),(289,'Almadina',5),(290,'Amargosa',5),(291,'Amélia Rodrigues',5),(292,'América Dourada',5),(293,'Anagé',5),(294,'Andaraí',5),(295,'Andorinha',5),(296,'Angical',5),(297,'Anguera',5),(298,'Antas',5),(299,'Antônio Cardoso',5),(300,'Antônio Gonçalves',5),(301,'Aporá',5),(302,'Apuarema',5),(303,'Araças',5),(304,'Aracatu',5),(305,'Araci',5),(306,'Aramari',5),(307,'Arataca',5),(308,'Aratuípe',5),(309,'Aurelino Leal',5),(310,'Baianópolis',5),(311,'Baixa Grande',5),(312,'Banzaê',5),(313,'Barra',5),(314,'Barra da Estiva',5),(315,'Barra do Choça',5),(316,'Barra do Mendes',5),(317,'Barra do Rocha',5),(318,'Barreiras',5),(319,'Barro Alto',5),(320,'Barro Preto (antigo Gov. Lomanto Jr.)',5),(321,'Barrocas',5),(322,'Belmonte',5),(323,'Belo Campo',5),(324,'Biritinga',5),(325,'Boa Nova',5),(326,'Boa Vista do Tupim',5),(327,'Bom Jesus da Lapa',5),(328,'Bom Jesus da Serra',5),(329,'Boninal',5),(330,'Bonito',5),(331,'Boquira',5),(332,'Botuporã',5),(333,'Brejões',5),(334,'Brejolândia',5),(335,'Brotas de Macaúbas',5),(336,'Brumado',5),(337,'Buerarema',5),(338,'Buritirama',5),(339,'Caatiba',5),(340,'Cabaceiras do Paraguaçu',5),(341,'Cachoeira',5),(342,'Caculé',5),(343,'Caém',5),(344,'Caetanos',5),(345,'Caetité',5),(346,'Cafarnaum',5),(347,'Cairu',5),(348,'Caldeirão Grande',5),(349,'Camacan',5),(350,'Camaçari',5),(351,'Camamu',5),(352,'Campo Alegre de Lourdes',5),(353,'Campo Formoso',5),(354,'Canápolis',5),(355,'Canarana',5),(356,'Canavieiras',5),(357,'Candeal',5),(358,'Candeias',5),(359,'Candiba',5),(360,'Cândido Sales',5),(361,'Cansanção',5),(362,'Canudos',5),(363,'Capela do Alto Alegre',5),(364,'Capim Grosso',5),(365,'Caraíbas',5),(366,'Caravelas',5),(367,'Cardeal da Silva',5),(368,'Carinhanha',5),(369,'Casa Nova',5),(370,'Castro Alves',5),(371,'Catolândia',5),(372,'Catu',5),(373,'Caturama',5),(374,'Central',5),(375,'Chorrochó',5),(376,'Cícero Dantas',5),(377,'Cipó',5),(378,'Coaraci',5),(379,'Cocos',5),(380,'Conceição da Feira',5),(381,'Conceição do Almeida',5),(382,'Conceição do Coité',5),(383,'Conceição do Jacuípe',5),(384,'Conde',5),(385,'Condeúba',5),(386,'Contendas do Sincorá',5),(387,'Coração de Maria',5),(388,'Cordeiros',5),(389,'Coribe',5),(390,'Coronel João Sá',5),(391,'Correntina',5),(392,'Cotegipe',5),(393,'Cravolândia',5),(394,'Crisópolis',5),(395,'Cristópolis',5),(396,'Cruz das Almas',5),(397,'Curaçá',5),(398,'Dário Meira',5),(399,'Dias d`Ávila',5),(400,'Dom Basílio',5),(401,'Dom Macedo Costa',5),(402,'Elísio Medrado',5),(403,'Encruzilhada',5),(404,'Entre Rios',5),(405,'Érico Cardoso',5),(406,'Esplanada',5),(407,'Euclides da Cunha',5),(408,'Eunápolis',5),(409,'Fátima',5),(410,'Feira da Mata',5),(411,'Feira de Santana',5),(412,'Filadélfia',5),(413,'Firmino Alves',5),(414,'Floresta Azul',5),(415,'Formosa do Rio Preto',5),(416,'Gandu',5),(417,'Gavião',5),(418,'Gentio do Ouro',5),(419,'Glória',5),(420,'Gongogi',5),(421,'Governador Mangabeira',5),(422,'Guajeru',5),(423,'Guanambi',5),(424,'Guaratinga',5),(425,'Heliópolis',5),(426,'Iaçu',5),(427,'Ibiassucê',5),(428,'Ibicaraí',5),(429,'Ibicoara',5),(430,'Ibicuí',5),(431,'Ibipeba',5),(432,'Ibipitanga',5),(433,'Ibiquera',5),(434,'Ibirapitanga',5),(435,'Ibirapuã',5),(436,'Ibirataia',5),(437,'Ibitiara',5),(438,'Ibititá',5),(439,'Ibotirama',5),(440,'Ichu',5),(441,'Igaporã',5),(442,'Igrapiúna',5),(443,'Iguaí',5),(444,'Ilhéus',5),(445,'Inhambupe',5),(446,'Ipecaetá',5),(447,'Ipiaú',5),(448,'Ipirá',5),(449,'Ipupiara',5),(450,'Irajuba',5),(451,'Iramaia',5),(452,'Iraquara',5),(453,'Irará',5),(454,'Irecê',5),(455,'Itabela',5),(456,'Itaberaba',5),(457,'Itabuna',5),(458,'Itacaré',5),(459,'Itaeté',5),(460,'Itagi',5),(461,'Itagibá',5),(462,'Itagimirim',5),(463,'Itaguaçu da Bahia',5),(464,'Itaju do Colônia',5),(465,'Itajuípe',5),(466,'Itamaraju',5),(467,'Itamari',5),(468,'Itambé',5),(469,'Itanagra',5),(470,'Itanhém',5),(471,'Itaparica',5),(472,'Itapé',5),(473,'Itapebi',5),(474,'Itapetinga',5),(475,'Itapicuru',5),(476,'Itapitanga',5),(477,'Itaquara',5),(478,'Itarantim',5),(479,'Itatim',5),(480,'Itiruçu',5),(481,'Itiúba',5),(482,'Itororó',5),(483,'Ituaçu',5),(484,'Ituberá',5),(485,'Iuiú',5),(486,'Jaborandi',5),(487,'Jacaraci',5),(488,'Jacobina',5),(489,'Jaguaquara',5),(490,'Jaguarari',5),(491,'Jaguaripe',5),(492,'Jandaíra',5),(493,'Jequié',5),(494,'Jeremoabo',5),(495,'Jiquiriçá',5),(496,'Jitaúna',5),(497,'João Dourado',5),(498,'Juazeiro',5),(499,'Jucuruçu',5),(500,'Jussara',5),(501,'Jussari',5),(502,'Jussiape',5),(503,'Lafaiete Coutinho',5),(504,'Lagoa Real',5),(505,'Laje',5),(506,'Lajedão',5),(507,'Lajedinho',5),(508,'Lajedo do Tabocal',5),(509,'Lamarão',5),(510,'Lapão',5),(511,'Lauro de Freitas',5),(512,'Lençóis',5),(513,'Licínio de Almeida',5),(514,'Livramento de Nossa Senhora',5),(515,'Luís Eduardo Magalhães',5),(516,'Macajuba',5),(517,'Macarani',5),(518,'Macaúbas',5),(519,'Macururé',5),(520,'Madre de Deus',5),(521,'Maetinga',5),(522,'Maiquinique',5),(523,'Mairi',5),(524,'Malhada',5),(525,'Malhada de Pedras',5),(526,'Manoel Vitorino',5),(527,'Mansidão',5),(528,'Maracás',5),(529,'Maragogipe',5),(530,'Maraú',5),(531,'Marcionílio Souza',5),(532,'Mascote',5),(533,'Mata de São João',5),(534,'Matina',5),(535,'Medeiros Neto',5),(536,'Miguel Calmon',5),(537,'Milagres',5),(538,'Mirangaba',5),(539,'Mirante',5),(540,'Monte Santo',5),(541,'Morpará',5),(542,'Morro do Chapéu',5),(543,'Mortugaba',5),(544,'Mucugê',5),(545,'Mucuri',5),(546,'Mulungu do Morro',5),(547,'Mundo Novo',5),(548,'Muniz Ferreira',5),(549,'Muquém de São Francisco',5),(550,'Muritiba',5),(551,'Mutuípe',5),(552,'Nazaré',5),(553,'Nilo Peçanha',5),(554,'Nordestina',5),(555,'Nova Canaã',5),(556,'Nova Fátima',5),(557,'Nova Ibiá',5),(558,'Nova Itarana',5),(559,'Nova Redenção',5),(560,'Nova Soure',5),(561,'Nova Viçosa',5),(562,'Novo Horizonte',5),(563,'Novo Triunfo',5),(564,'Olindina',5),(565,'Oliveira dos Brejinhos',5),(566,'Ouriçangas',5),(567,'Ourolândia',5),(568,'Palmas de Monte Alto',5),(569,'Palmeiras',5),(570,'Paramirim',5),(571,'Paratinga',5),(572,'Paripiranga',5),(573,'Pau Brasil',5),(574,'Paulo Afonso',5),(575,'Pé de Serra',5),(576,'Pedrão',5),(577,'Pedro Alexandre',5),(578,'Piatã',5),(579,'Pilão Arcado',5),(580,'Pindaí',5),(581,'Pindobaçu',5),(582,'Pintadas',5),(583,'Piraí do Norte',5),(584,'Piripá',5),(585,'Piritiba',5),(586,'Planaltino',5),(587,'Planalto',5),(588,'Poções',5),(589,'Pojuca',5),(590,'Ponto Novo',5),(591,'Porto Seguro',5),(592,'Potiraguá',5),(593,'Prado',5),(594,'Presidente Dutra',5),(595,'Presidente Jânio Quadros',5),(596,'Presidente Tancredo Neves',5),(597,'Queimadas',5),(598,'Quijingue',5),(599,'Quixabeira',5),(600,'Rafael Jambeiro',5),(601,'Remanso',5),(602,'Retirolândia',5),(603,'Riachão das Neves',5),(604,'Riachão do Jacuípe',5),(605,'Riacho de Santana',5),(606,'Ribeira do Amparo',5),(607,'Ribeira do Pombal',5),(608,'Ribeirão do Largo',5),(609,'Rio de Contas',5),(610,'Rio do Antônio',5),(611,'Rio do Pires',5),(612,'Rio Real',5),(613,'Rodelas',5),(614,'Ruy Barbosa',5),(615,'Salinas da Margarida',5),(616,'Salvador',5),(617,'Santa Bárbara',5),(618,'Santa Brígida',5),(619,'Santa Cruz Cabrália',5),(620,'Santa Cruz da Vitória',5),(621,'Santa Inês',5),(622,'Santa Luzia',5),(623,'Santa Maria da Vitória',5),(624,'Santa Rita de Cássia',5),(625,'Santa Teresinha',5),(626,'Santaluz',5),(627,'Santana',5),(628,'Santanópolis',5),(629,'Santo Amaro',5),(630,'Santo Antônio de Jesus',5),(631,'Santo Estêvão',5),(632,'São Desidério',5),(633,'São Domingos',5),(634,'São Felipe',5),(635,'São Félix',5),(636,'São Félix do Coribe',5),(637,'São Francisco do Conde',5),(638,'São Gabriel',5),(639,'São Gonçalo dos Campos',5),(640,'São José da Vitória',5),(641,'São José do Jacuípe',5),(642,'São Miguel das Matas',5),(643,'São Sebastião do Passé',5),(644,'Sapeaçu',5),(645,'Sátiro Dias',5),(646,'Saubara',5),(647,'Saúde',5),(648,'Seabra',5),(649,'Sebastião Laranjeiras',5),(650,'Senhor do Bonfim',5),(651,'Sento Sé',5),(652,'Serra do Ramalho',5),(653,'Serra Dourada',5),(654,'Serra Preta',5),(655,'Serrinha',5),(656,'Serrolândia',5),(657,'Simões Filho',5),(658,'Sítio do Mato',5),(659,'Sítio do Quinto',5),(660,'Sobradinho',5),(661,'Souto Soares',5),(662,'Tabocas do Brejo Velho',5),(663,'Tanhaçu',5),(664,'Tanque Novo',5),(665,'Tanquinho',5),(666,'Taperoá',5),(667,'Tapiramutá',5),(668,'Teixeira de Freitas',5),(669,'Teodoro Sampaio',5),(670,'Teofilândia',5),(671,'Teolândia',5),(672,'Terra Nova',5),(673,'Tremedal',5),(674,'Tucano',5),(675,'Uauá',5),(676,'Ubaíra',5),(677,'Ubaitaba',5),(678,'Ubatã',5),(679,'Uibaí',5),(680,'Umburanas',5),(681,'Una',5),(682,'Urandi',5),(683,'Uruçuca',5),(684,'Utinga',5),(685,'Valença',5),(686,'Valente',5),(687,'Várzea da Roça',5),(688,'Várzea do Poço',5),(689,'Várzea Nova',5),(690,'Varzedo',5),(691,'Vera Cruz',5),(692,'Vereda',5),(693,'Vitória da Conquista',5),(694,'Wagner',5),(695,'Wanderley',5),(696,'Wenceslau Guimarães',5),(697,'Xique-Xique',5),(698,'Abaiara',6),(699,'Acarape',6),(700,'Acaraú',6),(701,'Acopiara',6),(702,'Aiuaba',6),(703,'Alcântaras',6),(704,'Altaneira',6),(705,'Alto Santo',6),(706,'Amontada',6),(707,'Antonina do Norte',6),(708,'Apuiarés',6),(709,'Aquiraz',6),(710,'Aracati',6),(711,'Aracoiaba',6),(712,'Ararendá',6),(713,'Araripe',6),(714,'Aratuba',6),(715,'Arneiroz',6),(716,'Assaré',6),(717,'Aurora',6),(718,'Baixio',6),(719,'Banabuiú',6),(720,'Barbalha',6),(721,'Barreira',6),(722,'Barro',6),(723,'Barroquinha',6),(724,'Baturité',6),(725,'Beberibe',6),(726,'Bela Cruz',6),(727,'Boa Viagem',6),(728,'Brejo Santo',6),(729,'Camocim',6),(730,'Campos Sales',6),(731,'Canindé',6),(732,'Capistrano',6),(733,'Caridade',6),(734,'Cariré',6),(735,'Caririaçu',6),(736,'Cariús',6),(737,'Carnaubal',6),(738,'Cascavel',6),(739,'Catarina',6),(740,'Catunda',6),(741,'Caucaia',6),(742,'Cedro',6),(743,'Chaval',6),(744,'Choró',6),(745,'Chorozinho',6),(746,'Coreaú',6),(747,'Crateús',6),(748,'Crato',6),(749,'Croatá',6),(750,'Cruz',6),(751,'Deputado Irapuan Pinheiro',6),(752,'Ererê',6),(753,'Eusébio',6),(754,'Farias Brito',6),(755,'Forquilha',6),(756,'Fortaleza',6),(757,'Fortim',6),(758,'Frecheirinha',6),(759,'General Sampaio',6),(760,'Graça',6),(761,'Granja',6),(762,'Granjeiro',6),(763,'Groaíras',6),(764,'Guaiúba',6),(765,'Guaraciaba do Norte',6),(766,'Guaramiranga',6),(767,'Hidrolândia',6),(768,'Horizonte',6),(769,'Ibaretama',6),(770,'Ibiapina',6),(771,'Ibicuitinga',6),(772,'Icapuí',6),(773,'Icó',6),(774,'Iguatu',6),(775,'Independência',6),(776,'Ipaporanga',6),(777,'Ipaumirim',6),(778,'Ipu',6),(779,'Ipueiras',6),(780,'Iracema',6),(781,'Irauçuba',6),(782,'Itaiçaba',6),(783,'Itaitinga',6),(784,'Itapagé',6),(785,'Itapipoca',6),(786,'Itapiúna',6),(787,'Itarema',6),(788,'Itatira',6),(789,'Jaguaretama',6),(790,'Jaguaribara',6),(791,'Jaguaribe',6),(792,'Jaguaruana',6),(793,'Jardim',6),(794,'Jati',6),(795,'Jijoca de Jericoacoara',6),(796,'Juazeiro do Norte',6),(797,'Jucás',6),(798,'Lavras da Mangabeira',6),(799,'Limoeiro do Norte',6),(800,'Madalena',6),(801,'Maracanaú',6),(802,'Maranguape',6),(803,'Marco',6),(804,'Martinópole',6),(805,'Massapê',6),(806,'Mauriti',6),(807,'Meruoca',6),(808,'Milagres',6),(809,'Milhã',6),(810,'Miraíma',6),(811,'Missão Velha',6),(812,'Mombaça',6),(813,'Monsenhor Tabosa',6),(814,'Morada Nova',6),(815,'Moraújo',6),(816,'Morrinhos',6),(817,'Mucambo',6),(818,'Mulungu',6),(819,'Nova Olinda',6),(820,'Nova Russas',6),(821,'Novo Oriente',6),(822,'Ocara',6),(823,'Orós',6),(824,'Pacajus',6),(825,'Pacatuba',6),(826,'Pacoti',6),(827,'Pacujá',6),(828,'Palhano',6),(829,'Palmácia',6),(830,'Paracuru',6),(831,'Paraipaba',6),(832,'Parambu',6),(833,'Paramoti',6),(834,'Pedra Branca',6),(835,'Penaforte',6),(836,'Pentecoste',6),(837,'Pereiro',6),(838,'Pindoretama',6),(839,'Piquet Carneiro',6),(840,'Pires Ferreira',6),(841,'Poranga',6),(842,'Porteiras',6),(843,'Potengi',6),(844,'Potiretama',6),(845,'Quiterianópolis',6),(846,'Quixadá',6),(847,'Quixelô',6),(848,'Quixeramobim',6),(849,'Quixeré',6),(850,'Redenção',6),(851,'Reriutaba',6),(852,'Russas',6),(853,'Saboeiro',6),(854,'Salitre',6),(855,'Santa Quitéria',6),(856,'Santana do Acaraú',6),(857,'Santana do Cariri',6),(858,'São Benedito',6),(859,'São Gonçalo do Amarante',6),(860,'São João do Jaguaribe',6),(861,'São Luís do Curu',6),(862,'Senador Pompeu',6),(863,'Senador Sá',6),(864,'Sobral',6),(865,'Solonópole',6),(866,'Tabuleiro do Norte',6),(867,'Tamboril',6),(868,'Tarrafas',6),(869,'Tauá',6),(870,'Tejuçuoca',6),(871,'Tianguá',6),(872,'Trairi',6),(873,'Tururu',6),(874,'Ubajara',6),(875,'Umari',6),(876,'Umirim',6),(877,'Uruburetama',6),(878,'Uruoca',6),(879,'Varjota',6),(880,'Várzea Alegre',6),(881,'Viçosa do Ceará',6),(882,'Brasília',7),(883,'Abadia de Goiás',9),(884,'Abadiânia',9),(885,'Acreúna',9),(886,'Adelândia',9),(887,'Água Fria de Goiás',9),(888,'Água Limpa',9),(889,'Águas Lindas de Goiás',9),(890,'Alexânia',9),(891,'Aloândia',9),(892,'Alto Horizonte',9),(893,'Alto Paraíso de Goiás',9),(894,'Alvorada do Norte',9),(895,'Amaralina',9),(896,'Americano do Brasil',9),(897,'Amorinópolis',9),(898,'Anápolis',9),(899,'Anhanguera',9),(900,'Anicuns',9),(901,'Aparecida de Goiânia',9),(902,'Aparecida do Rio Doce',9),(903,'Aporé',9),(904,'Araçu',9),(905,'Aragarças',9),(906,'Aragoiânia',9),(907,'Araguapaz',9),(908,'Arenópolis',9),(909,'Aruanã',9),(910,'Aurilândia',9),(911,'Avelinópolis',9),(912,'Baliza',9),(913,'Barro Alto',9),(914,'Bela Vista de Goiás',9),(915,'Bom Jardim de Goiás',9),(916,'Bom Jesus de Goiás',9),(917,'Bonfinópolis',9),(918,'Bonópolis',9),(919,'Brazabrantes',9),(920,'Britânia',9),(921,'Buriti Alegre',9),(922,'Buriti de Goiás',9),(923,'Buritinópolis',9),(924,'Cabeceiras',9),(925,'Cachoeira Alta',9),(926,'Cachoeira de Goiás',9),(927,'Cachoeira Dourada',9),(928,'Caçu',9),(929,'Caiapônia',9),(930,'Caldas Novas',9),(931,'Caldazinha',9),(932,'Campestre de Goiás',9),(933,'Campinaçu',9),(934,'Campinorte',9),(935,'Campo Alegre de Goiás',9),(936,'Campo Limpo de Goiás',9),(937,'Campos Belos',9),(938,'Campos Verdes',9),(939,'Carmo do Rio Verde',9),(940,'Castelândia',9),(941,'Catalão',9),(942,'Caturaí',9),(943,'Cavalcante',9),(944,'Ceres',9),(945,'Cezarina',9),(946,'Chapadão do Céu',9),(947,'Cidade Ocidental',9),(948,'Cocalzinho de Goiás',9),(949,'Colinas do Sul',9),(950,'Córrego do Ouro',9),(951,'Corumbá de Goiás',9),(952,'Corumbaíba',9),(953,'Cristalina',9),(954,'Cristianópolis',9),(955,'Crixás',9),(956,'Cromínia',9),(957,'Cumari',9),(958,'Damianópolis',9),(959,'Damolândia',9),(960,'Davinópolis',9),(961,'Diorama',9),(962,'Divinópolis de Goiás',9),(963,'Doverlândia',9),(964,'Edealina',9),(965,'Edéia',9),(966,'Estrela do Norte',9),(967,'Faina',9),(968,'Fazenda Nova',9),(969,'Firminópolis',9),(970,'Flores de Goiás',9),(971,'Formosa',9),(972,'Formoso',9),(973,'Gameleira de Goiás',9),(974,'Goianápolis',9),(975,'Goiandira',9),(976,'Goianésia',9),(977,'Goiânia',9),(978,'Goianira',9),(979,'Goiás',9),(980,'Goiatuba',9),(981,'Gouvelândia',9),(982,'Guapó',9),(983,'Guaraíta',9),(984,'Guarani de Goiás',9),(985,'Guarinos',9),(986,'Heitoraí',9),(987,'Hidrolândia',9),(988,'Hidrolina',9),(989,'Iaciara',9),(990,'Inaciolândia',9),(991,'Indiara',9),(992,'Inhumas',9),(993,'Ipameri',9),(994,'Ipiranga de Goiás',9),(995,'Iporá',9),(996,'Israelândia',9),(997,'Itaberaí',9),(998,'Itaguari',9),(999,'Itaguaru',9),(1000,'Itajá',9),(1001,'Itapaci',9),(1002,'Itapirapuã',9),(1003,'Itapuranga',9),(1004,'Itarumã',9),(1005,'Itauçu',9),(1006,'Itumbiara',9),(1007,'Ivolândia',9),(1008,'Jandaia',9),(1009,'Jaraguá',9),(1010,'Jataí',9),(1011,'Jaupaci',9),(1012,'Jesúpolis',9),(1013,'Joviânia',9),(1014,'Jussara',9),(1015,'Lagoa Santa',9),(1016,'Leopoldo de Bulhões',9),(1017,'Luziânia',9),(1018,'Mairipotaba',9),(1019,'Mambaí',9),(1020,'Mara Rosa',9),(1021,'Marzagão',9),(1022,'Matrinchã',9),(1023,'Maurilândia',9),(1024,'Mimoso de Goiás',9),(1025,'Minaçu',9),(1026,'Mineiros',9),(1027,'Moiporá',9),(1028,'Monte Alegre de Goiás',9),(1029,'Montes Claros de Goiás',9),(1030,'Montividiu',9),(1031,'Montividiu do Norte',9),(1032,'Morrinhos',9),(1033,'Morro Agudo de Goiás',9),(1034,'Mossâmedes',9),(1035,'Mozarlândia',9),(1036,'Mundo Novo',9),(1037,'Mutunópolis',9),(1038,'Nazário',9),(1039,'Nerópolis',9),(1040,'Niquelândia',9),(1041,'Nova América',9),(1042,'Nova Aurora',9),(1043,'Nova Crixás',9),(1044,'Nova Glória',9),(1045,'Nova Iguaçu de Goiás',9),(1046,'Nova Roma',9),(1047,'Nova Veneza',9),(1048,'Novo Brasil',9),(1049,'Novo Gama',9),(1050,'Novo Planalto',9),(1051,'Orizona',9),(1052,'Ouro Verde de Goiás',9),(1053,'Ouvidor',9),(1054,'Padre Bernardo',9),(1055,'Palestina de Goiás',9),(1056,'Palmeiras de Goiás',9),(1057,'Palmelo',9),(1058,'Palminópolis',9),(1059,'Panamá',9),(1060,'Paranaiguara',9),(1061,'Paraúna',9),(1062,'Perolândia',9),(1063,'Petrolina de Goiás',9),(1064,'Pilar de Goiás',9),(1065,'Piracanjuba',9),(1066,'Piranhas',9),(1067,'Pirenópolis',9),(1068,'Pires do Rio',9),(1069,'Planaltina',9),(1070,'Pontalina',9),(1071,'Porangatu',9),(1072,'Porteirão',9),(1073,'Portelândia',9),(1074,'Posse',9),(1075,'Professor Jamil',9),(1076,'Quirinópolis',9),(1077,'Rialma',9),(1078,'Rianápolis',9),(1079,'Rio Quente',9),(1080,'Rio Verde',9),(1081,'Rubiataba',9),(1082,'Sanclerlândia',9),(1083,'Santa Bárbara de Goiás',9),(1084,'Santa Cruz de Goiás',9),(1085,'Santa Fé de Goiás',9),(1086,'Santa Helena de Goiás',9),(1087,'Santa Isabel',9),(1088,'Santa Rita do Araguaia',9),(1089,'Santa Rita do Novo Destino',9),(1090,'Santa Rosa de Goiás',9),(1091,'Santa Tereza de Goiás',9),(1092,'Santa Terezinha de Goiás',9),(1093,'Santo Antônio da Barra',9),(1094,'Santo Antônio de Goiás',9),(1095,'Santo Antônio do Descoberto',9),(1096,'São Domingos',9),(1097,'São Francisco de Goiás',9),(1098,'São João d`Aliança',9),(1099,'São João da Paraúna',9),(1100,'São Luís de Montes Belos',9),(1101,'São Luíz do Norte',9),(1102,'São Miguel do Araguaia',9),(1103,'São Miguel do Passa Quatro',9),(1104,'São Patrício',9),(1105,'São Simão',9),(1106,'Senador Canedo',9),(1107,'Serranópolis',9),(1108,'Silvânia',9),(1109,'Simolândia',9),(1110,'Sítio d`Abadia',9),(1111,'Taquaral de Goiás',9),(1112,'Teresina de Goiás',9),(1113,'Terezópolis de Goiás',9),(1114,'Três Ranchos',9),(1115,'Trindade',9),(1116,'Trombas',9),(1117,'Turvânia',9),(1118,'Turvelândia',9),(1119,'Uirapuru',9),(1120,'Uruaçu',9),(1121,'Uruana',9),(1122,'Urutaí',9),(1123,'Valparaíso de Goiás',9),(1124,'Varjão',9),(1125,'Vianópolis',9),(1126,'Vicentinópolis',9),(1127,'Vila Boa',9),(1128,'Vila Propício',9),(1129,'Açailândia',10),(1130,'Afonso Cunha',10),(1131,'Água Doce do Maranhão',10),(1132,'Alcântara',10),(1133,'Aldeias Altas',10),(1134,'Altamira do Maranhão',10),(1135,'Alto Alegre do Maranhão',10),(1136,'Alto Alegre do Pindaré',10),(1137,'Alto Parnaíba',10),(1138,'Amapá do Maranhão',10),(1139,'Amarante do Maranhão',10),(1140,'Anajatuba',10),(1141,'Anapurus',10),(1142,'Apicum-Açu',10),(1143,'Araguanã',10),(1144,'Araioses',10),(1145,'Arame',10),(1146,'Arari',10),(1147,'Axixá',10),(1148,'Bacabal',10),(1149,'Bacabeira',10),(1150,'Bacuri',10),(1151,'Bacurituba',10),(1152,'Balsas',10),(1153,'Barão de Grajaú',10),(1154,'Barra do Corda',10),(1155,'Barreirinhas',10),(1156,'Bela Vista do Maranhão',10),(1157,'Belágua',10),(1158,'Benedito Leite',10),(1159,'Bequimão',10),(1160,'Bernardo do Mearim',10),(1161,'Boa Vista do Gurupi',10),(1162,'Bom Jardim',10),(1163,'Bom Jesus das Selvas',10),(1164,'Bom Lugar',10),(1165,'Brejo',10),(1166,'Brejo de Areia',10),(1167,'Buriti',10),(1168,'Buriti Bravo',10),(1169,'Buriticupu',10),(1170,'Buritirana',10),(1171,'Cachoeira Grande',10),(1172,'Cajapió',10),(1173,'Cajari',10),(1174,'Campestre do Maranhão',10),(1175,'Cândido Mendes',10),(1176,'Cantanhede',10),(1177,'Capinzal do Norte',10),(1178,'Carolina',10),(1179,'Carutapera',10),(1180,'Caxias',10),(1181,'Cedral',10),(1182,'Central do Maranhão',10),(1183,'Centro do Guilherme',10),(1184,'Centro Novo do Maranhão',10),(1185,'Chapadinha',10),(1186,'Cidelândia',10),(1187,'Codó',10),(1188,'Coelho Neto',10),(1189,'Colinas',10),(1190,'Conceição do Lago-Açu',10),(1191,'Coroatá',10),(1192,'Cururupu',10),(1193,'Davinópolis',10),(1194,'Dom Pedro',10),(1195,'Duque Bacelar',10),(1196,'Esperantinópolis',10),(1197,'Estreito',10),(1198,'Feira Nova do Maranhão',10),(1199,'Fernando Falcão',10),(1200,'Formosa da Serra Negra',10),(1201,'Fortaleza dos Nogueiras',10),(1202,'Fortuna',10),(1203,'Godofredo Viana',10),(1204,'Gonçalves Dias',10),(1205,'Governador Archer',10),(1206,'Governador Edison Lobão',10),(1207,'Governador Eugênio Barros',10),(1208,'Governador Luiz Rocha',10),(1209,'Governador Newton Bello',10),(1210,'Governador Nunes Freire',10),(1211,'Graça Aranha',10),(1212,'Grajaú',10),(1213,'Guimarães',10),(1214,'Humberto de Campos',10),(1215,'Icatu',10),(1216,'Igarapé do Meio',10),(1217,'Igarapé Grande',10),(1218,'Imperatriz',10),(1219,'Itaipava do Grajaú',10),(1220,'Itapecuru Mirim',10),(1221,'Itinga do Maranhão',10),(1222,'Jatobá',10),(1223,'Jenipapo dos Vieiras',10),(1224,'João Lisboa',10),(1225,'Joselândia',10),(1226,'Junco do Maranhão',10),(1227,'Lago da Pedra',10),(1228,'Lago do Junco',10),(1229,'Lago dos Rodrigues',10),(1230,'Lago Verde',10),(1231,'Lagoa do Mato',10),(1232,'Lagoa Grande do Maranhão',10),(1233,'Lajeado Novo',10),(1234,'Lima Campos',10),(1235,'Loreto',10),(1236,'Luís Domingues',10),(1237,'Magalhães de Almeida',10),(1238,'Maracaçumé',10),(1239,'Marajá do Sena',10),(1240,'Maranhãozinho',10),(1241,'Mata Roma',10),(1242,'Matinha',10),(1243,'Matões',10),(1244,'Matões do Norte',10),(1245,'Milagres do Maranhão',10),(1246,'Mirador',10),(1247,'Miranda do Norte',10),(1248,'Mirinzal',10),(1249,'Monção',10),(1250,'Montes Altos',10),(1251,'Morros',10),(1252,'Nina Rodrigues',10),(1253,'Nova Colinas',10),(1254,'Nova Iorque',10),(1255,'Nova Olinda do Maranhão',10),(1256,'Olho d`Água das Cunhãs',10),(1257,'Olinda Nova do Maranhão',10),(1258,'Paço do Lumiar',10),(1259,'Palmeirândia',10),(1260,'Paraibano',10),(1261,'Parnarama',10),(1262,'Passagem Franca',10),(1263,'Pastos Bons',10),(1264,'Paulino Neves',10),(1265,'Paulo Ramos',10),(1266,'Pedreiras',10),(1267,'Pedro do Rosário',10),(1268,'Penalva',10),(1269,'Peri Mirim',10),(1270,'Peritoró',10),(1271,'Pindaré-Mirim',10),(1272,'Pinheiro',10),(1273,'Pio XII',10),(1274,'Pirapemas',10),(1275,'Poção de Pedras',10),(1276,'Porto Franco',10),(1277,'Porto Rico do Maranhão',10),(1278,'Presidente Dutra',10),(1279,'Presidente Juscelino',10),(1280,'Presidente Médici',10),(1281,'Presidente Sarney',10),(1282,'Presidente Vargas',10),(1283,'Primeira Cruz',10),(1284,'Raposa',10),(1285,'Riachão',10),(1286,'Ribamar Fiquene',10),(1287,'Rosário',10),(1288,'Sambaíba',10),(1289,'Santa Filomena do Maranhão',10),(1290,'Santa Helena',10),(1291,'Santa Inês',10),(1292,'Santa Luzia',10),(1293,'Santa Luzia do Paruá',10),(1294,'Santa Quitéria do Maranhão',10),(1295,'Santa Rita',10),(1296,'Santana do Maranhão',10),(1297,'Santo Amaro do Maranhão',10),(1298,'Santo Antônio dos Lopes',10),(1299,'São Benedito do Rio Preto',10),(1300,'São Bento',10),(1301,'São Bernardo',10),(1302,'São Domingos do Azeitão',10),(1303,'São Domingos do Maranhão',10),(1304,'São Félix de Balsas',10),(1305,'São Francisco do Brejão',10),(1306,'São Francisco do Maranhão',10),(1307,'São João Batista',10),(1308,'São João do Carú',10),(1309,'São João do Paraíso',10),(1310,'São João do Soter',10),(1311,'São João dos Patos',10),(1312,'São José de Ribamar',10),(1313,'São José dos Basílios',10),(1314,'São Luís',10),(1315,'São Luís Gonzaga do Maranhão',10),(1316,'São Mateus do Maranhão',10),(1317,'São Pedro da Água Branca',10),(1318,'São Pedro dos Crentes',10),(1319,'São Raimundo das Mangabeiras',10),(1320,'São Raimundo do Doca Bezerra',10),(1321,'São Roberto',10),(1322,'São Vicente Ferrer',10),(1323,'Satubinha',10),(1324,'Senador Alexandre Costa',10),(1325,'Senador La Rocque',10),(1326,'Serrano do Maranhão',10),(1327,'Sítio Novo',10),(1328,'Sucupira do Norte',10),(1329,'Sucupira do Riachão',10),(1330,'Tasso Fragoso',10),(1331,'Timbiras',10),(1332,'Timon',10),(1333,'Trizidela do Vale',10),(1334,'Tufilândia',10),(1335,'Tuntum',10),(1336,'Turiaçu',10),(1337,'Turilândia',10),(1338,'Tutóia',10),(1339,'Urbano Santos',10),(1340,'Vargem Grande',10),(1341,'Viana',10),(1342,'Vila Nova dos Martírios',10),(1343,'Vitória do Mearim',10),(1344,'Vitorino Freire',10),(1345,'Zé Doca',10),(1346,'Acorizal',13),(1347,'Água Boa',13),(1348,'Alta Floresta',13),(1349,'Alto Araguaia',13),(1350,'Alto Boa Vista',13),(1351,'Alto Garças',13),(1352,'Alto Paraguai',13),(1353,'Alto Taquari',13),(1354,'Apiacás',13),(1355,'Araguaiana',13),(1356,'Araguainha',13),(1357,'Araputanga',13),(1358,'Arenápolis',13),(1359,'Aripuanã',13),(1360,'Barão de Melgaço',13),(1361,'Barra do Bugres',13),(1362,'Barra do Garças',13),(1363,'Bom Jesus do Araguaia',13),(1364,'Brasnorte',13),(1365,'Cáceres',13),(1366,'Campinápolis',13),(1367,'Campo Novo do Parecis',13),(1368,'Campo Verde',13),(1369,'Campos de Júlio',13),(1370,'Canabrava do Norte',13),(1371,'Canarana',13),(1372,'Carlinda',13),(1373,'Castanheira',13),(1374,'Chapada dos Guimarães',13),(1375,'Cláudia',13),(1376,'Cocalinho',13),(1377,'Colíder',13),(1378,'Colniza',13),(1379,'Comodoro',13),(1380,'Confresa',13),(1381,'Conquista d`Oeste',13),(1382,'Cotriguaçu',13),(1383,'Cuiabá',13),(1384,'Curvelândia',13),(1385,'Curvelândia',13),(1386,'Denise',13),(1387,'Diamantino',13),(1388,'Dom Aquino',13),(1389,'Feliz Natal',13),(1390,'Figueirópolis d`Oeste',13),(1391,'Gaúcha do Norte',13),(1392,'General Carneiro',13),(1393,'Glória d`Oeste',13),(1394,'Guarantã do Norte',13),(1395,'Guiratinga',13),(1396,'Indiavaí',13),(1397,'Ipiranga do Norte',13),(1398,'Itanhangá',13),(1399,'Itaúba',13),(1400,'Itiquira',13),(1401,'Jaciara',13),(1402,'Jangada',13),(1403,'Jauru',13),(1404,'Juara',13),(1405,'Juína',13),(1406,'Juruena',13),(1407,'Juscimeira',13),(1408,'Lambari d`Oeste',13),(1409,'Lucas do Rio Verde',13),(1410,'Luciára',13),(1411,'Marcelândia',13),(1412,'Matupá',13),(1413,'Mirassol d`Oeste',13),(1414,'Nobres',13),(1415,'Nortelândia',13),(1416,'Nossa Senhora do Livramento',13),(1417,'Nova Bandeirantes',13),(1418,'Nova Brasilândia',13),(1419,'Nova Canaã do Norte',13),(1420,'Nova Guarita',13),(1421,'Nova Lacerda',13),(1422,'Nova Marilândia',13),(1423,'Nova Maringá',13),(1424,'Nova Monte verde',13),(1425,'Nova Mutum',13),(1426,'Nova Olímpia',13),(1427,'Nova Santa Helena',13),(1428,'Nova Ubiratã',13),(1429,'Nova Xavantina',13),(1430,'Novo Horizonte do Norte',13),(1431,'Novo Mundo',13),(1432,'Novo Santo Antônio',13),(1433,'Novo São Joaquim',13),(1434,'Paranaíta',13),(1435,'Paranatinga',13),(1436,'Pedra Preta',13),(1437,'Peixoto de Azevedo',13),(1438,'Planalto da Serra',13),(1439,'Poconé',13),(1440,'Pontal do Araguaia',13),(1441,'Ponte Branca',13),(1442,'Pontes e Lacerda',13),(1443,'Porto Alegre do Norte',13),(1444,'Porto dos Gaúchos',13),(1445,'Porto Esperidião',13),(1446,'Porto Estrela',13),(1447,'Poxoréo',13),(1448,'Primavera do Leste',13),(1449,'Querência',13),(1450,'Reserva do Cabaçal',13),(1451,'Ribeirão Cascalheira',13),(1452,'Ribeirãozinho',13),(1453,'Rio Branco',13),(1454,'Rondolândia',13),(1455,'Rondonópolis',13),(1456,'Rosário Oeste',13),(1457,'Salto do Céu',13),(1458,'Santa Carmem',13),(1459,'Santa Cruz do Xingu',13),(1460,'Santa Rita do Trivelato',13),(1461,'Santa Terezinha',13),(1462,'Santo Afonso',13),(1463,'Santo Antônio do Leste',13),(1464,'Santo Antônio do Leverger',13),(1465,'São Félix do Araguaia',13),(1466,'São José do Povo',13),(1467,'São José do Rio Claro',13),(1468,'São José do Xingu',13),(1469,'São José dos Quatro Marcos',13),(1470,'São Pedro da Cipa',13),(1471,'Sapezal',13),(1472,'Serra Nova Dourada',13),(1473,'Sinop',13),(1474,'Sorriso',13),(1475,'Tabaporã',13),(1476,'Tangará da Serra',13),(1477,'Tapurah',13),(1478,'Terra Nova do Norte',13),(1479,'Tesouro',13),(1480,'Torixoréu',13),(1481,'União do Sul',13),(1482,'Vale de São Domingos',13),(1483,'Várzea Grande',13),(1484,'Vera',13),(1485,'Vila Bela da Santíssima Trindade',13),(1486,'Vila Rica',13),(1487,'Água Clara',12),(1488,'Alcinópolis',12),(1489,'Amambaí',12),(1490,'Anastácio',12),(1491,'Anaurilândia',12),(1492,'Angélica',12),(1493,'Antônio João',12),(1494,'Aparecida do Taboado',12),(1495,'Aquidauana',12),(1496,'Aral Moreira',12),(1497,'Bandeirantes',12),(1498,'Bataguassu',12),(1499,'Bataiporã',12),(1500,'Bela Vista',12),(1501,'Bodoquena',12),(1502,'Bonito',12),(1503,'Brasilândia',12),(1504,'Caarapó',12),(1505,'Camapuã',12),(1506,'Campo Grande',12),(1507,'Caracol',12),(1508,'Cassilândia',12),(1509,'Chapadão do Sul',12),(1510,'Corguinho',12),(1511,'Coronel Sapucaia',12),(1512,'Corumbá',12),(1513,'Costa Rica',12),(1514,'Coxim',12),(1515,'Deodápolis',12),(1516,'Dois Irmãos do Buriti',12),(1517,'Douradina',12),(1518,'Dourados',12),(1519,'Eldorado',12),(1520,'Fátima do Sul',12),(1521,'Figueirão',12),(1522,'Glória de Dourados',12),(1523,'Guia Lopes da Laguna',12),(1524,'Iguatemi',12),(1525,'Inocência',12),(1526,'Itaporã',12),(1527,'Itaquiraí',12),(1528,'Ivinhema',12),(1529,'Japorã',12),(1530,'Jaraguari',12),(1531,'Jardim',12),(1532,'Jateí',12),(1533,'Juti',12),(1534,'Ladário',12),(1535,'Laguna Carapã',12),(1536,'Maracaju',12),(1537,'Miranda',12),(1538,'Mundo Novo',12),(1539,'Naviraí',12),(1540,'Nioaque',12),(1541,'Nova Alvorada do Sul',12),(1542,'Nova Andradina',12),(1543,'Novo Horizonte do Sul',12),(1544,'Paranaíba',12),(1545,'Paranhos',12),(1546,'Pedro Gomes',12),(1547,'Ponta Porã',12),(1548,'Porto Murtinho',12),(1549,'Ribas do Rio Pardo',12),(1550,'Rio Brilhante',12),(1551,'Rio Negro',12),(1552,'Rio Verde de Mato Grosso',12),(1553,'Rochedo',12),(1554,'Santa Rita do Pardo',12),(1555,'São Gabriel do Oeste',12),(1556,'Selvíria',12),(1557,'Sete Quedas',12),(1558,'Sidrolândia',12),(1559,'Sonora',12),(1560,'Tacuru',12),(1561,'Taquarussu',12),(1562,'Terenos',12),(1563,'Três Lagoas',12),(1564,'Vicentina',12),(1565,'Abadia dos Dourados',11),(1566,'Abaeté',11),(1567,'Abre Campo',11),(1568,'Acaiaca',11),(1569,'Açucena',11),(1570,'Água Boa',11),(1571,'Água Comprida',11),(1572,'Aguanil',11),(1573,'Águas Formosas',11),(1574,'Águas Vermelhas',11),(1575,'Aimorés',11),(1576,'Aiuruoca',11),(1577,'Alagoa',11),(1578,'Albertina',11),(1579,'Além Paraíba',11),(1580,'Alfenas',11),(1581,'Alfredo Vasconcelos',11),(1582,'Almenara',11),(1583,'Alpercata',11),(1584,'Alpinópolis',11),(1585,'Alterosa',11),(1586,'Alto Caparaó',11),(1587,'Alto Jequitibá',11),(1588,'Alto Rio Doce',11),(1589,'Alvarenga',11),(1590,'Alvinópolis',11),(1591,'Alvorada de Minas',11),(1592,'Amparo do Serra',11),(1593,'Andradas',11),(1594,'Andrelândia',11),(1595,'Angelândia',11),(1596,'Antônio Carlos',11),(1597,'Antônio Dias',11),(1598,'Antônio Prado de Minas',11),(1599,'Araçaí',11),(1600,'Aracitaba',11),(1601,'Araçuaí',11),(1602,'Araguari',11),(1603,'Arantina',11),(1604,'Araponga',11),(1605,'Araporã',11),(1606,'Arapuá',11),(1607,'Araújos',11),(1608,'Araxá',11),(1609,'Arceburgo',11),(1610,'Arcos',11),(1611,'Areado',11),(1612,'Argirita',11),(1613,'Aricanduva',11),(1614,'Arinos',11),(1615,'Astolfo Dutra',11),(1616,'Ataléia',11),(1617,'Augusto de Lima',11),(1618,'Baependi',11),(1619,'Baldim',11),(1620,'Bambuí',11),(1621,'Bandeira',11),(1622,'Bandeira do Sul',11),(1623,'Barão de Cocais',11),(1624,'Barão de Monte Alto',11),(1625,'Barbacena',11),(1626,'Barra Longa',11),(1627,'Barroso',11),(1628,'Bela Vista de Minas',11),(1629,'Belmiro Braga',11),(1630,'Belo Horizonte',11),(1631,'Belo Oriente',11),(1632,'Belo Vale',11),(1633,'Berilo',11),(1634,'Berizal',11),(1635,'Bertópolis',11),(1636,'Betim',11),(1637,'Bias Fortes',11),(1638,'Bicas',11),(1639,'Biquinhas',11),(1640,'Boa Esperança',11),(1641,'Bocaina de Minas',11),(1642,'Bocaiúva',11),(1643,'Bom Despacho',11),(1644,'Bom Jardim de Minas',11),(1645,'Bom Jesus da Penha',11),(1646,'Bom Jesus do Amparo',11),(1647,'Bom Jesus do Galho',11),(1648,'Bom Repouso',11),(1649,'Bom Sucesso',11),(1650,'Bonfim',11),(1651,'Bonfinópolis de Minas',11),(1652,'Bonito de Minas',11),(1653,'Borda da Mata',11),(1654,'Botelhos',11),(1655,'Botumirim',11),(1656,'Brás Pires',11),(1657,'Brasilândia de Minas',11),(1658,'Brasília de Minas',11),(1659,'Brasópolis',11),(1660,'Braúnas',11),(1661,'Brumadinho',11),(1662,'Bueno Brandão',11),(1663,'Buenópolis',11),(1664,'Bugre',11),(1665,'Buritis',11),(1666,'Buritizeiro',11),(1667,'Cabeceira Grande',11),(1668,'Cabo Verde',11),(1669,'Cachoeira da Prata',11),(1670,'Cachoeira de Minas',11),(1671,'Cachoeira de Pajeú',11),(1672,'Cachoeira Dourada',11),(1673,'Caetanópolis',11),(1674,'Caeté',11),(1675,'Caiana',11),(1676,'Cajuri',11),(1677,'Caldas',11),(1678,'Camacho',11),(1679,'Camanducaia',11),(1680,'Cambuí',11),(1681,'Cambuquira',11),(1682,'Campanário',11),(1683,'Campanha',11),(1684,'Campestre',11),(1685,'Campina Verde',11),(1686,'Campo Azul',11),(1687,'Campo Belo',11),(1688,'Campo do Meio',11),(1689,'Campo Florido',11),(1690,'Campos Altos',11),(1691,'Campos Gerais',11),(1692,'Cana Verde',11),(1693,'Canaã',11),(1694,'Canápolis',11),(1695,'Candeias',11),(1696,'Cantagalo',11),(1697,'Caparaó',11),(1698,'Capela Nova',11),(1699,'Capelinha',11),(1700,'Capetinga',11),(1701,'Capim Branco',11),(1702,'Capinópolis',11),(1703,'Capitão Andrade',11),(1704,'Capitão Enéas',11),(1705,'Capitólio',11),(1706,'Caputira',11),(1707,'Caraí',11),(1708,'Caranaíba',11),(1709,'Carandaí',11),(1710,'Carangola',11),(1711,'Caratinga',11),(1712,'Carbonita',11),(1713,'Careaçu',11),(1714,'Carlos Chagas',11),(1715,'Carmésia',11),(1716,'Carmo da Cachoeira',11),(1717,'Carmo da Mata',11),(1718,'Carmo de Minas',11),(1719,'Carmo do Cajuru',11),(1720,'Carmo do Paranaíba',11),(1721,'Carmo do Rio Claro',11),(1722,'Carmópolis de Minas',11),(1723,'Carneirinho',11),(1724,'Carrancas',11),(1725,'Carvalhópolis',11),(1726,'Carvalhos',11),(1727,'Casa Grande',11),(1728,'Cascalho Rico',11),(1729,'Cássia',11),(1730,'Cataguases',11),(1731,'Catas Altas',11),(1732,'Catas Altas da Noruega',11),(1733,'Catuji',11),(1734,'Catuti',11),(1735,'Caxambu',11),(1736,'Cedro do Abaeté',11),(1737,'Central de Minas',11),(1738,'Centralina',11),(1739,'Chácara',11),(1740,'Chalé',11),(1741,'Chapada do Norte',11),(1742,'Chapada Gaúcha',11),(1743,'Chiador',11),(1744,'Cipotânea',11),(1745,'Claraval',11),(1746,'Claro dos Poções',11),(1747,'Cláudio',11),(1748,'Coimbra',11),(1749,'Coluna',11),(1750,'Comendador Gomes',11),(1751,'Comercinho',11),(1752,'Conceição da Aparecida',11),(1753,'Conceição da Barra de Minas',11),(1754,'Conceição das Alagoas',11),(1755,'Conceição das Pedras',11),(1756,'Conceição de Ipanema',11),(1757,'Conceição do Mato Dentro',11),(1758,'Conceição do Pará',11),(1759,'Conceição do Rio Verde',11),(1760,'Conceição dos Ouros',11),(1761,'Cônego Marinho',11),(1762,'Confins',11),(1763,'Congonhal',11),(1764,'Congonhas',11),(1765,'Congonhas do Norte',11),(1766,'Conquista',11),(1767,'Conselheiro Lafaiete',11),(1768,'Conselheiro Pena',11),(1769,'Consolação',11),(1770,'Contagem',11),(1771,'Coqueiral',11),(1772,'Coração de Jesus',11),(1773,'Cordisburgo',11),(1774,'Cordislândia',11),(1775,'Corinto',11),(1776,'Coroaci',11),(1777,'Coromandel',11),(1778,'Coronel Fabriciano',11),(1779,'Coronel Murta',11),(1780,'Coronel Pacheco',11),(1781,'Coronel Xavier Chaves',11),(1782,'Córrego Danta',11),(1783,'Córrego do Bom Jesus',11),(1784,'Córrego Fundo',11),(1785,'Córrego Novo',11),(1786,'Couto de Magalhães de Minas',11),(1787,'Crisólita',11),(1788,'Cristais',11),(1789,'Cristália',11),(1790,'Cristiano Otoni',11),(1791,'Cristina',11),(1792,'Crucilândia',11),(1793,'Cruzeiro da Fortaleza',11),(1794,'Cruzília',11),(1795,'Cuparaque',11),(1796,'Curral de Dentro',11),(1797,'Curvelo',11),(1798,'Datas',11),(1799,'Delfim Moreira',11),(1800,'Delfinópolis',11),(1801,'Delta',11),(1802,'Descoberto',11),(1803,'Desterro de Entre Rios',11),(1804,'Desterro do Melo',11),(1805,'Diamantina',11),(1806,'Diogo de Vasconcelos',11),(1807,'Dionísio',11),(1808,'Divinésia',11),(1809,'Divino',11),(1810,'Divino das Laranjeiras',11),(1811,'Divinolândia de Minas',11),(1812,'Divinópolis',11),(1813,'Divisa Alegre',11),(1814,'Divisa Nova',11),(1815,'Divisópolis',11),(1816,'Dom Bosco',11),(1817,'Dom Cavati',11),(1818,'Dom Joaquim',11),(1819,'Dom Silvério',11),(1820,'Dom Viçoso',11),(1821,'Dona Eusébia',11),(1822,'Dores de Campos',11),(1823,'Dores de Guanhães',11),(1824,'Dores do Indaiá',11),(1825,'Dores do Turvo',11),(1826,'Doresópolis',11),(1827,'Douradoquara',11),(1828,'Durandé',11),(1829,'Elói Mendes',11),(1830,'Engenheiro Caldas',11),(1831,'Engenheiro Navarro',11),(1832,'Entre Folhas',11),(1833,'Entre Rios de Minas',11),(1834,'Ervália',11),(1835,'Esmeraldas',11),(1836,'Espera Feliz',11),(1837,'Espinosa',11),(1838,'Espírito Santo do Dourado',11),(1839,'Estiva',11),(1840,'Estrela Dalva',11),(1841,'Estrela do Indaiá',11),(1842,'Estrela do Sul',11),(1843,'Eugenópolis',11),(1844,'Ewbank da Câmara',11),(1845,'Extrema',11),(1846,'Fama',11),(1847,'Faria Lemos',11),(1848,'Felício dos Santos',11),(1849,'Felisburgo',11),(1850,'Felixlândia',11),(1851,'Fernandes Tourinho',11),(1852,'Ferros',11),(1853,'Fervedouro',11),(1854,'Florestal',11),(1855,'Formiga',11),(1856,'Formoso',11),(1857,'Fortaleza de Minas',11),(1858,'Fortuna de Minas',11),(1859,'Francisco Badaró',11),(1860,'Francisco Dumont',11),(1861,'Francisco Sá',11),(1862,'Franciscópolis',11),(1863,'Frei Gaspar',11),(1864,'Frei Inocêncio',11),(1865,'Frei Lagonegro',11),(1866,'Fronteira',11),(1867,'Fronteira dos Vales',11),(1868,'Fruta de Leite',11),(1869,'Frutal',11),(1870,'Funilândia',11),(1871,'Galiléia',11),(1872,'Gameleiras',11),(1873,'Glaucilândia',11),(1874,'Goiabeira',11),(1875,'Goianá',11),(1876,'Gonçalves',11),(1877,'Gonzaga',11),(1878,'Gouveia',11),(1879,'Governador Valadares',11),(1880,'Grão Mogol',11),(1881,'Grupiara',11),(1882,'Guanhães',11),(1883,'Guapé',11),(1884,'Guaraciaba',11),(1885,'Guaraciama',11),(1886,'Guaranésia',11),(1887,'Guarani',11),(1888,'Guarará',11),(1889,'Guarda-Mor',11),(1890,'Guaxupé',11),(1891,'Guidoval',11),(1892,'Guimarânia',11),(1893,'Guiricema',11),(1894,'Gurinhatã',11),(1895,'Heliodora',11),(1896,'Iapu',11),(1897,'Ibertioga',11),(1898,'Ibiá',11),(1899,'Ibiaí',11),(1900,'Ibiracatu',11),(1901,'Ibiraci',11),(1902,'Ibirité',11),(1903,'Ibitiúra de Minas',11),(1904,'Ibituruna',11),(1905,'Icaraí de Minas',11),(1906,'Igarapé',11),(1907,'Igaratinga',11),(1908,'Iguatama',11),(1909,'Ijaci',11),(1910,'Ilicínea',11),(1911,'Imbé de Minas',11),(1912,'Inconfidentes',11),(1913,'Indaiabira',11),(1914,'Indianópolis',11),(1915,'Ingaí',11),(1916,'Inhapim',11),(1917,'Inhaúma',11),(1918,'Inimutaba',11),(1919,'Ipaba',11),(1920,'Ipanema',11),(1921,'Ipatinga',11),(1922,'Ipiaçu',11),(1923,'Ipuiúna',11),(1924,'Iraí de Minas',11),(1925,'Itabira',11),(1926,'Itabirinha de Mantena',11),(1927,'Itabirito',11),(1928,'Itacambira',11),(1929,'Itacarambi',11),(1930,'Itaguara',11),(1931,'Itaipé',11),(1932,'Itajubá',11),(1933,'Itamarandiba',11),(1934,'Itamarati de Minas',11),(1935,'Itambacuri',11),(1936,'Itambé do Mato Dentro',11),(1937,'Itamogi',11),(1938,'Itamonte',11),(1939,'Itanhandu',11),(1940,'Itanhomi',11),(1941,'Itaobim',11),(1942,'Itapagipe',11),(1943,'Itapecerica',11),(1944,'Itapeva',11),(1945,'Itatiaiuçu',11),(1946,'Itaú de Minas',11),(1947,'Itaúna',11),(1948,'Itaverava',11),(1949,'Itinga',11),(1950,'Itueta',11),(1951,'Ituiutaba',11),(1952,'Itumirim',11),(1953,'Iturama',11),(1954,'Itutinga',11),(1955,'Jaboticatubas',11),(1956,'Jacinto',11),(1957,'Jacuí',11),(1958,'Jacutinga',11),(1959,'Jaguaraçu',11),(1960,'Jaíba',11),(1961,'Jampruca',11),(1962,'Janaúba',11),(1963,'Januária',11),(1964,'Japaraíba',11),(1965,'Japonvar',11),(1966,'Jeceaba',11),(1967,'Jenipapo de Minas',11),(1968,'Jequeri',11),(1969,'Jequitaí',11),(1970,'Jequitibá',11),(1971,'Jequitinhonha',11),(1972,'Jesuânia',11),(1973,'Joaíma',11),(1974,'Joanésia',11),(1975,'João Monlevade',11),(1976,'João Pinheiro',11),(1977,'Joaquim Felício',11),(1978,'Jordânia',11),(1979,'José Gonçalves de Minas',11),(1980,'José Raydan',11),(1981,'Josenópolis',11),(1982,'Juatuba',11),(1983,'Juiz de Fora',11),(1984,'Juramento',11),(1985,'Juruaia',11),(1986,'Juvenília',11),(1987,'Ladainha',11),(1988,'Lagamar',11),(1989,'Lagoa da Prata',11),(1990,'Lagoa dos Patos',11),(1991,'Lagoa Dourada',11),(1992,'Lagoa Formosa',11),(1993,'Lagoa Grande',11),(1994,'Lagoa Santa',11),(1995,'Lajinha',11),(1996,'Lambari',11),(1997,'Lamim',11),(1998,'Laranjal',11),(1999,'Lassance',11),(2000,'Lavras',11),(2001,'Leandro Ferreira',11),(2002,'Leme do Prado',11),(2003,'Leopoldina',11),(2004,'Liberdade',11),(2005,'Lima Duarte',11),(2006,'Limeira do Oeste',11),(2007,'Lontra',11),(2008,'Luisburgo',11),(2009,'Luislândia',11),(2010,'Luminárias',11),(2011,'Luz',11),(2012,'Machacalis',11),(2013,'Machado',11),(2014,'Madre de Deus de Minas',11),(2015,'Malacacheta',11),(2016,'Mamonas',11),(2017,'Manga',11),(2018,'Manhuaçu',11),(2019,'Manhumirim',11),(2020,'Mantena',11),(2021,'Mar de Espanha',11),(2022,'Maravilhas',11),(2023,'Maria da Fé',11),(2024,'Mariana',11),(2025,'Marilac',11),(2026,'Mário Campos',11),(2027,'Maripá de Minas',11),(2028,'Marliéria',11),(2029,'Marmelópolis',11),(2030,'Martinho Campos',11),(2031,'Martins Soares',11),(2032,'Mata Verde',11),(2033,'Materlândia',11),(2034,'Mateus Leme',11),(2035,'Mathias Lobato',11),(2036,'Matias Barbosa',11),(2037,'Matias Cardoso',11),(2038,'Matipó',11),(2039,'Mato Verde',11),(2040,'Matozinhos',11),(2041,'Matutina',11),(2042,'Medeiros',11),(2043,'Medina',11),(2044,'Mendes Pimentel',11),(2045,'Mercês',11),(2046,'Mesquita',11),(2047,'Minas Novas',11),(2048,'Minduri',11),(2049,'Mirabela',11),(2050,'Miradouro',11),(2051,'Miraí',11),(2052,'Miravânia',11),(2053,'Moeda',11),(2054,'Moema',11),(2055,'Monjolos',11),(2056,'Monsenhor Paulo',11),(2057,'Montalvânia',11),(2058,'Monte Alegre de Minas',11),(2059,'Monte Azul',11),(2060,'Monte Belo',11),(2061,'Monte Carmelo',11),(2062,'Monte Formoso',11),(2063,'Monte Santo de Minas',11),(2064,'Monte Sião',11),(2065,'Montes Claros',11),(2066,'Montezuma',11),(2067,'Morada Nova de Minas',11),(2068,'Morro da Garça',11),(2069,'Morro do Pilar',11),(2070,'Munhoz',11),(2071,'Muriaé',11),(2072,'Mutum',11),(2073,'Muzambinho',11),(2074,'Nacip Raydan',11),(2075,'Nanuque',11),(2076,'Naque',11),(2077,'Natalândia',11),(2078,'Natércia',11),(2079,'Nazareno',11),(2080,'Nepomuceno',11),(2081,'Ninheira',11),(2082,'Nova Belém',11),(2083,'Nova Era',11),(2084,'Nova Lima',11),(2085,'Nova Módica',11),(2086,'Nova Ponte',11),(2087,'Nova Porteirinha',11),(2088,'Nova Resende',11),(2089,'Nova Serrana',11),(2090,'Nova União',11),(2091,'Novo Cruzeiro',11),(2092,'Novo Oriente de Minas',11),(2093,'Novorizonte',11),(2094,'Olaria',11),(2095,'Olhos-d`Água',11),(2096,'Olímpio Noronha',11),(2097,'Oliveira',11),(2098,'Oliveira Fortes',11),(2099,'Onça de Pitangui',11),(2100,'Oratórios',11),(2101,'Orizânia',11),(2102,'Ouro Branco',11),(2103,'Ouro Fino',11),(2104,'Ouro Preto',11),(2105,'Ouro Verde de Minas',11),(2106,'Padre Carvalho',11),(2107,'Padre Paraíso',11),(2108,'Pai Pedro',11),(2109,'Paineiras',11),(2110,'Pains',11),(2111,'Paiva',11),(2112,'Palma',11),(2113,'Palmópolis',11),(2114,'Papagaios',11),(2115,'Pará de Minas',11),(2116,'Paracatu',11),(2117,'Paraguaçu',11),(2118,'Paraisópolis',11),(2119,'Paraopeba',11),(2120,'Passa Quatro',11),(2121,'Passa Tempo',11),(2122,'Passabém',11),(2123,'Passa-Vinte',11),(2124,'Passos',11),(2125,'Patis',11),(2126,'Patos de Minas',11),(2127,'Patrocínio',11),(2128,'Patrocínio do Muriaé',11),(2129,'Paula Cândido',11),(2130,'Paulistas',11),(2131,'Pavão',11),(2132,'Peçanha',11),(2133,'Pedra Azul',11),(2134,'Pedra Bonita',11),(2135,'Pedra do Anta',11),(2136,'Pedra do Indaiá',11),(2137,'Pedra Dourada',11),(2138,'Pedralva',11),(2139,'Pedras de Maria da Cruz',11),(2140,'Pedrinópolis',11),(2141,'Pedro Leopoldo',11),(2142,'Pedro Teixeira',11),(2143,'Pequeri',11),(2144,'Pequi',11),(2145,'Perdigão',11),(2146,'Perdizes',11),(2147,'Perdões',11),(2148,'Periquito',11),(2149,'Pescador',11),(2150,'Piau',11),(2151,'Piedade de Caratinga',11),(2152,'Piedade de Ponte Nova',11),(2153,'Piedade do Rio Grande',11),(2154,'Piedade dos Gerais',11),(2155,'Pimenta',11),(2156,'Pingo-d`Água',11),(2157,'Pintópolis',11),(2158,'Piracema',11),(2159,'Pirajuba',11),(2160,'Piranga',11),(2161,'Piranguçu',11),(2162,'Piranguinho',11),(2163,'Pirapetinga',11),(2164,'Pirapora',11),(2165,'Piraúba',11),(2166,'Pitangui',11),(2167,'Piumhi',11),(2168,'Planura',11),(2169,'Poço Fundo',11),(2170,'Poços de Caldas',11),(2171,'Pocrane',11),(2172,'Pompéu',11),(2173,'Ponte Nova',11),(2174,'Ponto Chique',11),(2175,'Ponto dos Volantes',11),(2176,'Porteirinha',11),(2177,'Porto Firme',11),(2178,'Poté',11),(2179,'Pouso Alegre',11),(2180,'Pouso Alto',11),(2181,'Prados',11),(2182,'Prata',11),(2183,'Pratápolis',11),(2184,'Pratinha',11),(2185,'Presidente Bernardes',11),(2186,'Presidente Juscelino',11),(2187,'Presidente Kubitschek',11),(2188,'Presidente Olegário',11),(2189,'Prudente de Morais',11),(2190,'Quartel Geral',11),(2191,'Queluzito',11),(2192,'Raposos',11),(2193,'Raul Soares',11),(2194,'Recreio',11),(2195,'Reduto',11),(2196,'Resende Costa',11),(2197,'Resplendor',11),(2198,'Ressaquinha',11),(2199,'Riachinho',11),(2200,'Riacho dos Machados',11),(2201,'Ribeirão das Neves',11),(2202,'Ribeirão Vermelho',11),(2203,'Rio Acima',11),(2204,'Rio Casca',11),(2205,'Rio do Prado',11),(2206,'Rio Doce',11),(2207,'Rio Espera',11),(2208,'Rio Manso',11),(2209,'Rio Novo',11),(2210,'Rio Paranaíba',11),(2211,'Rio Pardo de Minas',11),(2212,'Rio Piracicaba',11),(2213,'Rio Pomba',11),(2214,'Rio Preto',11),(2215,'Rio Vermelho',11),(2216,'Ritápolis',11),(2217,'Rochedo de Minas',11),(2218,'Rodeiro',11),(2219,'Romaria',11),(2220,'Rosário da Limeira',11),(2221,'Rubelita',11),(2222,'Rubim',11),(2223,'Sabará',11),(2224,'Sabinópolis',11),(2225,'Sacramento',11),(2226,'Salinas',11),(2227,'Salto da Divisa',11),(2228,'Santa Bárbara',11),(2229,'Santa Bárbara do Leste',11),(2230,'Santa Bárbara do Monte Verde',11),(2231,'Santa Bárbara do Tugúrio',11),(2232,'Santa Cruz de Minas',11),(2233,'Santa Cruz de Salinas',11),(2234,'Santa Cruz do Escalvado',11),(2235,'Santa Efigênia de Minas',11),(2236,'Santa Fé de Minas',11),(2237,'Santa Helena de Minas',11),(2238,'Santa Juliana',11),(2239,'Santa Luzia',11),(2240,'Santa Margarida',11),(2241,'Santa Maria de Itabira',11),(2242,'Santa Maria do Salto',11),(2243,'Santa Maria do Suaçuí',11),(2244,'Santa Rita de Caldas',11),(2245,'Santa Rita de Ibitipoca',11),(2246,'Santa Rita de Jacutinga',11),(2247,'Santa Rita de Minas',11),(2248,'Santa Rita do Itueto',11),(2249,'Santa Rita do Sapucaí',11),(2250,'Santa Rosa da Serra',11),(2251,'Santa Vitória',11),(2252,'Santana da Vargem',11),(2253,'Santana de Cataguases',11),(2254,'Santana de Pirapama',11),(2255,'Santana do Deserto',11),(2256,'Santana do Garambéu',11),(2257,'Santana do Jacaré',11),(2258,'Santana do Manhuaçu',11),(2259,'Santana do Paraíso',11),(2260,'Santana do Riacho',11),(2261,'Santana dos Montes',11),(2262,'Santo Antônio do Amparo',11),(2263,'Santo Antônio do Aventureiro',11),(2264,'Santo Antônio do Grama',11),(2265,'Santo Antônio do Itambé',11),(2266,'Santo Antônio do Jacinto',11),(2267,'Santo Antônio do Monte',11),(2268,'Santo Antônio do Retiro',11),(2269,'Santo Antônio do Rio Abaixo',11),(2270,'Santo Hipólito',11),(2271,'Santos Dumont',11),(2272,'São Bento Abade',11),(2273,'São Brás do Suaçuí',11),(2274,'São Domingos das Dores',11),(2275,'São Domingos do Prata',11),(2276,'São Félix de Minas',11),(2277,'São Francisco',11),(2278,'São Francisco de Paula',11),(2279,'São Francisco de Sales',11),(2280,'São Francisco do Glória',11),(2281,'São Geraldo',11),(2282,'São Geraldo da Piedade',11),(2283,'São Geraldo do Baixio',11),(2284,'São Gonçalo do Abaeté',11),(2285,'São Gonçalo do Pará',11),(2286,'São Gonçalo do Rio Abaixo',11),(2287,'São Gonçalo do Rio Preto',11),(2288,'São Gonçalo do Sapucaí',11),(2289,'São Gotardo',11),(2290,'São João Batista do Glória',11),(2291,'São João da Lagoa',11),(2292,'São João da Mata',11),(2293,'São João da Ponte',11),(2294,'São João das Missões',11),(2295,'São João del Rei',11),(2296,'São João do Manhuaçu',11),(2297,'São João do Manteninha',11),(2298,'São João do Oriente',11),(2299,'São João do Pacuí',11),(2300,'São João do Paraíso',11),(2301,'São João Evangelista',11),(2302,'São João Nepomuceno',11),(2303,'São Joaquim de Bicas',11),(2304,'São José da Barra',11),(2305,'São José da Lapa',11),(2306,'São José da Safira',11),(2307,'São José da Varginha',11),(2308,'São José do Alegre',11),(2309,'São José do Divino',11),(2310,'São José do Goiabal',11),(2311,'São José do Jacuri',11),(2312,'São José do Mantimento',11),(2313,'São Lourenço',11),(2314,'São Miguel do Anta',11),(2315,'São Pedro da União',11),(2316,'São Pedro do Suaçuí',11),(2317,'São Pedro dos Ferros',11),(2318,'São Romão',11),(2319,'São Roque de Minas',11),(2320,'São Sebastião da Bela Vista',11),(2321,'São Sebastião da Vargem Alegre',11),(2322,'São Sebastião do Anta',11),(2323,'São Sebastião do Maranhão',11),(2324,'São Sebastião do Oeste',11),(2325,'São Sebastião do Paraíso',11),(2326,'São Sebastião do Rio Preto',11),(2327,'São Sebastião do Rio Verde',11),(2328,'São Thomé das Letras',11),(2329,'São Tiago',11),(2330,'São Tomás de Aquino',11),(2331,'São Vicente de Minas',11),(2332,'Sapucaí-Mirim',11),(2333,'Sardoá',11),(2334,'Sarzedo',11),(2335,'Sem-Peixe',11),(2336,'Senador Amaral',11),(2337,'Senador Cortes',11),(2338,'Senador Firmino',11),(2339,'Senador José Bento',11),(2340,'Senador Modestino Gonçalves',11),(2341,'Senhora de Oliveira',11),(2342,'Senhora do Porto',11),(2343,'Senhora dos Remédios',11),(2344,'Sericita',11),(2345,'Seritinga',11),(2346,'Serra Azul de Minas',11),(2347,'Serra da Saudade',11),(2348,'Serra do Salitre',11),(2349,'Serra dos Aimorés',11),(2350,'Serrania',11),(2351,'Serranópolis de Minas',11),(2352,'Serranos',11),(2353,'Serro',11),(2354,'Sete Lagoas',11),(2355,'Setubinha',11),(2356,'Silveirânia',11),(2357,'Silvianópolis',11),(2358,'Simão Pereira',11),(2359,'Simonésia',11),(2360,'Sobrália',11),(2361,'Soledade de Minas',11),(2362,'Tabuleiro',11),(2363,'Taiobeiras',11),(2364,'Taparuba',11),(2365,'Tapira',11),(2366,'Tapiraí',11),(2367,'Taquaraçu de Minas',11),(2368,'Tarumirim',11),(2369,'Teixeiras',11),(2370,'Teófilo Otoni',11),(2371,'Timóteo',11),(2372,'Tiradentes',11),(2373,'Tiros',11),(2374,'Tocantins',11),(2375,'Tocos do Moji',11),(2376,'Toledo',11),(2377,'Tombos',11),(2378,'Três Corações',11),(2379,'Três Marias',11),(2380,'Três Pontas',11),(2381,'Tumiritinga',11),(2382,'Tupaciguara',11),(2383,'Turmalina',11),(2384,'Turvolândia',11),(2385,'Ubá',11),(2386,'Ubaí',11),(2387,'Ubaporanga',11),(2388,'Uberaba',11),(2389,'Uberlândia',11),(2390,'Umburatiba',11),(2391,'Unaí',11),(2392,'União de Minas',11),(2393,'Uruana de Minas',11),(2394,'Urucânia',11),(2395,'Urucuia',11),(2396,'Vargem Alegre',11),(2397,'Vargem Bonita',11),(2398,'Vargem Grande do Rio Pardo',11),(2399,'Varginha',11),(2400,'Varjão de Minas',11),(2401,'Várzea da Palma',11),(2402,'Varzelândia',11),(2403,'Vazante',11),(2404,'Verdelândia',11),(2405,'Veredinha',11),(2406,'Veríssimo',11),(2407,'Vermelho Novo',11),(2408,'Vespasiano',11),(2409,'Viçosa',11),(2410,'Vieiras',11),(2411,'Virgem da Lapa',11),(2412,'Virgínia',11),(2413,'Virginópolis',11),(2414,'Virgolândia',11),(2415,'Visconde do Rio Branco',11),(2416,'Volta Grande',11),(2417,'Wenceslau Braz',11),(2418,'Abaetetuba',14),(2419,'Abel Figueiredo',14),(2420,'Acará',14),(2421,'Afuá',14),(2422,'Água Azul do Norte',14),(2423,'Alenquer',14),(2424,'Almeirim',14),(2425,'Altamira',14),(2426,'Anajás',14),(2427,'Ananindeua',14),(2428,'Anapu',14),(2429,'Augusto Corrêa',14),(2430,'Aurora do Pará',14),(2431,'Aveiro',14),(2432,'Bagre',14),(2433,'Baião',14),(2434,'Bannach',14),(2435,'Barcarena',14),(2436,'Belém',14),(2437,'Belterra',14),(2438,'Benevides',14),(2439,'Bom Jesus do Tocantins',14),(2440,'Bonito',14),(2441,'Bragança',14),(2442,'Brasil Novo',14),(2443,'Brejo Grande do Araguaia',14),(2444,'Breu Branco',14),(2445,'Breves',14),(2446,'Bujaru',14),(2447,'Cachoeira do Arari',14),(2448,'Cachoeira do Piriá',14),(2449,'Cametá',14),(2450,'Canaã dos Carajás',14),(2451,'Capanema',14),(2452,'Capitão Poço',14),(2453,'Castanhal',14),(2454,'Chaves',14),(2455,'Colares',14),(2456,'Conceição do Araguaia',14),(2457,'Concórdia do Pará',14),(2458,'Cumaru do Norte',14),(2459,'Curionópolis',14),(2460,'Curralinho',14),(2461,'Curuá',14),(2462,'Curuçá',14),(2463,'Dom Eliseu',14),(2464,'Eldorado dos Carajás',14),(2465,'Faro',14),(2466,'Floresta do Araguaia',14),(2467,'Garrafão do Norte',14),(2468,'Goianésia do Pará',14),(2469,'Gurupá',14),(2470,'Igarapé-Açu',14),(2471,'Igarapé-Miri',14),(2472,'Inhangapi',14),(2473,'Ipixuna do Pará',14),(2474,'Irituia',14),(2475,'Itaituba',14),(2476,'Itupiranga',14),(2477,'Jacareacanga',14),(2478,'Jacundá',14),(2479,'Juruti',14),(2480,'Limoeiro do Ajuru',14),(2481,'Mãe do Rio',14),(2482,'Magalhães Barata',14),(2483,'Marabá',14),(2484,'Maracanã',14),(2485,'Marapanim',14),(2486,'Marituba',14),(2487,'Medicilândia',14),(2488,'Melgaço',14),(2489,'Mocajuba',14),(2490,'Moju',14),(2491,'Monte Alegre',14),(2492,'Muaná',14),(2493,'Nova Esperança do Piriá',14),(2494,'Nova Ipixuna',14),(2495,'Nova Timboteua',14),(2496,'Novo Progresso',14),(2497,'Novo Repartimento',14),(2498,'Óbidos',14),(2499,'Oeiras do Pará',14),(2500,'Oriximiná',14),(2501,'Ourém',14),(2502,'Ourilândia do Norte',14),(2503,'Pacajá',14),(2504,'Palestina do Pará',14),(2505,'Paragominas',14),(2506,'Parauapebas',14),(2507,'Pau d`Arco',14),(2508,'Peixe-Boi',14),(2509,'Piçarra',14),(2510,'Placas',14),(2511,'Ponta de Pedras',14),(2512,'Portel',14),(2513,'Porto de Moz',14),(2514,'Prainha',14),(2515,'Primavera',14),(2516,'Quatipuru',14),(2517,'Redenção',14),(2518,'Rio Maria',14),(2519,'Rondon do Pará',14),(2520,'Rurópolis',14),(2521,'Salinópolis',14),(2522,'Salvaterra',14),(2523,'Santa Bárbara do Pará',14),(2524,'Santa Cruz do Arari',14),(2525,'Santa Isabel do Pará',14),(2526,'Santa Luzia do Pará',14),(2527,'Santa Maria das Barreiras',14),(2528,'Santa Maria do Pará',14),(2529,'Santana do Araguaia',14),(2530,'Santarém',14),(2531,'Santarém Novo',14),(2532,'Santo Antônio do Tauá',14),(2533,'São Caetano de Odivelas',14),(2534,'São Domingos do Araguaia',14),(2535,'São Domingos do Capim',14),(2536,'São Félix do Xingu',14),(2537,'São Francisco do Pará',14),(2538,'São Geraldo do Araguaia',14),(2539,'São João da Ponta',14),(2540,'São João de Pirabas',14),(2541,'São João do Araguaia',14),(2542,'São Miguel do Guamá',14),(2543,'São Sebastião da Boa Vista',14),(2544,'Sapucaia',14),(2545,'Senador José Porfírio',14),(2546,'Soure',14),(2547,'Tailândia',14),(2548,'Terra Alta',14),(2549,'Terra Santa',14),(2550,'Tomé-Açu',14),(2551,'Tracuateua',14),(2552,'Trairão',14),(2553,'Tucumã',14),(2554,'Tucuruí',14),(2555,'Ulianópolis',14),(2556,'Uruará',14),(2557,'Vigia',14),(2558,'Viseu',14),(2559,'Vitória do Xingu',14),(2560,'Xinguara',14),(2561,'Água Branca',15),(2562,'Aguiar',15),(2563,'Alagoa Grande',15),(2564,'Alagoa Nova',15),(2565,'Alagoinha',15),(2566,'Alcantil',15),(2567,'Algodão de Jandaíra',15),(2568,'Alhandra',15),(2569,'Amparo',15),(2570,'Aparecida',15),(2571,'Araçagi',15),(2572,'Arara',15),(2573,'Araruna',15),(2574,'Areia',15),(2575,'Areia de Baraúnas',15),(2576,'Areial',15),(2577,'Aroeiras',15),(2578,'Assunção',15),(2579,'Baía da Traição',15),(2580,'Bananeiras',15),(2581,'Baraúna',15),(2582,'Barra de Santa Rosa',15),(2583,'Barra de Santana',15),(2584,'Barra de São Miguel',15),(2585,'Bayeux',15),(2586,'Belém',15),(2587,'Belém do Brejo do Cruz',15),(2588,'Bernardino Batista',15),(2589,'Boa Ventura',15),(2590,'Boa Vista',15),(2591,'Bom Jesus',15),(2592,'Bom Sucesso',15),(2593,'Bonito de Santa Fé',15),(2594,'Boqueirão',15),(2595,'Borborema',15),(2596,'Brejo do Cruz',15),(2597,'Brejo dos Santos',15),(2598,'Caaporã',15),(2599,'Cabaceiras',15),(2600,'Cabedelo',15),(2601,'Cachoeira dos Índios',15),(2602,'Cacimba de Areia',15),(2603,'Cacimba de Dentro',15),(2604,'Cacimbas',15),(2605,'Caiçara',15),(2606,'Cajazeiras',15),(2607,'Cajazeirinhas',15),(2608,'Caldas Brandão',15),(2609,'Camalaú',15),(2610,'Campina Grande',15),(2611,'Campo de Santana',15),(2612,'Capim',15),(2613,'Caraúbas',15),(2614,'Carrapateira',15),(2615,'Casserengue',15),(2616,'Catingueira',15),(2617,'Catolé do Rocha',15),(2618,'Caturité',15),(2619,'Conceição',15),(2620,'Condado',15),(2621,'Conde',15),(2622,'Congo',15),(2623,'Coremas',15),(2624,'Coxixola',15),(2625,'Cruz do Espírito Santo',15),(2626,'Cubati',15),(2627,'Cuité',15),(2628,'Cuité de Mamanguape',15),(2629,'Cuitegi',15),(2630,'Curral de Cima',15),(2631,'Curral Velho',15),(2632,'Damião',15),(2633,'Desterro',15),(2634,'Diamante',15),(2635,'Dona Inês',15),(2636,'Duas Estradas',15),(2637,'Emas',15),(2638,'Esperança',15),(2639,'Fagundes',15),(2640,'Frei Martinho',15),(2641,'Gado Bravo',15),(2642,'Guarabira',15),(2643,'Gurinhém',15),(2644,'Gurjão',15),(2645,'Ibiara',15),(2646,'Igaracy',15),(2647,'Imaculada',15),(2648,'Ingá',15),(2649,'Itabaiana',15),(2650,'Itaporanga',15),(2651,'Itapororoca',15),(2652,'Itatuba',15),(2653,'Jacaraú',15),(2654,'Jericó',15),(2655,'João Pessoa',15),(2656,'Juarez Távora',15),(2657,'Juazeirinho',15),(2658,'Junco do Seridó',15),(2659,'Juripiranga',15),(2660,'Juru',15),(2661,'Lagoa',15),(2662,'Lagoa de Dentro',15),(2663,'Lagoa Seca',15),(2664,'Lastro',15),(2665,'Livramento',15),(2666,'Logradouro',15),(2667,'Lucena',15),(2668,'Mãe d`Água',15),(2669,'Malta',15),(2670,'Mamanguape',15),(2671,'Manaíra',15),(2672,'Marcação',15),(2673,'Mari',15),(2674,'Marizópolis',15),(2675,'Massaranduba',15),(2676,'Mataraca',15),(2677,'Matinhas',15),(2678,'Mato Grosso',15),(2679,'Maturéia',15),(2680,'Mogeiro',15),(2681,'Montadas',15),(2682,'Monte Horebe',15),(2683,'Monteiro',15),(2684,'Mulungu',15),(2685,'Natuba',15),(2686,'Nazarezinho',15),(2687,'Nova Floresta',15),(2688,'Nova Olinda',15),(2689,'Nova Palmeira',15),(2690,'Olho d`Água',15),(2691,'Olivedos',15),(2692,'Ouro Velho',15),(2693,'Parari',15),(2694,'Passagem',15),(2695,'Patos',15),(2696,'Paulista',15),(2697,'Pedra Branca',15),(2698,'Pedra Lavrada',15),(2699,'Pedras de Fogo',15),(2700,'Pedro Régis',15),(2701,'Piancó',15),(2702,'Picuí',15),(2703,'Pilar',15),(2704,'Pilões',15),(2705,'Pilõezinhos',15),(2706,'Pirpirituba',15),(2707,'Pitimbu',15),(2708,'Pocinhos',15),(2709,'Poço Dantas',15),(2710,'Poço de José de Moura',15),(2711,'Pombal',15),(2712,'Prata',15),(2713,'Princesa Isabel',15),(2714,'Puxinanã',15),(2715,'Queimadas',15),(2716,'Quixabá',15),(2717,'Remígio',15),(2718,'Riachão',15),(2719,'Riachão do Bacamarte',15),(2720,'Riachão do Poço',15),(2721,'Riacho de Santo Antônio',15),(2722,'Riacho dos Cavalos',15),(2723,'Rio Tinto',15),(2724,'Salgadinho',15),(2725,'Salgado de São Félix',15),(2726,'Santa Cecília',15),(2727,'Santa Cruz',15),(2728,'Santa Helena',15),(2729,'Santa Inês',15),(2730,'Santa Luzia',15),(2731,'Santa Rita',15),(2732,'Santa Teresinha',15),(2733,'Santana de Mangueira',15),(2734,'Santana dos Garrotes',15),(2735,'Santarém',15),(2736,'Santo André',15),(2737,'São Bentinho',15),(2738,'São Bento',15),(2739,'São Domingos de Pombal',15),(2740,'São Domingos do Cariri',15),(2741,'São Francisco',15),(2742,'São João do Cariri',15),(2743,'São João do Rio do Peixe',15),(2744,'São João do Tigre',15),(2745,'São José da Lagoa Tapada',15),(2746,'São José de Caiana',15),(2747,'São José de Espinharas',15),(2748,'São José de Piranhas',15),(2749,'São José de Princesa',15),(2750,'São José do Bonfim',15),(2751,'São José do Brejo do Cruz',15),(2752,'São José do Sabugi',15),(2753,'São José dos Cordeiros',15),(2754,'São José dos Ramos',15),(2755,'São Mamede',15),(2756,'São Miguel de Taipu',15),(2757,'São Sebastião de Lagoa de Roça',15),(2758,'São Sebastião do Umbuzeiro',15),(2759,'Sapé',15),(2760,'Seridó',15),(2761,'Serra Branca',15),(2762,'Serra da Raiz',15),(2763,'Serra Grande',15),(2764,'Serra Redonda',15),(2765,'Serraria',15),(2766,'Sertãozinho',15),(2767,'Sobrado',15),(2768,'Solânea',15),(2769,'Soledade',15),(2770,'Sossêgo',15),(2771,'Sousa',15),(2772,'Sumé',15),(2773,'Taperoá',15),(2774,'Tavares',15),(2775,'Teixeira',15),(2776,'Tenório',15),(2777,'Triunfo',15),(2778,'Uiraúna',15),(2779,'Umbuzeiro',15),(2780,'Várzea',15),(2781,'Vieirópolis',15),(2782,'Vista Serrana',15),(2783,'Zabelê',15),(2784,'Abatiá',18),(2785,'Adrianópolis',18),(2786,'Agudos do Sul',18),(2787,'Almirante Tamandaré',18),(2788,'Altamira do Paraná',18),(2789,'Alto Paraíso',18),(2790,'Alto Paraná',18),(2791,'Alto Piquiri',18),(2792,'Altônia',18),(2793,'Alvorada do Sul',18),(2794,'Amaporã',18),(2795,'Ampére',18),(2796,'Anahy',18),(2797,'Andirá',18),(2798,'Ângulo',18),(2799,'Antonina',18),(2800,'Antônio Olinto',18),(2801,'Apucarana',18),(2802,'Arapongas',18),(2803,'Arapoti',18),(2804,'Arapuã',18),(2805,'Araruna',18),(2806,'Araucária',18),(2807,'Ariranha do Ivaí',18),(2808,'Assaí',18),(2809,'Assis Chateaubriand',18),(2810,'Astorga',18),(2811,'Atalaia',18),(2812,'Balsa Nova',18),(2813,'Bandeirantes',18),(2814,'Barbosa Ferraz',18),(2815,'Barra do Jacaré',18),(2816,'Barracão',18),(2817,'Bela Vista da Caroba',18),(2818,'Bela Vista do Paraíso',18),(2819,'Bituruna',18),(2820,'Boa Esperança',18),(2821,'Boa Esperança do Iguaçu',18),(2822,'Boa Ventura de São Roque',18),(2823,'Boa Vista da Aparecida',18),(2824,'Bocaiúva do Sul',18),(2825,'Bom Jesus do Sul',18),(2826,'Bom Sucesso',18),(2827,'Bom Sucesso do Sul',18),(2828,'Borrazópolis',18),(2829,'Braganey',18),(2830,'Brasilândia do Sul',18),(2831,'Cafeara',18),(2832,'Cafelândia',18),(2833,'Cafezal do Sul',18),(2834,'Califórnia',18),(2835,'Cambará',18),(2836,'Cambé',18),(2837,'Cambira',18),(2838,'Campina da Lagoa',18),(2839,'Campina do Simão',18),(2840,'Campina Grande do Sul',18),(2841,'Campo Bonito',18),(2842,'Campo do Tenente',18),(2843,'Campo Largo',18),(2844,'Campo Magro',18),(2845,'Campo Mourão',18),(2846,'Cândido de Abreu',18),(2847,'Candói',18),(2848,'Cantagalo',18),(2849,'Capanema',18),(2850,'Capitão Leônidas Marques',18),(2851,'Carambeí',18),(2852,'Carlópolis',18),(2853,'Cascavel',18),(2854,'Castro',18),(2855,'Catanduvas',18),(2856,'Centenário do Sul',18),(2857,'Cerro Azul',18),(2858,'Céu Azul',18),(2859,'Chopinzinho',18),(2860,'Cianorte',18),(2861,'Cidade Gaúcha',18),(2862,'Clevelândia',18),(2863,'Colombo',18),(2864,'Colorado',18),(2865,'Congonhinhas',18),(2866,'Conselheiro Mairinck',18),(2867,'Contenda',18),(2868,'Corbélia',18),(2869,'Cornélio Procópio',18),(2870,'Coronel Domingos Soares',18),(2871,'Coronel Vivida',18),(2872,'Corumbataí do Sul',18),(2873,'Cruz Machado',18),(2874,'Cruzeiro do Iguaçu',18),(2875,'Cruzeiro do Oeste',18),(2876,'Cruzeiro do Sul',18),(2877,'Cruzmaltina',18),(2878,'Curitiba',18),(2879,'Curiúva',18),(2880,'Diamante d`Oeste',18),(2881,'Diamante do Norte',18),(2882,'Diamante do Sul',18),(2883,'Dois Vizinhos',18),(2884,'Douradina',18),(2885,'Doutor Camargo',18),(2886,'Doutor Ulysses',18),(2887,'Enéas Marques',18),(2888,'Engenheiro Beltrão',18),(2889,'Entre Rios do Oeste',18),(2890,'Esperança Nova',18),(2891,'Espigão Alto do Iguaçu',18),(2892,'Farol',18),(2893,'Faxinal',18),(2894,'Fazenda Rio Grande',18),(2895,'Fênix',18),(2896,'Fernandes Pinheiro',18),(2897,'Figueira',18),(2898,'Flor da Serra do Sul',18),(2899,'Floraí',18),(2900,'Floresta',18),(2901,'Florestópolis',18),(2902,'Flórida',18),(2903,'Formosa do Oeste',18),(2904,'Foz do Iguaçu',18),(2905,'Foz do Jordão',18),(2906,'Francisco Alves',18),(2907,'Francisco Beltrão',18),(2908,'General Carneiro',18),(2909,'Godoy Moreira',18),(2910,'Goioerê',18),(2911,'Goioxim',18),(2912,'Grandes Rios',18),(2913,'Guaíra',18),(2914,'Guairaçá',18),(2915,'Guamiranga',18),(2916,'Guapirama',18),(2917,'Guaporema',18),(2918,'Guaraci',18),(2919,'Guaraniaçu',18),(2920,'Guarapuava',18),(2921,'Guaraqueçaba',18),(2922,'Guaratuba',18),(2923,'Honório Serpa',18),(2924,'Ibaiti',18),(2925,'Ibema',18),(2926,'Ibiporã',18),(2927,'Icaraíma',18),(2928,'Iguaraçu',18),(2929,'Iguatu',18),(2930,'Imbaú',18),(2931,'Imbituva',18),(2932,'Inácio Martins',18),(2933,'Inajá',18),(2934,'Indianópolis',18),(2935,'Ipiranga',18),(2936,'Iporã',18),(2937,'Iracema do Oeste',18),(2938,'Irati',18),(2939,'Iretama',18),(2940,'Itaguajé',18),(2941,'Itaipulândia',18),(2942,'Itambaracá',18),(2943,'Itambé',18),(2944,'Itapejara d`Oeste',18),(2945,'Itaperuçu',18),(2946,'Itaúna do Sul',18),(2947,'Ivaí',18),(2948,'Ivaiporã',18),(2949,'Ivaté',18),(2950,'Ivatuba',18),(2951,'Jaboti',18),(2952,'Jacarezinho',18),(2953,'Jaguapitã',18),(2954,'Jaguariaíva',18),(2955,'Jandaia do Sul',18),(2956,'Janiópolis',18),(2957,'Japira',18),(2958,'Japurá',18),(2959,'Jardim Alegre',18),(2960,'Jardim Olinda',18),(2961,'Jataizinho',18),(2962,'Jesuítas',18),(2963,'Joaquim Távora',18),(2964,'Jundiaí do Sul',18),(2965,'Juranda',18),(2966,'Jussara',18),(2967,'Kaloré',18),(2968,'Lapa',18),(2969,'Laranjal',18),(2970,'Laranjeiras do Sul',18),(2971,'Leópolis',18),(2972,'Lidianópolis',18),(2973,'Lindoeste',18),(2974,'Loanda',18),(2975,'Lobato',18),(2976,'Londrina',18),(2977,'Luiziana',18),(2978,'Lunardelli',18),(2979,'Lupionópolis',18),(2980,'Mallet',18),(2981,'Mamborê',18),(2982,'Mandaguaçu',18),(2983,'Mandaguari',18),(2984,'Mandirituba',18),(2985,'Manfrinópolis',18),(2986,'Mangueirinha',18),(2987,'Manoel Ribas',18),(2988,'Marechal Cândido Rondon',18),(2989,'Maria Helena',18),(2990,'Marialva',18),(2991,'Marilândia do Sul',18),(2992,'Marilena',18),(2993,'Mariluz',18),(2994,'Maringá',18),(2995,'Mariópolis',18),(2996,'Maripá',18),(2997,'Marmeleiro',18),(2998,'Marquinho',18),(2999,'Marumbi',18),(3000,'Matelândia',18),(3001,'Matinhos',18),(3002,'Mato Rico',18),(3003,'Mauá da Serra',18),(3004,'Medianeira',18),(3005,'Mercedes',18),(3006,'Mirador',18),(3007,'Miraselva',18),(3008,'Missal',18),(3009,'Moreira Sales',18),(3010,'Morretes',18),(3011,'Munhoz de Melo',18),(3012,'Nossa Senhora das Graças',18),(3013,'Nova Aliança do Ivaí',18),(3014,'Nova América da Colina',18),(3015,'Nova Aurora',18),(3016,'Nova Cantu',18),(3017,'Nova Esperança',18),(3018,'Nova Esperança do Sudoeste',18),(3019,'Nova Fátima',18),(3020,'Nova Laranjeiras',18),(3021,'Nova Londrina',18),(3022,'Nova Olímpia',18),(3023,'Nova Prata do Iguaçu',18),(3024,'Nova Santa Bárbara',18),(3025,'Nova Santa Rosa',18),(3026,'Nova Tebas',18),(3027,'Novo Itacolomi',18),(3028,'Ortigueira',18),(3029,'Ourizona',18),(3030,'Ouro Verde do Oeste',18),(3031,'Paiçandu',18),(3032,'Palmas',18),(3033,'Palmeira',18),(3034,'Palmital',18),(3035,'Palotina',18),(3036,'Paraíso do Norte',18),(3037,'Paranacity',18),(3038,'Paranaguá',18),(3039,'Paranapoema',18),(3040,'Paranavaí',18),(3041,'Pato Bragado',18),(3042,'Pato Branco',18),(3043,'Paula Freitas',18),(3044,'Paulo Frontin',18),(3045,'Peabiru',18),(3046,'Perobal',18),(3047,'Pérola',18),(3048,'Pérola d`Oeste',18),(3049,'Piên',18),(3050,'Pinhais',18),(3051,'Pinhal de São Bento',18),(3052,'Pinhalão',18),(3053,'Pinhão',18),(3054,'Piraí do Sul',18),(3055,'Piraquara',18),(3056,'Pitanga',18),(3057,'Pitangueiras',18),(3058,'Planaltina do Paraná',18),(3059,'Planalto',18),(3060,'Ponta Grossa',18),(3061,'Pontal do Paraná',18),(3062,'Porecatu',18),(3063,'Porto Amazonas',18),(3064,'Porto Barreiro',18),(3065,'Porto Rico',18),(3066,'Porto Vitória',18),(3067,'Prado Ferreira',18),(3068,'Pranchita',18),(3069,'Presidente Castelo Branco',18),(3070,'Primeiro de Maio',18),(3071,'Prudentópolis',18),(3072,'Quarto Centenário',18),(3073,'Quatiguá',18),(3074,'Quatro Barras',18),(3075,'Quatro Pontes',18),(3076,'Quedas do Iguaçu',18),(3077,'Querência do Norte',18),(3078,'Quinta do Sol',18),(3079,'Quitandinha',18),(3080,'Ramilândia',18),(3081,'Rancho Alegre',18),(3082,'Rancho Alegre d`Oeste',18),(3083,'Realeza',18),(3084,'Rebouças',18),(3085,'Renascença',18),(3086,'Reserva',18),(3087,'Reserva do Iguaçu',18),(3088,'Ribeirão Claro',18),(3089,'Ribeirão do Pinhal',18),(3090,'Rio Azul',18),(3091,'Rio Bom',18),(3092,'Rio Bonito do Iguaçu',18),(3093,'Rio Branco do Ivaí',18),(3094,'Rio Branco do Sul',18),(3095,'Rio Negro',18),(3096,'Rolândia',18),(3097,'Roncador',18),(3098,'Rondon',18),(3099,'Rosário do Ivaí',18),(3100,'Sabáudia',18),(3101,'Salgado Filho',18),(3102,'Salto do Itararé',18),(3103,'Salto do Lontra',18),(3104,'Santa Amélia',18),(3105,'Santa Cecília do Pavão',18),(3106,'Santa Cruz de Monte Castelo',18),(3107,'Santa Fé',18),(3108,'Santa Helena',18),(3109,'Santa Inês',18),(3110,'Santa Isabel do Ivaí',18),(3111,'Santa Izabel do Oeste',18),(3112,'Santa Lúcia',18),(3113,'Santa Maria do Oeste',18),(3114,'Santa Mariana',18),(3115,'Santa Mônica',18),(3116,'Santa Tereza do Oeste',18),(3117,'Santa Terezinha de Itaipu',18),(3118,'Santana do Itararé',18),(3119,'Santo Antônio da Platina',18),(3120,'Santo Antônio do Caiuá',18),(3121,'Santo Antônio do Paraíso',18),(3122,'Santo Antônio do Sudoeste',18),(3123,'Santo Inácio',18),(3124,'São Carlos do Ivaí',18),(3125,'São Jerônimo da Serra',18),(3126,'São João',18),(3127,'São João do Caiuá',18),(3128,'São João do Ivaí',18),(3129,'São João do Triunfo',18),(3130,'São Jorge d`Oeste',18),(3131,'São Jorge do Ivaí',18),(3132,'São Jorge do Patrocínio',18),(3133,'São José da Boa Vista',18),(3134,'São José das Palmeiras',18),(3135,'São José dos Pinhais',18),(3136,'São Manoel do Paraná',18),(3137,'São Mateus do Sul',18),(3138,'São Miguel do Iguaçu',18),(3139,'São Pedro do Iguaçu',18),(3140,'São Pedro do Ivaí',18),(3141,'São Pedro do Paraná',18),(3142,'São Sebastião da Amoreira',18),(3143,'São Tomé',18),(3144,'Sapopema',18),(3145,'Sarandi',18),(3146,'Saudade do Iguaçu',18),(3147,'Sengés',18),(3148,'Serranópolis do Iguaçu',18),(3149,'Sertaneja',18),(3150,'Sertanópolis',18),(3151,'Siqueira Campos',18),(3152,'Sulina',18),(3153,'Tamarana',18),(3154,'Tamboara',18),(3155,'Tapejara',18),(3156,'Tapira',18),(3157,'Teixeira Soares',18),(3158,'Telêmaco Borba',18),(3159,'Terra Boa',18),(3160,'Terra Rica',18),(3161,'Terra Roxa',18),(3162,'Tibagi',18),(3163,'Tijucas do Sul',18),(3164,'Toledo',18),(3165,'Tomazina',18),(3166,'Três Barras do Paraná',18),(3167,'Tunas do Paraná',18),(3168,'Tuneiras do Oeste',18),(3169,'Tupãssi',18),(3170,'Turvo',18),(3171,'Ubiratã',18),(3172,'Umuarama',18),(3173,'União da Vitória',18),(3174,'Uniflor',18),(3175,'Uraí',18),(3176,'Ventania',18),(3177,'Vera Cruz do Oeste',18),(3178,'Verê',18),(3179,'Virmond',18),(3180,'Vitorino',18),(3181,'Wenceslau Braz',18),(3182,'Xambrê',18),(3183,'Abreu e Lima',16),(3184,'Afogados da Ingazeira',16),(3185,'Afrânio',16),(3186,'Agrestina',16),(3187,'Água Preta',16),(3188,'Águas Belas',16),(3189,'Alagoinha',16),(3190,'Aliança',16),(3191,'Altinho',16),(3192,'Amaraji',16),(3193,'Angelim',16),(3194,'Araçoiaba',16),(3195,'Araripina',16),(3196,'Arcoverde',16),(3197,'Barra de Guabiraba',16),(3198,'Barreiros',16),(3199,'Belém de Maria',16),(3200,'Belém de São Francisco',16),(3201,'Belo Jardim',16),(3202,'Betânia',16),(3203,'Bezerros',16),(3204,'Bodocó',16),(3205,'Bom Conselho',16),(3206,'Bom Jardim',16),(3207,'Bonito',16),(3208,'Brejão',16),(3209,'Brejinho',16),(3210,'Brejo da Madre de Deus',16),(3211,'Buenos Aires',16),(3212,'Buíque',16),(3213,'Cabo de Santo Agostinho',16),(3214,'Cabrobó',16),(3215,'Cachoeirinha',16),(3216,'Caetés',16),(3217,'Calçado',16),(3218,'Calumbi',16),(3219,'Camaragibe',16),(3220,'Camocim de São Félix',16),(3221,'Camutanga',16),(3222,'Canhotinho',16),(3223,'Capoeiras',16),(3224,'Carnaíba',16),(3225,'Carnaubeira da Penha',16),(3226,'Carpina',16),(3227,'Caruaru',16),(3228,'Casinhas',16),(3229,'Catende',16),(3230,'Cedro',16),(3231,'Chã de Alegria',16),(3232,'Chã Grande',16),(3233,'Condado',16),(3234,'Correntes',16),(3235,'Cortês',16),(3236,'Cumaru',16),(3237,'Cupira',16),(3238,'Custódia',16),(3239,'Dormentes',16),(3240,'Escada',16),(3241,'Exu',16),(3242,'Feira Nova',16),(3243,'Fernando de Noronha',16),(3244,'Ferreiros',16),(3245,'Flores',16),(3246,'Floresta',16),(3247,'Frei Miguelinho',16),(3248,'Gameleira',16),(3249,'Garanhuns',16),(3250,'Glória do Goitá',16),(3251,'Goiana',16),(3252,'Granito',16),(3253,'Gravatá',16),(3254,'Iati',16),(3255,'Ibimirim',16),(3256,'Ibirajuba',16),(3257,'Igarassu',16),(3258,'Iguaraci',16),(3259,'Ilha de Itamaracá',16),(3260,'Inajá',16),(3261,'Ingazeira',16),(3262,'Ipojuca',16),(3263,'Ipubi',16),(3264,'Itacuruba',16),(3265,'Itaíba',16),(3266,'Itambé',16),(3267,'Itapetim',16),(3268,'Itapissuma',16),(3269,'Itaquitinga',16),(3270,'Jaboatão dos Guararapes',16),(3271,'Jaqueira',16),(3272,'Jataúba',16),(3273,'Jatobá',16),(3274,'João Alfredo',16),(3275,'Joaquim Nabuco',16),(3276,'Jucati',16),(3277,'Jupi',16),(3278,'Jurema',16),(3279,'Lagoa do Carro',16),(3280,'Lagoa do Itaenga',16),(3281,'Lagoa do Ouro',16),(3282,'Lagoa dos Gatos',16),(3283,'Lagoa Grande',16),(3284,'Lajedo',16),(3285,'Limoeiro',16),(3286,'Macaparana',16),(3287,'Machados',16),(3288,'Manari',16),(3289,'Maraial',16),(3290,'Mirandiba',16),(3291,'Moreilândia',16),(3292,'Moreno',16),(3293,'Nazaré da Mata',16),(3294,'Olinda',16),(3295,'Orobó',16),(3296,'Orocó',16),(3297,'Ouricuri',16),(3298,'Palmares',16),(3299,'Palmeirina',16),(3300,'Panelas',16),(3301,'Paranatama',16),(3302,'Parnamirim',16),(3303,'Passira',16),(3304,'Paudalho',16),(3305,'Paulista',16),(3306,'Pedra',16),(3307,'Pesqueira',16),(3308,'Petrolândia',16),(3309,'Petrolina',16),(3310,'Poção',16),(3311,'Pombos',16),(3312,'Primavera',16),(3313,'Quipapá',16),(3314,'Quixaba',16),(3315,'Recife',16),(3316,'Riacho das Almas',16),(3317,'Ribeirão',16),(3318,'Rio Formoso',16),(3319,'Sairé',16),(3320,'Salgadinho',16),(3321,'Salgueiro',16),(3322,'Saloá',16),(3323,'Sanharó',16),(3324,'Santa Cruz',16),(3325,'Santa Cruz da Baixa Verde',16),(3326,'Santa Cruz do Capibaribe',16),(3327,'Santa Filomena',16),(3328,'Santa Maria da Boa Vista',16),(3329,'Santa Maria do Cambucá',16),(3330,'Santa Terezinha',16),(3331,'São Benedito do Sul',16),(3332,'São Bento do Una',16),(3333,'São Caitano',16),(3334,'São João',16),(3335,'São Joaquim do Monte',16),(3336,'São José da Coroa Grande',16),(3337,'São José do Belmonte',16),(3338,'São José do Egito',16),(3339,'São Lourenço da Mata',16),(3340,'São Vicente Ferrer',16),(3341,'Serra Talhada',16),(3342,'Serrita',16),(3343,'Sertânia',16),(3344,'Sirinhaém',16),(3345,'Solidão',16),(3346,'Surubim',16),(3347,'Tabira',16),(3348,'Tacaimbó',16),(3349,'Tacaratu',16),(3350,'Tamandaré',16),(3351,'Taquaritinga do Norte',16),(3352,'Terezinha',16),(3353,'Terra Nova',16),(3354,'Timbaúba',16),(3355,'Toritama',16),(3356,'Tracunhaém',16),(3357,'Trindade',16),(3358,'Triunfo',16),(3359,'Tupanatinga',16),(3360,'Tuparetama',16),(3361,'Venturosa',16),(3362,'Verdejante',16),(3363,'Vertente do Lério',16),(3364,'Vertentes',16),(3365,'Vicência',16),(3366,'Vitória de Santo Antão',16),(3367,'Xexéu',16),(3368,'Acauã',17),(3369,'Agricolândia',17),(3370,'Água Branca',17),(3371,'Alagoinha do Piauí',17),(3372,'Alegrete do Piauí',17),(3373,'Alto Longá',17),(3374,'Altos',17),(3375,'Alvorada do Gurguéia',17),(3376,'Amarante',17),(3377,'Angical do Piauí',17),(3378,'Anísio de Abreu',17),(3379,'Antônio Almeida',17),(3380,'Aroazes',17),(3381,'Aroeiras do Itaim',17),(3382,'Arraial',17),(3383,'Assunção do Piauí',17),(3384,'Avelino Lopes',17),(3385,'Baixa Grande do Ribeiro',17),(3386,'Barra d`Alcântara',17),(3387,'Barras',17),(3388,'Barreiras do Piauí',17),(3389,'Barro Duro',17),(3390,'Batalha',17),(3391,'Bela Vista do Piauí',17),(3392,'Belém do Piauí',17),(3393,'Beneditinos',17),(3394,'Bertolínia',17),(3395,'Betânia do Piauí',17),(3396,'Boa Hora',17),(3397,'Bocaina',17),(3398,'Bom Jesus',17),(3399,'Bom Princípio do Piauí',17),(3400,'Bonfim do Piauí',17),(3401,'Boqueirão do Piauí',17),(3402,'Brasileira',17),(3403,'Brejo do Piauí',17),(3404,'Buriti dos Lopes',17),(3405,'Buriti dos Montes',17),(3406,'Cabeceiras do Piauí',17),(3407,'Cajazeiras do Piauí',17),(3408,'Cajueiro da Praia',17),(3409,'Caldeirão Grande do Piauí',17),(3410,'Campinas do Piauí',17),(3411,'Campo Alegre do Fidalgo',17),(3412,'Campo Grande do Piauí',17),(3413,'Campo Largo do Piauí',17),(3414,'Campo Maior',17),(3415,'Canavieira',17),(3416,'Canto do Buriti',17),(3417,'Capitão de Campos',17),(3418,'Capitão Gervásio Oliveira',17),(3419,'Caracol',17),(3420,'Caraúbas do Piauí',17),(3421,'Caridade do Piauí',17),(3422,'Castelo do Piauí',17),(3423,'Caxingó',17),(3424,'Cocal',17),(3425,'Cocal de Telha',17),(3426,'Cocal dos Alves',17),(3427,'Coivaras',17),(3428,'Colônia do Gurguéia',17),(3429,'Colônia do Piauí',17),(3430,'Conceição do Canindé',17),(3431,'Coronel José Dias',17),(3432,'Corrente',17),(3433,'Cristalândia do Piauí',17),(3434,'Cristino Castro',17),(3435,'Curimatá',17),(3436,'Currais',17),(3437,'Curral Novo do Piauí',17),(3438,'Curralinhos',17),(3439,'Demerval Lobão',17),(3440,'Dirceu Arcoverde',17),(3441,'Dom Expedito Lopes',17),(3442,'Dom Inocêncio',17),(3443,'Domingos Mourão',17),(3444,'Elesbão Veloso',17),(3445,'Eliseu Martins',17),(3446,'Esperantina',17),(3447,'Fartura do Piauí',17),(3448,'Flores do Piauí',17),(3449,'Floresta do Piauí',17),(3450,'Floriano',17),(3451,'Francinópolis',17),(3452,'Francisco Ayres',17),(3453,'Francisco Macedo',17),(3454,'Francisco Santos',17),(3455,'Fronteiras',17),(3456,'Geminiano',17),(3457,'Gilbués',17),(3458,'Guadalupe',17),(3459,'Guaribas',17),(3460,'Hugo Napoleão',17),(3461,'Ilha Grande',17),(3462,'Inhuma',17),(3463,'Ipiranga do Piauí',17),(3464,'Isaías Coelho',17),(3465,'Itainópolis',17),(3466,'Itaueira',17),(3467,'Jacobina do Piauí',17),(3468,'Jaicós',17),(3469,'Jardim do Mulato',17),(3470,'Jatobá do Piauí',17),(3471,'Jerumenha',17),(3472,'João Costa',17),(3473,'Joaquim Pires',17),(3474,'Joca Marques',17),(3475,'José de Freitas',17),(3476,'Juazeiro do Piauí',17),(3477,'Júlio Borges',17),(3478,'Jurema',17),(3479,'Lagoa Alegre',17),(3480,'Lagoa de São Francisco',17),(3481,'Lagoa do Barro do Piauí',17),(3482,'Lagoa do Piauí',17),(3483,'Lagoa do Sítio',17),(3484,'Lagoinha do Piauí',17),(3485,'Landri Sales',17),(3486,'Luís Correia',17),(3487,'Luzilândia',17),(3488,'Madeiro',17),(3489,'Manoel Emídio',17),(3490,'Marcolândia',17),(3491,'Marcos Parente',17),(3492,'Massapê do Piauí',17),(3493,'Matias Olímpio',17),(3494,'Miguel Alves',17),(3495,'Miguel Leão',17),(3496,'Milton Brandão',17),(3497,'Monsenhor Gil',17),(3498,'Monsenhor Hipólito',17),(3499,'Monte Alegre do Piauí',17),(3500,'Morro Cabeça no Tempo',17),(3501,'Morro do Chapéu do Piauí',17),(3502,'Murici dos Portelas',17),(3503,'Nazaré do Piauí',17),(3504,'Nossa Senhora de Nazaré',17),(3505,'Nossa Senhora dos Remédios',17),(3506,'Nova Santa Rita',17),(3507,'Novo Oriente do Piauí',17),(3508,'Novo Santo Antônio',17),(3509,'Oeiras',17),(3510,'Olho d`Água do Piauí',17),(3511,'Padre Marcos',17),(3512,'Paes Landim',17),(3513,'Pajeú do Piauí',17),(3514,'Palmeira do Piauí',17),(3515,'Palmeirais',17),(3516,'Paquetá',17),(3517,'Parnaguá',17),(3518,'Parnaíba',17),(3519,'Passagem Franca do Piauí',17),(3520,'Patos do Piauí',17),(3521,'Pau d`Arco do Piauí',17),(3522,'Paulistana',17),(3523,'Pavussu',17),(3524,'Pedro II',17),(3525,'Pedro Laurentino',17),(3526,'Picos',17),(3527,'Pimenteiras',17),(3528,'Pio IX',17),(3529,'Piracuruca',17),(3530,'Piripiri',17),(3531,'Porto',17),(3532,'Porto Alegre do Piauí',17),(3533,'Prata do Piauí',17),(3534,'Queimada Nova',17),(3535,'Redenção do Gurguéia',17),(3536,'Regeneração',17),(3537,'Riacho Frio',17),(3538,'Ribeira do Piauí',17),(3539,'Ribeiro Gonçalves',17),(3540,'Rio Grande do Piauí',17),(3541,'Santa Cruz do Piauí',17),(3542,'Santa Cruz dos Milagres',17),(3543,'Santa Filomena',17),(3544,'Santa Luz',17),(3545,'Santa Rosa do Piauí',17),(3546,'Santana do Piauí',17),(3547,'Santo Antônio de Lisboa',17),(3548,'Santo Antônio dos Milagres',17),(3549,'Santo Inácio do Piauí',17),(3550,'São Braz do Piauí',17),(3551,'São Félix do Piauí',17),(3552,'São Francisco de Assis do Piauí',17),(3553,'São Francisco do Piauí',17),(3554,'São Gonçalo do Gurguéia',17),(3555,'São Gonçalo do Piauí',17),(3556,'São João da Canabrava',17),(3557,'São João da Fronteira',17),(3558,'São João da Serra',17),(3559,'São João da Varjota',17),(3560,'São João do Arraial',17),(3561,'São João do Piauí',17),(3562,'São José do Divino',17),(3563,'São José do Peixe',17),(3564,'São José do Piauí',17),(3565,'São Julião',17),(3566,'São Lourenço do Piauí',17),(3567,'São Luis do Piauí',17),(3568,'São Miguel da Baixa Grande',17),(3569,'São Miguel do Fidalgo',17),(3570,'São Miguel do Tapuio',17),(3571,'São Pedro do Piauí',17),(3572,'São Raimundo Nonato',17),(3573,'Sebastião Barros',17),(3574,'Sebastião Leal',17),(3575,'Sigefredo Pacheco',17),(3576,'Simões',17),(3577,'Simplício Mendes',17),(3578,'Socorro do Piauí',17),(3579,'Sussuapara',17),(3580,'Tamboril do Piauí',17),(3581,'Tanque do Piauí',17),(3582,'Teresina',17),(3583,'União',17),(3584,'Uruçuí',17),(3585,'Valença do Piauí',17),(3586,'Várzea Branca',17),(3587,'Várzea Grande',17),(3588,'Vera Mendes',17),(3589,'Vila Nova do Piauí',17),(3590,'Wall Ferraz',17),(3591,'Angra dos Reis',19),(3592,'Aperibé',19),(3593,'Araruama',19),(3594,'Areal',19),(3595,'Armação dos Búzios',19),(3596,'Arraial do Cabo',19),(3597,'Barra do Piraí',19),(3598,'Barra Mansa',19),(3599,'Belford Roxo',19),(3600,'Bom Jardim',19),(3601,'Bom Jesus do Itabapoana',19),(3602,'Cabo Frio',19),(3603,'Cachoeiras de Macacu',19),(3604,'Cambuci',19),(3605,'Campos dos Goytacazes',19),(3606,'Cantagalo',19),(3607,'Carapebus',19),(3608,'Cardoso Moreira',19),(3609,'Carmo',19),(3610,'Casimiro de Abreu',19),(3611,'Comendador Levy Gasparian',19),(3612,'Conceição de Macabu',19),(3613,'Cordeiro',19),(3614,'Duas Barras',19),(3615,'Duque de Caxias',19),(3616,'Engenheiro Paulo de Frontin',19),(3617,'Guapimirim',19),(3618,'Iguaba Grande',19),(3619,'Itaboraí',19),(3620,'Itaguaí',19),(3621,'Italva',19),(3622,'Itaocara',19),(3623,'Itaperuna',19),(3624,'Itatiaia',19),(3625,'Japeri',19),(3626,'Laje do Muriaé',19),(3627,'Macaé',19),(3628,'Macuco',19),(3629,'Magé',19),(3630,'Mangaratiba',19),(3631,'Maricá',19),(3632,'Mendes',19),(3633,'Mesquita',19),(3634,'Miguel Pereira',19),(3635,'Miracema',19),(3636,'Natividade',19),(3637,'Nilópolis',19),(3638,'Niterói',19),(3639,'Nova Friburgo',19),(3640,'Nova Iguaçu',19),(3641,'Paracambi',19),(3642,'Paraíba do Sul',19),(3643,'Parati',19),(3644,'Paty do Alferes',19),(3645,'Petrópolis',19),(3646,'Pinheiral',19),(3647,'Piraí',19),(3648,'Porciúncula',19),(3649,'Porto Real',19),(3650,'Quatis',19),(3651,'Queimados',19),(3652,'Quissamã',19),(3653,'Resende',19),(3654,'Rio Bonito',19),(3655,'Rio Claro',19),(3656,'Rio das Flores',19),(3657,'Rio das Ostras',19),(3658,'Rio de Janeiro',19),(3659,'Santa Maria Madalena',19),(3660,'Santo Antônio de Pádua',19),(3661,'São Fidélis',19),(3662,'São Francisco de Itabapoana',19),(3663,'São Gonçalo',19),(3664,'São João da Barra',19),(3665,'São João de Meriti',19),(3666,'São José de Ubá',19),(3667,'São José do Vale do Rio Pret',19),(3668,'São Pedro da Aldeia',19),(3669,'São Sebastião do Alto',19),(3670,'Sapucaia',19),(3671,'Saquarema',19),(3672,'Seropédica',19),(3673,'Silva Jardim',19),(3674,'Sumidouro',19),(3675,'Tanguá',19),(3676,'Teresópolis',19),(3677,'Trajano de Morais',19),(3678,'Três Rios',19),(3679,'Valença',19),(3680,'Varre-Sai',19),(3681,'Vassouras',19),(3682,'Volta Redonda',19),(3683,'Acari',20),(3684,'Açu',20),(3685,'Afonso Bezerra',20),(3686,'Água Nova',20),(3687,'Alexandria',20),(3688,'Almino Afonso',20),(3689,'Alto do Rodrigues',20),(3690,'Angicos',20),(3691,'Antônio Martins',20),(3692,'Apodi',20),(3693,'Areia Branca',20),(3694,'Arês',20),(3695,'Augusto Severo',20),(3696,'Baía Formosa',20),(3697,'Baraúna',20),(3698,'Barcelona',20),(3699,'Bento Fernandes',20),(3700,'Bodó',20),(3701,'Bom Jesus',20),(3702,'Brejinho',20),(3703,'Caiçara do Norte',20),(3704,'Caiçara do Rio do Vento',20),(3705,'Caicó',20),(3706,'Campo Redondo',20),(3707,'Canguaretama',20),(3708,'Caraúbas',20),(3709,'Carnaúba dos Dantas',20),(3710,'Carnaubais',20),(3711,'Ceará-Mirim',20),(3712,'Cerro Corá',20),(3713,'Coronel Ezequiel',20),(3714,'Coronel João Pessoa',20),(3715,'Cruzeta',20),(3716,'Currais Novos',20),(3717,'Doutor Severiano',20),(3718,'Encanto',20),(3719,'Equador',20),(3720,'Espírito Santo',20),(3721,'Extremoz',20),(3722,'Felipe Guerra',20),(3723,'Fernando Pedroza',20),(3724,'Florânia',20),(3725,'Francisco Dantas',20),(3726,'Frutuoso Gomes',20),(3727,'Galinhos',20),(3728,'Goianinha',20),(3729,'Governador Dix-Sept Rosado',20),(3730,'Grossos',20),(3731,'Guamaré',20),(3732,'Ielmo Marinho',20),(3733,'Ipanguaçu',20),(3734,'Ipueira',20),(3735,'Itajá',20),(3736,'Itaú',20),(3737,'Jaçanã',20),(3738,'Jandaíra',20),(3739,'Janduís',20),(3740,'Januário Cicco',20),(3741,'Japi',20),(3742,'Jardim de Angicos',20),(3743,'Jardim de Piranhas',20),(3744,'Jardim do Seridó',20),(3745,'João Câmara',20),(3746,'João Dias',20),(3747,'José da Penha',20),(3748,'Jucurutu',20),(3749,'Jundiá',20),(3750,'Lagoa d`Anta',20),(3751,'Lagoa de Pedras',20),(3752,'Lagoa de Velhos',20),(3753,'Lagoa Nova',20),(3754,'Lagoa Salgada',20),(3755,'Lajes',20),(3756,'Lajes Pintadas',20),(3757,'Lucrécia',20),(3758,'Luís Gomes',20),(3759,'Macaíba',20),(3760,'Macau',20),(3761,'Major Sales',20),(3762,'Marcelino Vieira',20),(3763,'Martins',20),(3764,'Maxaranguape',20),(3765,'Messias Targino',20),(3766,'Montanhas',20),(3767,'Monte Alegre',20),(3768,'Monte das Gameleiras',20),(3769,'Mossoró',20),(3770,'Natal',20),(3771,'Nísia Floresta',20),(3772,'Nova Cruz',20),(3773,'Olho-d`Água do Borges',20),(3774,'Ouro Branco',20),(3775,'Paraná',20),(3776,'Paraú',20),(3777,'Parazinho',20),(3778,'Parelhas',20),(3779,'Parnamirim',20),(3780,'Passa e Fica',20),(3781,'Passagem',20),(3782,'Patu',20),(3783,'Pau dos Ferros',20),(3784,'Pedra Grande',20),(3785,'Pedra Preta',20),(3786,'Pedro Avelino',20),(3787,'Pedro Velho',20),(3788,'Pendências',20),(3789,'Pilões',20),(3790,'Poço Branco',20),(3791,'Portalegre',20),(3792,'Porto do Mangue',20),(3793,'Presidente Juscelino',20),(3794,'Pureza',20),(3795,'Rafael Fernandes',20),(3796,'Rafael Godeiro',20),(3797,'Riacho da Cruz',20),(3798,'Riacho de Santana',20),(3799,'Riachuelo',20),(3800,'Rio do Fogo',20),(3801,'Rodolfo Fernandes',20),(3802,'Ruy Barbosa',20),(3803,'Santa Cruz',20),(3804,'Santa Maria',20),(3805,'Santana do Matos',20),(3806,'Santana do Seridó',20),(3807,'Santo Antônio',20),(3808,'São Bento do Norte',20),(3809,'São Bento do Trairí',20),(3810,'São Fernando',20),(3811,'São Francisco do Oeste',20),(3812,'São Gonçalo do Amarante',20),(3813,'São João do Sabugi',20),(3814,'São José de Mipibu',20),(3815,'São José do Campestre',20),(3816,'São José do Seridó',20),(3817,'São Miguel',20),(3818,'São Miguel do Gostoso',20),(3819,'São Paulo do Potengi',20),(3820,'São Pedro',20),(3821,'São Rafael',20),(3822,'São Tomé',20),(3823,'São Vicente',20),(3824,'Senador Elói de Souza',20),(3825,'Senador Georgino Avelino',20),(3826,'Serra de São Bento',20),(3827,'Serra do Mel',20),(3828,'Serra Negra do Norte',20),(3829,'Serrinha',20),(3830,'Serrinha dos Pintos',20),(3831,'Severiano Melo',20),(3832,'Sítio Novo',20),(3833,'Taboleiro Grande',20),(3834,'Taipu',20),(3835,'Tangará',20),(3836,'Tenente Ananias',20),(3837,'Tenente Laurentino Cruz',20),(3838,'Tibau',20),(3839,'Tibau do Sul',20),(3840,'Timbaúba dos Batistas',20),(3841,'Touros',20),(3842,'Triunfo Potiguar',20),(3843,'Umarizal',20),(3844,'Upanema',20),(3845,'Várzea',20),(3846,'Venha-Ver',20),(3847,'Vera Cruz',20),(3848,'Viçosa',20),(3849,'Vila Flor',20),(3850,'Aceguá',23),(3851,'Água Santa',23),(3852,'Agudo',23),(3853,'Ajuricaba',23),(3854,'Alecrim',23),(3855,'Alegrete',23),(3856,'Alegria',23),(3857,'Almirante Tamandaré do Sul',23),(3858,'Alpestre',23),(3859,'Alto Alegre',23),(3860,'Alto Feliz',23),(3861,'Alvorada',23),(3862,'Amaral Ferrador',23),(3863,'Ametista do Sul',23),(3864,'André da Rocha',23),(3865,'Anta Gorda',23),(3866,'Antônio Prado',23),(3867,'Arambaré',23),(3868,'Araricá',23),(3869,'Aratiba',23),(3870,'Arroio do Meio',23),(3871,'Arroio do Padre',23),(3872,'Arroio do Sal',23),(3873,'Arroio do Tigre',23),(3874,'Arroio dos Ratos',23),(3875,'Arroio Grande',23),(3876,'Arvorezinha',23),(3877,'Augusto Pestana',23),(3878,'Áurea',23),(3879,'Bagé',23),(3880,'Balneário Pinhal',23),(3881,'Barão',23),(3882,'Barão de Cotegipe',23),(3883,'Barão do Triunfo',23),(3884,'Barra do Guarita',23),(3885,'Barra do Quaraí',23),(3886,'Barra do Ribeiro',23),(3887,'Barra do Rio Azul',23),(3888,'Barra Funda',23),(3889,'Barracão',23),(3890,'Barros Cassal',23),(3891,'Benjamin Constant do Sul',23),(3892,'Bento Gonçalves',23),(3893,'Boa Vista das Missões',23),(3894,'Boa Vista do Buricá',23),(3895,'Boa Vista do Cadeado',23),(3896,'Boa Vista do Incra',23),(3897,'Boa Vista do Sul',23),(3898,'Bom Jesus',23),(3899,'Bom Princípio',23),(3900,'Bom Progresso',23),(3901,'Bom Retiro do Sul',23),(3902,'Boqueirão do Leão',23),(3903,'Bossoroca',23),(3904,'Bozano',23),(3905,'Braga',23),(3906,'Brochier',23),(3907,'Butiá',23),(3908,'Caçapava do Sul',23),(3909,'Cacequi',23),(3910,'Cachoeira do Sul',23),(3911,'Cachoeirinha',23),(3912,'Cacique Doble',23),(3913,'Caibaté',23),(3914,'Caiçara',23),(3915,'Camaquã',23),(3916,'Camargo',23),(3917,'Cambará do Sul',23),(3918,'Campestre da Serra',23),(3919,'Campina das Missões',23),(3920,'Campinas do Sul',23),(3921,'Campo Bom',23),(3922,'Campo Novo',23),(3923,'Campos Borges',23),(3924,'Candelária',23),(3925,'Cândido Godói',23),(3926,'Candiota',23),(3927,'Canela',23),(3928,'Canguçu',23),(3929,'Canoas',23),(3930,'Canudos do Vale',23),(3931,'Capão Bonito do Sul',23),(3932,'Capão da Canoa',23),(3933,'Capão do Cipó',23),(3934,'Capão do Leão',23),(3935,'Capela de Santana',23),(3936,'Capitão',23),(3937,'Capivari do Sul',23),(3938,'Caraá',23),(3939,'Carazinho',23),(3940,'Carlos Barbosa',23),(3941,'Carlos Gomes',23),(3942,'Casca',23),(3943,'Caseiros',23),(3944,'Catuípe',23),(3945,'Caxias do Sul',23),(3946,'Centenário',23),(3947,'Cerrito',23),(3948,'Cerro Branco',23),(3949,'Cerro Grande',23),(3950,'Cerro Grande do Sul',23),(3951,'Cerro Largo',23),(3952,'Chapada',23),(3953,'Charqueadas',23),(3954,'Charrua',23),(3955,'Chiapeta',23),(3956,'Chuí',23),(3957,'Chuvisca',23),(3958,'Cidreira',23),(3959,'Ciríaco',23),(3960,'Colinas',23),(3961,'Colorado',23),(3962,'Condor',23),(3963,'Constantina',23),(3964,'Coqueiro Baixo',23),(3965,'Coqueiros do Sul',23),(3966,'Coronel Barros',23),(3967,'Coronel Bicaco',23),(3968,'Coronel Pilar',23),(3969,'Cotiporã',23),(3970,'Coxilha',23),(3971,'Crissiumal',23),(3972,'Cristal',23),(3973,'Cristal do Sul',23),(3974,'Cruz Alta',23),(3975,'Cruzaltense',23),(3976,'Cruzeiro do Sul',23),(3977,'David Canabarro',23),(3978,'Derrubadas',23),(3979,'Dezesseis de Novembro',23),(3980,'Dilermando de Aguiar',23),(3981,'Dois Irmãos',23),(3982,'Dois Irmãos das Missões',23),(3983,'Dois Lajeados',23),(3984,'Dom Feliciano',23),(3985,'Dom Pedrito',23),(3986,'Dom Pedro de Alcântara',23),(3987,'Dona Francisca',23),(3988,'Doutor Maurício Cardoso',23),(3989,'Doutor Ricardo',23),(3990,'Eldorado do Sul',23),(3991,'Encantado',23),(3992,'Encruzilhada do Sul',23),(3993,'Engenho Velho',23),(3994,'Entre Rios do Sul',23),(3995,'Entre-Ijuís',23),(3996,'Erebango',23),(3997,'Erechim',23),(3998,'Ernestina',23),(3999,'Erval Grande',23),(4000,'Erval Seco',23),(4001,'Esmeralda',23),(4002,'Esperança do Sul',23),(4003,'Espumoso',23),(4004,'Estação',23),(4005,'Estância Velha',23),(4006,'Esteio',23),(4007,'Estrela',23),(4008,'Estrela Velha',23),(4009,'Eugênio de Castro',23),(4010,'Fagundes Varela',23),(4011,'Farroupilha',23),(4012,'Faxinal do Soturno',23),(4013,'Faxinalzinho',23),(4014,'Fazenda Vilanova',23),(4015,'Feliz',23),(4016,'Flores da Cunha',23),(4017,'Floriano Peixoto',23),(4018,'Fontoura Xavier',23),(4019,'Formigueiro',23),(4020,'Forquetinha',23),(4021,'Fortaleza dos Valos',23),(4022,'Frederico Westphalen',23),(4023,'Garibaldi',23),(4024,'Garruchos',23),(4025,'Gaurama',23),(4026,'General Câmara',23),(4027,'Gentil',23),(4028,'Getúlio Vargas',23),(4029,'Giruá',23),(4030,'Glorinha',23),(4031,'Gramado',23),(4032,'Gramado dos Loureiros',23),(4033,'Gramado Xavier',23),(4034,'Gravataí',23),(4035,'Guabiju',23),(4036,'Guaíba',23),(4037,'Guaporé',23),(4038,'Guarani das Missões',23),(4039,'Harmonia',23),(4040,'Herval',23),(4041,'Herveiras',23),(4042,'Horizontina',23),(4043,'Hulha Negra',23),(4044,'Humaitá',23),(4045,'Ibarama',23),(4046,'Ibiaçá',23),(4047,'Ibiraiaras',23),(4048,'Ibirapuitã',23),(4049,'Ibirubá',23),(4050,'Igrejinha',23),(4051,'Ijuí',23),(4052,'Ilópolis',23),(4053,'Imbé',23),(4054,'Imigrante',23),(4055,'Independência',23),(4056,'Inhacorá',23),(4057,'Ipê',23),(4058,'Ipiranga do Sul',23),(4059,'Iraí',23),(4060,'Itaara',23),(4061,'Itacurubi',23),(4062,'Itapuca',23),(4063,'Itaqui',23),(4064,'Itati',23),(4065,'Itatiba do Sul',23),(4066,'Ivorá',23),(4067,'Ivoti',23),(4068,'Jaboticaba',23),(4069,'Jacuizinho',23),(4070,'Jacutinga',23),(4071,'Jaguarão',23),(4072,'Jaguari',23),(4073,'Jaquirana',23),(4074,'Jari',23),(4075,'Jóia',23),(4076,'Júlio de Castilhos',23),(4077,'Lagoa Bonita do Sul',23),(4078,'Lagoa dos Três Cantos',23),(4079,'Lagoa Vermelha',23),(4080,'Lagoão',23),(4081,'Lajeado',23),(4082,'Lajeado do Bugre',23),(4083,'Lavras do Sul',23),(4084,'Liberato Salzano',23),(4085,'Lindolfo Collor',23),(4086,'Linha Nova',23),(4087,'Maçambara',23),(4088,'Machadinho',23),(4089,'Mampituba',23),(4090,'Manoel Viana',23),(4091,'Maquiné',23),(4092,'Maratá',23),(4093,'Marau',23),(4094,'Marcelino Ramos',23),(4095,'Mariana Pimentel',23),(4096,'Mariano Moro',23),(4097,'Marques de Souza',23),(4098,'Mata',23),(4099,'Mato Castelhano',23),(4100,'Mato Leitão',23),(4101,'Mato Queimado',23),(4102,'Maximiliano de Almeida',23),(4103,'Minas do Leão',23),(4104,'Miraguaí',23),(4105,'Montauri',23),(4106,'Monte Alegre dos Campos',23),(4107,'Monte Belo do Sul',23),(4108,'Montenegro',23),(4109,'Mormaço',23),(4110,'Morrinhos do Sul',23),(4111,'Morro Redondo',23),(4112,'Morro Reuter',23),(4113,'Mostardas',23),(4114,'Muçum',23),(4115,'Muitos Capões',23),(4116,'Muliterno',23),(4117,'Não-Me-Toque',23),(4118,'Nicolau Vergueiro',23),(4119,'Nonoai',23),(4120,'Nova Alvorada',23),(4121,'Nova Araçá',23),(4122,'Nova Bassano',23),(4123,'Nova Boa Vista',23),(4124,'Nova Bréscia',23),(4125,'Nova Candelária',23),(4126,'Nova Esperança do Sul',23),(4127,'Nova Hartz',23),(4128,'Nova Pádua',23),(4129,'Nova Palma',23),(4130,'Nova Petrópolis',23),(4131,'Nova Prata',23),(4132,'Nova Ramada',23),(4133,'Nova Roma do Sul',23),(4134,'Nova Santa Rita',23),(4135,'Novo Barreiro',23),(4136,'Novo Cabrais',23),(4137,'Novo Hamburgo',23),(4138,'Novo Machado',23),(4139,'Novo Tiradentes',23),(4140,'Novo Xingu',23),(4141,'Osório',23),(4142,'Paim Filho',23),(4143,'Palmares do Sul',23),(4144,'Palmeira das Missões',23),(4145,'Palmitinho',23),(4146,'Panambi',23),(4147,'Pantano Grande',23),(4148,'Paraí',23),(4149,'Paraíso do Sul',23),(4150,'Pareci Novo',23),(4151,'Parobé',23),(4152,'Passa Sete',23),(4153,'Passo do Sobrado',23),(4154,'Passo Fundo',23),(4155,'Paulo Bento',23),(4156,'Paverama',23),(4157,'Pedras Altas',23),(4158,'Pedro Osório',23),(4159,'Pejuçara',23),(4160,'Pelotas',23),(4161,'Picada Café',23),(4162,'Pinhal',23),(4163,'Pinhal da Serra',23),(4164,'Pinhal Grande',23),(4165,'Pinheirinho do Vale',23),(4166,'Pinheiro Machado',23),(4167,'Pirapó',23),(4168,'Piratini',23),(4169,'Planalto',23),(4170,'Poço das Antas',23),(4171,'Pontão',23),(4172,'Ponte Preta',23),(4173,'Portão',23),(4174,'Porto Alegre',23),(4175,'Porto Lucena',23),(4176,'Porto Mauá',23),(4177,'Porto Vera Cruz',23),(4178,'Porto Xavier',23),(4179,'Pouso Novo',23),(4180,'Presidente Lucena',23),(4181,'Progresso',23),(4182,'Protásio Alves',23),(4183,'Putinga',23),(4184,'Quaraí',23),(4185,'Quatro Irmãos',23),(4186,'Quevedos',23),(4187,'Quinze de Novembro',23),(4188,'Redentora',23),(4189,'Relvado',23),(4190,'Restinga Seca',23),(4191,'Rio dos Índios',23),(4192,'Rio Grande',23),(4193,'Rio Pardo',23),(4194,'Riozinho',23),(4195,'Roca Sales',23),(4196,'Rodeio Bonito',23),(4197,'Rolador',23),(4198,'Rolante',23),(4199,'Ronda Alta',23),(4200,'Rondinha',23),(4201,'Roque Gonzales',23),(4202,'Rosário do Sul',23),(4203,'Sagrada Família',23),(4204,'Saldanha Marinho',23),(4205,'Salto do Jacuí',23),(4206,'Salvador das Missões',23),(4207,'Salvador do Sul',23),(4208,'Sananduva',23),(4209,'Santa Bárbara do Sul',23),(4210,'Santa Cecília do Sul',23),(4211,'Santa Clara do Sul',23),(4212,'Santa Cruz do Sul',23),(4213,'Santa Margarida do Sul',23),(4214,'Santa Maria',23),(4215,'Santa Maria do Herval',23),(4216,'Santa Rosa',23),(4217,'Santa Tereza',23),(4218,'Santa Vitória do Palmar',23),(4219,'Santana da Boa Vista',23),(4220,'Santana do Livramento',23),(4221,'Santiago',23),(4222,'Santo Ângelo',23),(4223,'Santo Antônio da Patrulha',23),(4224,'Santo Antônio das Missões',23),(4225,'Santo Antônio do Palma',23),(4226,'Santo Antônio do Planalto',23),(4227,'Santo Augusto',23),(4228,'Santo Cristo',23),(4229,'Santo Expedito do Sul',23),(4230,'São Borja',23),(4231,'São Domingos do Sul',23),(4232,'São Francisco de Assis',23),(4233,'São Francisco de Paula',23),(4234,'São Gabriel',23),(4235,'São Jerônimo',23),(4236,'São João da Urtiga',23),(4237,'São João do Polêsine',23),(4238,'São Jorge',23),(4239,'São José das Missões',23),(4240,'São José do Herval',23),(4241,'São José do Hortêncio',23),(4242,'São José do Inhacorá',23),(4243,'São José do Norte',23),(4244,'São José do Ouro',23),(4245,'São José do Sul',23),(4246,'São José dos Ausentes',23),(4247,'São Leopoldo',23),(4248,'São Lourenço do Sul',23),(4249,'São Luiz Gonzaga',23),(4250,'São Marcos',23),(4251,'São Martinho',23),(4252,'São Martinho da Serra',23),(4253,'São Miguel das Missões',23),(4254,'São Nicolau',23),(4255,'São Paulo das Missões',23),(4256,'São Pedro da Serra',23),(4257,'São Pedro das Missões',23),(4258,'São Pedro do Butiá',23),(4259,'São Pedro do Sul',23),(4260,'São Sebastião do Caí',23),(4261,'São Sepé',23),(4262,'São Valentim',23),(4263,'São Valentim do Sul',23),(4264,'São Valério do Sul',23),(4265,'São Vendelino',23),(4266,'São Vicente do Sul',23),(4267,'Sapiranga',23),(4268,'Sapucaia do Sul',23),(4269,'Sarandi',23),(4270,'Seberi',23),(4271,'Sede Nova',23),(4272,'Segredo',23),(4273,'Selbach',23),(4274,'Senador Salgado Filho',23),(4275,'Sentinela do Sul',23),(4276,'Serafina Corrêa',23),(4277,'Sério',23),(4278,'Sertão',23),(4279,'Sertão Santana',23),(4280,'Sete de Setembro',23),(4281,'Severiano de Almeida',23),(4282,'Silveira Martins',23),(4283,'Sinimbu',23),(4284,'Sobradinho',23),(4285,'Soledade',23),(4286,'Tabaí',23),(4287,'Tapejara',23),(4288,'Tapera',23),(4289,'Tapes',23),(4290,'Taquara',23),(4291,'Taquari',23),(4292,'Taquaruçu do Sul',23),(4293,'Tavares',23),(4294,'Tenente Portela',23),(4295,'Terra de Areia',23),(4296,'Teutônia',23),(4297,'Tio Hugo',23),(4298,'Tiradentes do Sul',23),(4299,'Toropi',23),(4300,'Torres',23),(4301,'Tramandaí',23),(4302,'Travesseiro',23),(4303,'Três Arroios',23),(4304,'Três Cachoeiras',23),(4305,'Três Coroas',23),(4306,'Três de Maio',23),(4307,'Três Forquilhas',23),(4308,'Três Palmeiras',23),(4309,'Três Passos',23),(4310,'Trindade do Sul',23),(4311,'Triunfo',23),(4312,'Tucunduva',23),(4313,'Tunas',23),(4314,'Tupanci do Sul',23),(4315,'Tupanciretã',23),(4316,'Tupandi',23),(4317,'Tuparendi',23),(4318,'Turuçu',23),(4319,'Ubiretama',23),(4320,'União da Serra',23),(4321,'Unistalda',23),(4322,'Uruguaiana',23),(4323,'Vacaria',23),(4324,'Vale do Sol',23),(4325,'Vale Real',23),(4326,'Vale Verde',23),(4327,'Vanini',23),(4328,'Venâncio Aires',23),(4329,'Vera Cruz',23),(4330,'Veranópolis',23),(4331,'Vespasiano Correa',23),(4332,'Viadutos',23),(4333,'Viamão',23),(4334,'Vicente Dutra',23),(4335,'Victor Graeff',23),(4336,'Vila Flores',23),(4337,'Vila Lângaro',23),(4338,'Vila Maria',23),(4339,'Vila Nova do Sul',23),(4340,'Vista Alegre',23),(4341,'Vista Alegre do Prata',23),(4342,'Vista Gaúcha',23),(4343,'Vitória das Missões',23),(4344,'Westfália',23),(4345,'Xangri-lá',23),(4346,'Alta Floresta d`Oeste',21),(4347,'Alto Alegre dos Parecis',21),(4348,'Alto Paraíso',21),(4349,'Alvorada d`Oeste',21),(4350,'Ariquemes',21),(4351,'Buritis',21),(4352,'Cabixi',21),(4353,'Cacaulândia',21),(4354,'Cacoal',21),(4355,'Campo Novo de Rondônia',21),(4356,'Candeias do Jamari',21),(4357,'Castanheiras',21),(4358,'Cerejeiras',21),(4359,'Chupinguaia',21),(4360,'Colorado do Oeste',21),(4361,'Corumbiara',21),(4362,'Costa Marques',21),(4363,'Cujubim',21),(4364,'Espigão d`Oeste',21),(4365,'Governador Jorge Teixeira',21),(4366,'Guajará-Mirim',21),(4367,'Itapuã do Oeste',21),(4368,'Jaru',21),(4369,'Ji-Paraná',21),(4370,'Machadinho d`Oeste',21),(4371,'Ministro Andreazza',21),(4372,'Mirante da Serra',21),(4373,'Monte Negro',21),(4374,'Nova Brasilândia d`Oeste',21),(4375,'Nova Mamoré',21),(4376,'Nova União',21),(4377,'Novo Horizonte do Oeste',21),(4378,'Ouro Preto do Oeste',21),(4379,'Parecis',21),(4380,'Pimenta Bueno',21),(4381,'Pimenteiras do Oeste',21),(4382,'Porto Velho',21),(4383,'Presidente Médici',21),(4384,'Primavera de Rondônia',21),(4385,'Rio Crespo',21),(4386,'Rolim de Moura',21),(4387,'Santa Luzia d`Oeste',21),(4388,'São Felipe d`Oeste',21),(4389,'São Francisco do Guaporé',21),(4390,'São Miguel do Guaporé',21),(4391,'Seringueiras',21),(4392,'Teixeirópolis',21),(4393,'Theobroma',21),(4394,'Urupá',21),(4395,'Vale do Anari',21),(4396,'Vale do Paraíso',21),(4397,'Vilhena',21),(4398,'Alto Alegre',22),(4399,'Amajari',22),(4400,'Boa Vista',22),(4401,'Bonfim',22),(4402,'Cantá',22),(4403,'Caracaraí',22),(4404,'Caroebe',22),(4405,'Iracema',22),(4406,'Mucajaí',22),(4407,'Normandia',22),(4408,'Pacaraima',22),(4409,'Rorainópolis',22),(4410,'São João da Baliza',22),(4411,'São Luiz',22),(4412,'Uiramutã',22),(4413,'Abdon Batista',24),(4414,'Abelardo Luz',24),(4415,'Agrolândia',24),(4416,'Agronômica',24),(4417,'Água Doce',24),(4418,'Águas de Chapecó',24),(4419,'Águas Frias',24),(4420,'Águas Mornas',24),(4421,'Alfredo Wagner',24),(4422,'Alto Bela Vista',24),(4423,'Anchieta',24),(4424,'Angelina',24),(4425,'Anita Garibaldi',24),(4426,'Anitápolis',24),(4427,'Antônio Carlos',24),(4428,'Apiúna',24),(4429,'Arabutã',24),(4430,'Araquari',24),(4431,'Araranguá',24),(4432,'Armazém',24),(4433,'Arroio Trinta',24),(4434,'Arvoredo',24),(4435,'Ascurra',24),(4436,'Atalanta',24),(4437,'Aurora',24),(4438,'Balneário Arroio do Silva',24),(4439,'Balneário Barra do Sul',24),(4440,'Balneário Camboriú',24),(4441,'Balneário Gaivota',24),(4442,'Bandeirante',24),(4443,'Barra Bonita',24),(4444,'Barra Velha',24),(4445,'Bela Vista do Toldo',24),(4446,'Belmonte',24),(4447,'Benedito Novo',24),(4448,'Biguaçu',24),(4449,'Blumenau',24),(4450,'Bocaina do Sul',24),(4451,'Bom Jardim da Serra',24),(4452,'Bom Jesus',24),(4453,'Bom Jesus do Oeste',24),(4454,'Bom Retiro',24),(4455,'Bombinhas',24),(4456,'Botuverá',24),(4457,'Braço do Norte',24),(4458,'Braço do Trombudo',24),(4459,'Brunópolis',24),(4460,'Brusque',24),(4461,'Caçador',24),(4462,'Caibi',24),(4463,'Calmon',24),(4464,'Camboriú',24),(4465,'Campo Alegre',24),(4466,'Campo Belo do Sul',24),(4467,'Campo Erê',24),(4468,'Campos Novos',24),(4469,'Canelinha',24),(4470,'Canoinhas',24),(4471,'Capão Alto',24),(4472,'Capinzal',24),(4473,'Capivari de Baixo',24),(4474,'Catanduvas',24),(4475,'Caxambu do Sul',24),(4476,'Celso Ramos',24),(4477,'Cerro Negro',24),(4478,'Chapadão do Lageado',24),(4479,'Chapecó',24),(4480,'Cocal do Sul',24),(4481,'Concórdia',24),(4482,'Cordilheira Alta',24),(4483,'Coronel Freitas',24),(4484,'Coronel Martins',24),(4485,'Correia Pinto',24),(4486,'Corupá',24),(4487,'Criciúma',24),(4488,'Cunha Porã',24),(4489,'Cunhataí',24),(4490,'Curitibanos',24),(4491,'Descanso',24),(4492,'Dionísio Cerqueira',24),(4493,'Dona Emma',24),(4494,'Doutor Pedrinho',24),(4495,'Entre Rios',24),(4496,'Ermo',24),(4497,'Erval Velho',24),(4498,'Faxinal dos Guedes',24),(4499,'Flor do Sertão',24),(4500,'Florianópolis',24),(4501,'Formosa do Sul',24),(4502,'Forquilhinha',24),(4503,'Fraiburgo',24),(4504,'Frei Rogério',24),(4505,'Galvão',24),(4506,'Garopaba',24),(4507,'Garuva',24),(4508,'Gaspar',24),(4509,'Governador Celso Ramos',24),(4510,'Grão Pará',24),(4511,'Gravatal',24),(4512,'Guabiruba',24),(4513,'Guaraciaba',24),(4514,'Guaramirim',24),(4515,'Guarujá do Sul',24),(4516,'Guatambú',24),(4517,'Herval d`Oeste',24),(4518,'Ibiam',24),(4519,'Ibicaré',24),(4520,'Ibirama',24),(4521,'Içara',24),(4522,'Ilhota',24),(4523,'Imaruí',24),(4524,'Imbituba',24),(4525,'Imbuia',24),(4526,'Indaial',24),(4527,'Iomerê',24),(4528,'Ipira',24),(4529,'Iporã do Oeste',24),(4530,'Ipuaçu',24),(4531,'Ipumirim',24),(4532,'Iraceminha',24),(4533,'Irani',24),(4534,'Irati',24),(4535,'Irineópolis',24),(4536,'Itá',24),(4537,'Itaiópolis',24),(4538,'Itajaí',24),(4539,'Itapema',24),(4540,'Itapiranga',24),(4541,'Itapoá',24),(4542,'Ituporanga',24),(4543,'Jaborá',24),(4544,'Jacinto Machado',24),(4545,'Jaguaruna',24),(4546,'Jaraguá do Sul',24),(4547,'Jardinópolis',24),(4548,'Joaçaba',24),(4549,'Joinville',24),(4550,'José Boiteux',24),(4551,'Jupiá',24),(4552,'Lacerdópolis',24),(4553,'Lages',24),(4554,'Laguna',24),(4555,'Lajeado Grande',24),(4556,'Laurentino',24),(4557,'Lauro Muller',24),(4558,'Lebon Régis',24),(4559,'Leoberto Leal',24),(4560,'Lindóia do Sul',24),(4561,'Lontras',24),(4562,'Luiz Alves',24),(4563,'Luzerna',24),(4564,'Macieira',24),(4565,'Mafra',24),(4566,'Major Gercino',24),(4567,'Major Vieira',24),(4568,'Maracajá',24),(4569,'Maravilha',24),(4570,'Marema',24),(4571,'Massaranduba',24),(4572,'Matos Costa',24),(4573,'Meleiro',24),(4574,'Mirim Doce',24),(4575,'Modelo',24),(4576,'Mondaí',24),(4577,'Monte Carlo',24),(4578,'Monte Castelo',24),(4579,'Morro da Fumaça',24),(4580,'Morro Grande',24),(4581,'Navegantes',24),(4582,'Nova Erechim',24),(4583,'Nova Itaberaba',24),(4584,'Nova Trento',24),(4585,'Nova Veneza',24),(4586,'Novo Horizonte',24),(4587,'Orleans',24),(4588,'Otacílio Costa',24),(4589,'Ouro',24),(4590,'Ouro Verde',24),(4591,'Paial',24),(4592,'Painel',24),(4593,'Palhoça',24),(4594,'Palma Sola',24),(4595,'Palmeira',24),(4596,'Palmitos',24),(4597,'Papanduva',24),(4598,'Paraíso',24),(4599,'Passo de Torres',24),(4600,'Passos Maia',24),(4601,'Paulo Lopes',24),(4602,'Pedras Grandes',24),(4603,'Penha',24),(4604,'Peritiba',24),(4605,'Petrolândia',24),(4606,'Piçarras',24),(4607,'Pinhalzinho',24),(4608,'Pinheiro Preto',24),(4609,'Piratuba',24),(4610,'Planalto Alegre',24),(4611,'Pomerode',24),(4612,'Ponte Alta',24),(4613,'Ponte Alta do Norte',24),(4614,'Ponte Serrada',24),(4615,'Porto Belo',24),(4616,'Porto União',24),(4617,'Pouso Redondo',24),(4618,'Praia Grande',24),(4619,'Presidente Castelo Branco',24),(4620,'Presidente Getúlio',24),(4621,'Presidente Nereu',24),(4622,'Princesa',24),(4623,'Quilombo',24),(4624,'Rancho Queimado',24),(4625,'Rio das Antas',24),(4626,'Rio do Campo',24),(4627,'Rio do Oeste',24),(4628,'Rio do Sul',24),(4629,'Rio dos Cedros',24),(4630,'Rio Fortuna',24),(4631,'Rio Negrinho',24),(4632,'Rio Rufino',24),(4633,'Riqueza',24),(4634,'Rodeio',24),(4635,'Romelândia',24),(4636,'Salete',24),(4637,'Saltinho',24),(4638,'Salto Veloso',24),(4639,'Sangão',24),(4640,'Santa Cecília',24),(4641,'Santa Helena',24),(4642,'Santa Rosa de Lima',24),(4643,'Santa Rosa do Sul',24),(4644,'Santa Terezinha',24),(4645,'Santa Terezinha do Progresso',24),(4646,'Santiago do Sul',24),(4647,'Santo Amaro da Imperatriz',24),(4648,'São Bento do Sul',24),(4649,'São Bernardino',24),(4650,'São Bonifácio',24),(4651,'São Carlos',24),(4652,'São Cristovão do Sul',24),(4653,'São Domingos',24),(4654,'São Francisco do Sul',24),(4655,'São João Batista',24),(4656,'São João do Itaperiú',24),(4657,'São João do Oeste',24),(4658,'São João do Sul',24),(4659,'São Joaquim',24),(4660,'São José',24),(4661,'São José do Cedro',24),(4662,'São José do Cerrito',24),(4663,'São Lourenço do Oeste',24),(4664,'São Ludgero',24),(4665,'São Martinho',24),(4666,'São Miguel da Boa Vista',24),(4667,'São Miguel do Oeste',24),(4668,'São Pedro de Alcântara',24),(4669,'Saudades',24),(4670,'Schroeder',24),(4671,'Seara',24),(4672,'Serra Alta',24),(4673,'Siderópolis',24),(4674,'Sombrio',24),(4675,'Sul Brasil',24),(4676,'Taió',24),(4677,'Tangará',24),(4678,'Tigrinhos',24),(4679,'Tijucas',24),(4680,'Timbé do Sul',24),(4681,'Timbó',24),(4682,'Timbó Grande',24),(4683,'Três Barras',24),(4684,'Treviso',24),(4685,'Treze de Maio',24),(4686,'Treze Tílias',24),(4687,'Trombudo Central',24),(4688,'Tubarão',24),(4689,'Tunápolis',24),(4690,'Turvo',24),(4691,'União do Oeste',24),(4692,'Urubici',24),(4693,'Urupema',24),(4694,'Urussanga',24),(4695,'Vargeão',24),(4696,'Vargem',24),(4697,'Vargem Bonita',24),(4698,'Vidal Ramos',24),(4699,'Videira',24),(4700,'Vitor Meireles',24),(4701,'Witmarsum',24),(4702,'Xanxerê',24),(4703,'Xavantina',24),(4704,'Xaxim',24),(4705,'Zortéa',24),(4706,'Adamantina',26),(4707,'Adolfo',26),(4708,'Aguaí',26),(4709,'Águas da Prata',26),(4710,'Águas de Lindóia',26),(4711,'Águas de Santa Bárbara',26),(4712,'Águas de São Pedro',26),(4713,'Agudos',26),(4714,'Alambari',26),(4715,'Alfredo Marcondes',26),(4716,'Altair',26),(4717,'Altinópolis',26),(4718,'Alto Alegre',26),(4719,'Alumínio',26),(4720,'Álvares Florence',26),(4721,'Álvares Machado',26),(4722,'Álvaro de Carvalho',26),(4723,'Alvinlândia',26),(4724,'Americana',26),(4725,'Américo Brasiliense',26),(4726,'Américo de Campos',26),(4727,'Amparo',26),(4728,'Analândia',26),(4729,'Andradina',26),(4730,'Angatuba',26),(4731,'Anhembi',26),(4732,'Anhumas',26),(4733,'Aparecida',26),(4734,'Aparecida d`Oeste',26),(4735,'Apiaí',26),(4736,'Araçariguama',26),(4737,'Araçatuba',26),(4738,'Araçoiaba da Serra',26),(4739,'Aramina',26),(4740,'Arandu',26),(4741,'Arapeí',26),(4742,'Araraquara',26),(4743,'Araras',26),(4744,'Arco-Íris',26),(4745,'Arealva',26),(4746,'Areias',26),(4747,'Areiópolis',26),(4748,'Ariranha',26),(4749,'Artur Nogueira',26),(4750,'Arujá',26),(4751,'Aspásia',26),(4752,'Assis',26),(4753,'Atibaia',26),(4754,'Auriflama',26),(4755,'Avaí',26),(4756,'Avanhandava',26),(4757,'Avaré',26),(4758,'Bady Bassitt',26),(4759,'Balbinos',26),(4760,'Bálsamo',26),(4761,'Bananal',26),(4762,'Barão de Antonina',26),(4763,'Barbosa',26),(4764,'Bariri',26),(4765,'Barra Bonita',26),(4766,'Barra do Chapéu',26),(4767,'Barra do Turvo',26),(4768,'Barretos',26),(4769,'Barrinha',26),(4770,'Barueri',26),(4771,'Bastos',26),(4772,'Batatais',26),(4773,'Bauru',26),(4774,'Bebedouro',26),(4775,'Bento de Abreu',26),(4776,'Bernardino de Campos',26),(4777,'Bertioga',26),(4778,'Bilac',26),(4779,'Birigui',26),(4780,'Biritiba-Mirim',26),(4781,'Boa Esperança do Sul',26),(4782,'Bocaina',26),(4783,'Bofete',26),(4784,'Boituva',26),(4785,'Bom Jesus dos Perdões',26),(4786,'Bom Sucesso de Itararé',26),(4787,'Borá',26),(4788,'Boracéia',26),(4789,'Borborema',26),(4790,'Borebi',26),(4791,'Botucatu',26),(4792,'Bragança Paulista',26),(4793,'Braúna',26),(4794,'Brejo Alegre',26),(4795,'Brodowski',26),(4796,'Brotas',26),(4797,'Buri',26),(4798,'Buritama',26),(4799,'Buritizal',26),(4800,'Cabrália Paulista',26),(4801,'Cabreúva',26),(4802,'Caçapava',26),(4803,'Cachoeira Paulista',26),(4804,'Caconde',26),(4805,'Cafelândia',26),(4806,'Caiabu',26),(4807,'Caieiras',26),(4808,'Caiuá',26),(4809,'Cajamar',26),(4810,'Cajati',26),(4811,'Cajobi',26),(4812,'Cajuru',26),(4813,'Campina do Monte Alegre',26),(4814,'Campinas',26),(4815,'Campo Limpo Paulista',26),(4816,'Campos do Jordão',26),(4817,'Campos Novos Paulista',26),(4818,'Cananéia',26),(4819,'Canas',26),(4820,'Cândido Mota',26),(4821,'Cândido Rodrigues',26),(4822,'Canitar',26),(4823,'Capão Bonito',26),(4824,'Capela do Alto',26),(4825,'Capivari',26),(4826,'Caraguatatuba',26),(4827,'Carapicuíba',26),(4828,'Cardoso',26),(4829,'Casa Branca',26),(4830,'Cássia dos Coqueiros',26),(4831,'Castilho',26),(4832,'Catanduva',26),(4833,'Catiguá',26),(4834,'Cedral',26),(4835,'Cerqueira César',26),(4836,'Cerquilho',26),(4837,'Cesário Lange',26),(4838,'Charqueada',26),(4839,'Chavantes',26),(4840,'Clementina',26),(4841,'Colina',26),(4842,'Colômbia',26),(4843,'Conchal',26),(4844,'Conchas',26),(4845,'Cordeirópolis',26),(4846,'Coroados',26),(4847,'Coronel Macedo',26),(4848,'Corumbataí',26),(4849,'Cosmópolis',26),(4850,'Cosmorama',26),(4851,'Cotia',26),(4852,'Cravinhos',26),(4853,'Cristais Paulista',26),(4854,'Cruzália',26),(4855,'Cruzeiro',26),(4856,'Cubatão',26),(4857,'Cunha',26),(4858,'Descalvado',26),(4859,'Diadema',26),(4860,'Dirce Reis',26),(4861,'Divinolândia',26),(4862,'Dobrada',26),(4863,'Dois Córregos',26),(4864,'Dolcinópolis',26),(4865,'Dourado',26),(4866,'Dracena',26),(4867,'Duartina',26),(4868,'Dumont',26),(4869,'Echaporã',26),(4870,'Eldorado',26),(4871,'Elias Fausto',26),(4872,'Elisiário',26),(4873,'Embaúba',26),(4874,'Embu',26),(4875,'Embu-Guaçu',26),(4876,'Emilianópolis',26),(4877,'Engenheiro Coelho',26),(4878,'Espírito Santo do Pinhal',26),(4879,'Espírito Santo do Turvo',26),(4880,'Estiva Gerbi',26),(4881,'Estrela d`Oeste',26),(4882,'Estrela do Norte',26),(4883,'Euclides da Cunha Paulista',26),(4884,'Fartura',26),(4885,'Fernando Prestes',26),(4886,'Fernandópolis',26),(4887,'Fernão',26),(4888,'Ferraz de Vasconcelos',26),(4889,'Flora Rica',26),(4890,'Floreal',26),(4891,'Flórida Paulista',26),(4892,'Florínia',26),(4893,'Franca',26),(4894,'Francisco Morato',26),(4895,'Franco da Rocha',26),(4896,'Gabriel Monteiro',26),(4897,'Gália',26),(4898,'Garça',26),(4899,'Gastão Vidigal',26),(4900,'Gavião Peixoto',26),(4901,'General Salgado',26),(4902,'Getulina',26),(4903,'Glicério',26),(4904,'Guaiçara',26),(4905,'Guaimbê',26),(4906,'Guaíra',26),(4907,'Guapiaçu',26),(4908,'Guapiara',26),(4909,'Guará',26),(4910,'Guaraçaí',26),(4911,'Guaraci',26),(4912,'Guarani d`Oeste',26),(4913,'Guarantã',26),(4914,'Guararapes',26),(4915,'Guararema',26),(4916,'Guaratinguetá',26),(4917,'Guareí',26),(4918,'Guariba',26),(4919,'Guarujá',26),(4920,'Guarulhos',26),(4921,'Guatapará',26),(4922,'Guzolândia',26),(4923,'Herculândia',26),(4924,'Holambra',26),(4925,'Hortolândia',26),(4926,'Iacanga',26),(4927,'Iacri',26),(4928,'Iaras',26),(4929,'Ibaté',26),(4930,'Ibirá',26),(4931,'Ibirarema',26),(4932,'Ibitinga',26),(4933,'Ibiúna',26),(4934,'Icém',26),(4935,'Iepê',26),(4936,'Igaraçu do Tietê',26),(4937,'Igarapava',26),(4938,'Igaratá',26),(4939,'Iguape',26),(4940,'Ilha Comprida',26),(4941,'Ilha Solteira',26),(4942,'Ilhabela',26),(4943,'Indaiatuba',26),(4944,'Indiana',26),(4945,'Indiaporã',26),(4946,'Inúbia Paulista',26),(4947,'Ipaussu',26),(4948,'Iperó',26),(4949,'Ipeúna',26),(4950,'Ipiguá',26),(4951,'Iporanga',26),(4952,'Ipuã',26),(4953,'Iracemápolis',26),(4954,'Irapuã',26),(4955,'Irapuru',26),(4956,'Itaberá',26),(4957,'Itaí',26),(4958,'Itajobi',26),(4959,'Itaju',26),(4960,'Itanhaém',26),(4961,'Itaóca',26),(4962,'Itapecerica da Serra',26),(4963,'Itapetininga',26),(4964,'Itapeva',26),(4965,'Itapevi',26),(4966,'Itapira',26),(4967,'Itapirapuã Paulista',26),(4968,'Itápolis',26),(4969,'Itaporanga',26),(4970,'Itapuí',26),(4971,'Itapura',26),(4972,'Itaquaquecetuba',26),(4973,'Itararé',26),(4974,'Itariri',26),(4975,'Itatiba',26),(4976,'Itatinga',26),(4977,'Itirapina',26),(4978,'Itirapuã',26),(4979,'Itobi',26),(4980,'Itu',26),(4981,'Itupeva',26),(4982,'Ituverava',26),(4983,'Jaborandi',26),(4984,'Jaboticabal',26),(4985,'Jacareí',26),(4986,'Jaci',26),(4987,'Jacupiranga',26),(4988,'Jaguariúna',26),(4989,'Jales',26),(4990,'Jambeiro',26),(4991,'Jandira',26),(4992,'Jardinópolis',26),(4993,'Jarinu',26),(4994,'Jaú',26),(4995,'Jeriquara',26),(4996,'Joanópolis',26),(4997,'João Ramalho',26),(4998,'José Bonifácio',26),(4999,'Júlio Mesquita',26),(5000,'Jumirim',26),(5001,'Jundiaí',26),(5002,'Junqueirópolis',26),(5003,'Juquiá',26),(5004,'Juquitiba',26),(5005,'Lagoinha',26),(5006,'Laranjal Paulista',26),(5007,'Lavínia',26),(5008,'Lavrinhas',26),(5009,'Leme',26),(5010,'Lençóis Paulista',26),(5011,'Limeira',26),(5012,'Lindóia',26),(5013,'Lins',26),(5014,'Lorena',26),(5015,'Lourdes',26),(5016,'Louveira',26),(5017,'Lucélia',26),(5018,'Lucianópolis',26),(5019,'Luís Antônio',26),(5020,'Luiziânia',26),(5021,'Lupércio',26),(5022,'Lutécia',26),(5023,'Macatuba',26),(5024,'Macaubal',26),(5025,'Macedônia',26),(5026,'Magda',26),(5027,'Mairinque',26),(5028,'Mairiporã',26),(5029,'Manduri',26),(5030,'Marabá Paulista',26),(5031,'Maracaí',26),(5032,'Marapoama',26),(5033,'Mariápolis',26),(5034,'Marília',26),(5035,'Marinópolis',26),(5036,'Martinópolis',26),(5037,'Matão',26),(5038,'Mauá',26),(5039,'Mendonça',26),(5040,'Meridiano',26),(5041,'Mesópolis',26),(5042,'Miguelópolis',26),(5043,'Mineiros do Tietê',26),(5044,'Mira Estrela',26),(5045,'Miracatu',26),(5046,'Mirandópolis',26),(5047,'Mirante do Paranapanema',26),(5048,'Mirassol',26),(5049,'Mirassolândia',26),(5050,'Mococa',26),(5051,'Mogi das Cruzes',26),(5052,'Mogi Guaçu',26),(5053,'Moji Mirim',26),(5054,'Mombuca',26),(5055,'Monções',26),(5056,'Mongaguá',26),(5057,'Monte Alegre do Sul',26),(5058,'Monte Alto',26),(5059,'Monte Aprazível',26),(5060,'Monte Azul Paulista',26),(5061,'Monte Castelo',26),(5062,'Monte Mor',26),(5063,'Monteiro Lobato',26),(5064,'Morro Agudo',26),(5065,'Morungaba',26),(5066,'Motuca',26),(5067,'Murutinga do Sul',26),(5068,'Nantes',26),(5069,'Narandiba',26),(5070,'Natividade da Serra',26),(5071,'Nazaré Paulista',26),(5072,'Neves Paulista',26),(5073,'Nhandeara',26),(5074,'Nipoã',26),(5075,'Nova Aliança',26),(5076,'Nova Campina',26),(5077,'Nova Canaã Paulista',26),(5078,'Nova Castilho',26),(5079,'Nova Europa',26),(5080,'Nova Granada',26),(5081,'Nova Guataporanga',26),(5082,'Nova Independência',26),(5083,'Nova Luzitânia',26),(5084,'Nova Odessa',26),(5085,'Novais',26),(5086,'Novo Horizonte',26),(5087,'Nuporanga',26),(5088,'Ocauçu',26),(5089,'Óleo',26),(5090,'Olímpia',26),(5091,'Onda Verde',26),(5092,'Oriente',26),(5093,'Orindiúva',26),(5094,'Orlândia',26),(5095,'Osasco',26),(5096,'Oscar Bressane',26),(5097,'Osvaldo Cruz',26),(5098,'Ourinhos',26),(5099,'Ouro Verde',26),(5100,'Ouroeste',26),(5101,'Pacaembu',26),(5102,'Palestina',26),(5103,'Palmares Paulista',26),(5104,'Palmeira d`Oeste',26),(5105,'Palmital',26),(5106,'Panorama',26),(5107,'Paraguaçu Paulista',26),(5108,'Paraibuna',26),(5109,'Paraíso',26),(5110,'Paranapanema',26),(5111,'Paranapuã',26),(5112,'Parapuã',26),(5113,'Pardinho',26),(5114,'Pariquera-Açu',26),(5115,'Parisi',26),(5116,'Patrocínio Paulista',26),(5117,'Paulicéia',26),(5118,'Paulínia',26),(5119,'Paulistânia',26),(5120,'Paulo de Faria',26),(5121,'Pederneiras',26),(5122,'Pedra Bela',26),(5123,'Pedranópolis',26),(5124,'Pedregulho',26),(5125,'Pedreira',26),(5126,'Pedrinhas Paulista',26),(5127,'Pedro de Toledo',26),(5128,'Penápolis',26),(5129,'Pereira Barreto',26),(5130,'Pereiras',26),(5131,'Peruíbe',26),(5132,'Piacatu',26),(5133,'Piedade',26),(5134,'Pilar do Sul',26),(5135,'Pindamonhangaba',26),(5136,'Pindorama',26),(5137,'Pinhalzinho',26),(5138,'Piquerobi',26),(5139,'Piquete',26),(5140,'Piracaia',26),(5141,'Piracicaba',26),(5142,'Piraju',26),(5143,'Pirajuí',26),(5144,'Pirangi',26),(5145,'Pirapora do Bom Jesus',26),(5146,'Pirapozinho',26),(5147,'Pirassununga',26),(5148,'Piratininga',26),(5149,'Pitangueiras',26),(5150,'Planalto',26),(5151,'Platina',26),(5152,'Poá',26),(5153,'Poloni',26),(5154,'Pompéia',26),(5155,'Pongaí',26),(5156,'Pontal',26),(5157,'Pontalinda',26),(5158,'Pontes Gestal',26),(5159,'Populina',26),(5160,'Porangaba',26),(5161,'Porto Feliz',26),(5162,'Porto Ferreira',26),(5163,'Potim',26),(5164,'Potirendaba',26),(5165,'Pracinha',26),(5166,'Pradópolis',26),(5167,'Praia Grande',26),(5168,'Pratânia',26),(5169,'Presidente Alves',26),(5170,'Presidente Bernardes',26),(5171,'Presidente Epitácio',26),(5172,'Presidente Prudente',26),(5173,'Presidente Venceslau',26),(5174,'Promissão',26),(5175,'Quadra',26),(5176,'Quatá',26),(5177,'Queiroz',26),(5178,'Queluz',26),(5179,'Quintana',26),(5180,'Rafard',26),(5181,'Rancharia',26),(5182,'Redenção da Serra',26),(5183,'Regente Feijó',26),(5184,'Reginópolis',26),(5185,'Registro',26),(5186,'Restinga',26),(5187,'Ribeira',26),(5188,'Ribeirão Bonito',26),(5189,'Ribeirão Branco',26),(5190,'Ribeirão Corrente',26),(5191,'Ribeirão do Sul',26),(5192,'Ribeirão dos Índios',26),(5193,'Ribeirão Grande',26),(5194,'Ribeirão Pires',26),(5195,'Ribeirão Preto',26),(5196,'Rifaina',26),(5197,'Rincão',26),(5198,'Rinópolis',26),(5199,'Rio Claro',26),(5200,'Rio das Pedras',26),(5201,'Rio Grande da Serra',26),(5202,'Riolândia',26),(5203,'Riversul',26),(5204,'Rosana',26),(5205,'Roseira',26),(5206,'Rubiácea',26),(5207,'Rubinéia',26),(5208,'Sabino',26),(5209,'Sagres',26),(5210,'Sales',26),(5211,'Sales Oliveira',26),(5212,'Salesópolis',26),(5213,'Salmourão',26),(5214,'Saltinho',26),(5215,'Salto',26),(5216,'Salto de Pirapora',26),(5217,'Salto Grande',26),(5218,'Sandovalina',26),(5219,'Santa Adélia',26),(5220,'Santa Albertina',26),(5221,'Santa Bárbara d`Oeste',26),(5222,'Santa Branca',26),(5223,'Santa Clara d`Oeste',26),(5224,'Santa Cruz da Conceição',26),(5225,'Santa Cruz da Esperança',26),(5226,'Santa Cruz das Palmeiras',26),(5227,'Santa Cruz do Rio Pardo',26),(5228,'Santa Ernestina',26),(5229,'Santa Fé do Sul',26),(5230,'Santa Gertrudes',26),(5231,'Santa Isabel',26),(5232,'Santa Lúcia',26),(5233,'Santa Maria da Serra',26),(5234,'Santa Mercedes',26),(5235,'Santa Rita d`Oeste',26),(5236,'Santa Rita do Passa Quatro',26),(5237,'Santa Rosa de Viterbo',26),(5238,'Santa Salete',26),(5239,'Santana da Ponte Pensa',26),(5240,'Santana de Parnaíba',26),(5241,'Santo Anastácio',26),(5242,'Santo André',26),(5243,'Santo Antônio da Alegria',26),(5244,'Santo Antônio de Posse',26),(5245,'Santo Antônio do Aracanguá',26),(5246,'Santo Antônio do Jardim',26),(5247,'Santo Antônio do Pinhal',26),(5248,'Santo Expedito',26),(5249,'Santópolis do Aguapeí',26),(5250,'Santos',26),(5251,'São Bento do Sapucaí',26),(5252,'São Bernardo do Campo',26),(5253,'São Caetano do Sul',26),(5254,'São Carlos',26),(5255,'São Francisco',26),(5256,'São João da Boa Vista',26),(5257,'São João das Duas Pontes',26),(5258,'São João de Iracema',26),(5259,'São João do Pau d`Alho',26),(5260,'São Joaquim da Barra',26),(5261,'São José da Bela Vista',26),(5262,'São José do Barreiro',26),(5263,'São José do Rio Pardo',26),(5264,'São José do Rio Preto',26),(5265,'São José dos Campos',26),(5266,'São Lourenço da Serra',26),(5267,'São Luís do Paraitinga',26),(5268,'São Manuel',26),(5269,'São Miguel Arcanjo',26),(5270,'São Paulo',26),(5271,'São Pedro',26),(5272,'São Pedro do Turvo',26),(5273,'São Roque',26),(5274,'São Sebastião',26),(5275,'São Sebastião da Grama',26),(5276,'São Simão',26),(5277,'São Vicente',26),(5278,'Sarapuí',26),(5279,'Sarutaiá',26),(5280,'Sebastianópolis do Sul',26),(5281,'Serra Azul',26),(5282,'Serra Negra',26),(5283,'Serrana',26),(5284,'Sertãozinho',26),(5285,'Sete Barras',26),(5286,'Severínia',26),(5287,'Silveiras',26),(5288,'Socorro',26),(5289,'Sorocaba',26),(5290,'Sud Mennucci',26),(5291,'Sumaré',26),(5292,'Suzanápolis',26),(5293,'Suzano',26),(5294,'Tabapuã',26),(5295,'Tabatinga',26),(5296,'Taboão da Serra',26),(5297,'Taciba',26),(5298,'Taguaí',26),(5299,'Taiaçu',26),(5300,'Taiúva',26),(5301,'Tambaú',26),(5302,'Tanabi',26),(5303,'Tapiraí',26),(5304,'Tapiratiba',26),(5305,'Taquaral',26),(5306,'Taquaritinga',26),(5307,'Taquarituba',26),(5308,'Taquarivaí',26),(5309,'Tarabai',26),(5310,'Tarumã',26),(5311,'Tatuí',26),(5312,'Taubaté',26),(5313,'Tejupá',26),(5314,'Teodoro Sampaio',26),(5315,'Terra Roxa',26),(5316,'Tietê',26),(5317,'Timburi',26),(5318,'Torre de Pedra',26),(5319,'Torrinha',26),(5320,'Trabiju',26),(5321,'Tremembé',26),(5322,'Três Fronteiras',26),(5323,'Tuiuti',26),(5324,'Tupã',26),(5325,'Tupi Paulista',26),(5326,'Turiúba',26),(5327,'Turmalina',26),(5328,'Ubarana',26),(5329,'Ubatuba',26),(5330,'Ubirajara',26),(5331,'Uchoa',26),(5332,'União Paulista',26),(5333,'Urânia',26),(5334,'Uru',26),(5335,'Urupês',26),(5336,'Valentim Gentil',26),(5337,'Valinhos',26),(5338,'Valparaíso',26),(5339,'Vargem',26),(5340,'Vargem Grande do Sul',26),(5341,'Vargem Grande Paulista',26),(5342,'Várzea Paulista',26),(5343,'Vera Cruz',26),(5344,'Vinhedo',26),(5345,'Viradouro',26),(5346,'Vista Alegre do Alto',26),(5347,'Vitória Brasil',26),(5348,'Votorantim',26),(5349,'Votuporanga',26),(5350,'Zacarias',26),(5351,'Amparo de São Francisco',25),(5352,'Aquidabã',25),(5353,'Aracaju',25),(5354,'Arauá',25),(5355,'Areia Branca',25),(5356,'Barra dos Coqueiros',25),(5357,'Boquim',25),(5358,'Brejo Grande',25),(5359,'Campo do Brito',25),(5360,'Canhoba',25),(5361,'Canindé de São Francisco',25),(5362,'Capela',25),(5363,'Carira',25),(5364,'Carmópolis',25),(5365,'Cedro de São João',25),(5366,'Cristinápolis',25),(5367,'Cumbe',25),(5368,'Divina Pastora',25),(5369,'Estância',25),(5370,'Feira Nova',25),(5371,'Frei Paulo',25),(5372,'Gararu',25),(5373,'General Maynard',25),(5374,'Gracho Cardoso',25),(5375,'Ilha das Flores',25),(5376,'Indiaroba',25),(5377,'Itabaiana',25),(5378,'Itabaianinha',25),(5379,'Itabi',25),(5380,'Itaporanga d`Ajuda',25),(5381,'Japaratuba',25),(5382,'Japoatã',25),(5383,'Lagarto',25),(5384,'Laranjeiras',25),(5385,'Macambira',25),(5386,'Malhada dos Bois',25),(5387,'Malhador',25),(5388,'Maruim',25),(5389,'Moita Bonita',25),(5390,'Monte Alegre de Sergipe',25),(5391,'Muribeca',25),(5392,'Neópolis',25),(5393,'Nossa Senhora Aparecida',25),(5394,'Nossa Senhora da Glória',25),(5395,'Nossa Senhora das Dores',25),(5396,'Nossa Senhora de Lourdes',25),(5397,'Nossa Senhora do Socorro',25),(5398,'Pacatuba',25),(5399,'Pedra Mole',25),(5400,'Pedrinhas',25),(5401,'Pinhão',25),(5402,'Pirambu',25),(5403,'Poço Redondo',25),(5404,'Poço Verde',25),(5405,'Porto da Folha',25),(5406,'Propriá',25),(5407,'Riachão do Dantas',25),(5408,'Riachuelo',25),(5409,'Ribeirópolis',25),(5410,'Rosário do Catete',25),(5411,'Salgado',25),(5412,'Santa Luzia do Itanhy',25),(5413,'Santa Rosa de Lima',25),(5414,'Santana do São Francisco',25),(5415,'Santo Amaro das Brotas',25),(5416,'São Cristóvão',25),(5417,'São Domingos',25),(5418,'São Francisco',25),(5419,'São Miguel do Aleixo',25),(5420,'Simão Dias',25),(5421,'Siriri',25),(5422,'Telha',25),(5423,'Tobias Barreto',25),(5424,'Tomar do Geru',25),(5425,'Umbaúba',25),(5426,'Abreulândia',27),(5427,'Aguiarnópolis',27),(5428,'Aliança do Tocantins',27),(5429,'Almas',27),(5430,'Alvorada',27),(5431,'Ananás',27),(5432,'Angico',27),(5433,'Aparecida do Rio Negro',27),(5434,'Aragominas',27),(5435,'Araguacema',27),(5436,'Araguaçu',27),(5437,'Araguaína',27),(5438,'Araguanã',27),(5439,'Araguatins',27),(5440,'Arapoema',27),(5441,'Arraias',27),(5442,'Augustinópolis',27),(5443,'Aurora do Tocantins',27),(5444,'Axixá do Tocantins',27),(5445,'Babaçulândia',27),(5446,'Bandeirantes do Tocantins',27),(5447,'Barra do Ouro',27),(5448,'Barrolândia',27),(5449,'Bernardo Sayão',27),(5450,'Bom Jesus do Tocantins',27),(5451,'Brasilândia do Tocantins',27),(5452,'Brejinho de Nazaré',27),(5453,'Buriti do Tocantins',27),(5454,'Cachoeirinha',27),(5455,'Campos Lindos',27),(5456,'Cariri do Tocantins',27),(5457,'Carmolândia',27),(5458,'Carrasco Bonito',27),(5459,'Caseara',27),(5460,'Centenário',27),(5461,'Chapada da Natividade',27),(5462,'Chapada de Areia',27),(5463,'Colinas do Tocantins',27),(5464,'Colméia',27),(5465,'Combinado',27),(5466,'Conceição do Tocantins',27),(5467,'Couto de Magalhães',27),(5468,'Cristalândia',27),(5469,'Crixás do Tocantins',27),(5470,'Darcinópolis',27),(5471,'Dianópolis',27),(5472,'Divinópolis do Tocantins',27),(5473,'Dois Irmãos do Tocantins',27),(5474,'Dueré',27),(5475,'Esperantina',27),(5476,'Fátima',27),(5477,'Figueirópolis',27),(5478,'Filadélfia',27),(5479,'Formoso do Araguaia',27),(5480,'Fortaleza do Tabocão',27),(5481,'Goianorte',27),(5482,'Goiatins',27),(5483,'Guaraí',27),(5484,'Gurupi',27),(5485,'Ipueiras',27),(5486,'Itacajá',27),(5487,'Itaguatins',27),(5488,'Itapiratins',27),(5489,'Itaporã do Tocantins',27),(5490,'Jaú do Tocantins',27),(5491,'Juarina',27),(5492,'Lagoa da Confusão',27),(5493,'Lagoa do Tocantins',27),(5494,'Lajeado',27),(5495,'Lavandeira',27),(5496,'Lizarda',27),(5497,'Luzinópolis',27),(5498,'Marianópolis do Tocantins',27),(5499,'Mateiros',27),(5500,'Maurilândia do Tocantins',27),(5501,'Miracema do Tocantins',27),(5502,'Miranorte',27),(5503,'Monte do Carmo',27),(5504,'Monte Santo do Tocantins',27),(5505,'Muricilândia',27),(5506,'Natividade',27),(5507,'Nazaré',27),(5508,'Nova Olinda',27),(5509,'Nova Rosalândia',27),(5510,'Novo Acordo',27),(5511,'Novo Alegre',27),(5512,'Novo Jardim',27),(5513,'Oliveira de Fátima',27),(5514,'Palmas',27),(5515,'Palmeirante',27),(5516,'Palmeiras do Tocantins',27),(5517,'Palmeirópolis',27),(5518,'Paraíso do Tocantins',27),(5519,'Paranã',27),(5520,'Pau d`Arco',27),(5521,'Pedro Afonso',27),(5522,'Peixe',27),(5523,'Pequizeiro',27),(5524,'Pindorama do Tocantins',27),(5525,'Piraquê',27),(5526,'Pium',27),(5527,'Ponte Alta do Bom Jesus',27),(5528,'Ponte Alta do Tocantins',27),(5529,'Porto Alegre do Tocantins',27),(5530,'Porto Nacional',27),(5531,'Praia Norte',27),(5532,'Presidente Kennedy',27),(5533,'Pugmil',27),(5534,'Recursolândia',27),(5535,'Riachinho',27),(5536,'Rio da Conceição',27),(5537,'Rio dos Bois',27),(5538,'Rio Sono',27),(5539,'Sampaio',27),(5540,'Sandolândia',27),(5541,'Santa Fé do Araguaia',27),(5542,'Santa Maria do Tocantins',27),(5543,'Santa Rita do Tocantins',27),(5544,'Santa Rosa do Tocantins',27),(5545,'Santa Tereza do Tocantins',27),(5546,'Santa Terezinha do Tocantins',27),(5547,'São Bento do Tocantins',27),(5548,'São Félix do Tocantins',27),(5549,'São Miguel do Tocantins',27),(5550,'São Salvador do Tocantins',27),(5551,'São Sebastião do Tocantins',27),(5552,'São Valério da Natividade',27),(5553,'Silvanópolis',27),(5554,'Sítio Novo do Tocantins',27),(5555,'Sucupira',27),(5556,'Taguatinga',27),(5557,'Taipas do Tocantins',27),(5558,'Talismã',27),(5559,'Tocantínia',27),(5560,'Tocantinópolis',27),(5561,'Tupirama',27),(5562,'Tupiratins',27),(5563,'Wanderlândia',27),(5564,'Xambioá',27);
/*!40000 ALTER TABLE `cidade` ENABLE KEYS */;
UNLOCK TABLES;

--
-- Table structure for table `cliente`
--

DROP TABLE IF EXISTS `cliente`;
/*!40101 SET @saved_cs_client     = @@character_set_client */;
/*!40101 SET character_set_client = utf8 */;
CREATE TABLE `cliente` (
  `cd_cliente` int(4) NOT NULL AUTO_INCREMENT,
  `data_cadastro` date DEFAULT NULL,
  `cd_pessoa` int(6) DEFAULT NULL,
  `data_ultima_compra` date DEFAULT NULL,
  PRIMARY KEY (`cd_cliente`),
  UNIQUE KEY `cd_pessoa` (`cd_pessoa`)
) ENGINE=InnoDB AUTO_INCREMENT=4 DEFAULT CHARSET=latin1;
/*!40101 SET character_set_client = @saved_cs_client */;

--
-- Dumping data for table `cliente`
--

LOCK TABLES `cliente` WRITE;
/*!40000 ALTER TABLE `cliente` DISABLE KEYS */;
INSERT INTO `cliente` VALUES (1,'2013-05-17',2,'2013-09-24'),(2,'2013-07-18',3,'2013-09-24'),(3,'2013-07-18',4,'2013-09-13');
/*!40000 ALTER TABLE `cliente` ENABLE KEYS */;
UNLOCK TABLES;
/*!50003 SET @saved_cs_client      = @@character_set_client */ ;
/*!50003 SET @saved_cs_results     = @@character_set_results */ ;
/*!50003 SET @saved_col_connection = @@collation_connection */ ;
/*!50003 SET character_set_client  = utf8 */ ;
/*!50003 SET character_set_results = utf8 */ ;
/*!50003 SET collation_connection  = utf8_general_ci */ ;
/*!50003 SET @saved_sql_mode       = @@sql_mode */ ;
/*!50003 SET sql_mode              = 'STRICT_TRANS_TABLES,STRICT_ALL_TABLES,NO_ZERO_IN_DATE,NO_ZERO_DATE,ALLOW_INVALID_DATES,ERROR_FOR_DIVISION_BY_ZERO,TRADITIONAL,NO_AUTO_CREATE_USER,NO_ENGINE_SUBSTITUTION' */ ;
DELIMITER ;;
/*!50003 CREATE*/ /*!50017 DEFINER=`root`@`localhost`*/ /*!50003 TRIGGER `deletePessoaCliente` AFTER DELETE ON `cliente` FOR EACH ROW BEGIN
DELETE FROM pessoa where cd_pessoa = OLD.cd_pessoa;
END */;;
DELIMITER ;
/*!50003 SET sql_mode              = @saved_sql_mode */ ;
/*!50003 SET character_set_client  = @saved_cs_client */ ;
/*!50003 SET character_set_results = @saved_cs_results */ ;
/*!50003 SET collation_connection  = @saved_col_connection */ ;

--
-- Table structure for table `despesa`
--

DROP TABLE IF EXISTS `despesa`;
/*!40101 SET @saved_cs_client     = @@character_set_client */;
/*!40101 SET character_set_client = utf8 */;
CREATE TABLE `despesa` (
  `cd_despesa` int(7) NOT NULL AUTO_INCREMENT,
  `valor_despesa` float(6,2) DEFAULT NULL,
  `data_vencimento` date DEFAULT NULL,
  `isPaga` tinyint(1) DEFAULT NULL,
  `cd_tipo_despesa` int(4) DEFAULT NULL,
  `data_referente` date NOT NULL,
  `descricao` varchar(200) DEFAULT NULL,
  PRIMARY KEY (`cd_despesa`),
  KEY `despesa_ibfk_1` (`cd_tipo_despesa`),
  CONSTRAINT `despesa_ibfk_1` FOREIGN KEY (`cd_tipo_despesa`) REFERENCES `tipodespesa` (`cd_tipo_despesa`)
) ENGINE=InnoDB AUTO_INCREMENT=339 DEFAULT CHARSET=latin1;
/*!40101 SET character_set_client = @saved_cs_client */;

--
-- Dumping data for table `despesa`
--

LOCK TABLES `despesa` WRITE;
/*!40000 ALTER TABLE `despesa` DISABLE KEYS */;
INSERT INTO `despesa` VALUES (1,390.00,'2012-11-30',1,4,'2012-11-21','Décimo Terceiro Sandra'),(2,160.00,'2012-11-30',1,4,'2012-11-21','SINDICATO DO COMÉRCIO'),(3,322.64,'2012-11-23',1,5,'2012-11-21','CIRURGICA FERNANDES LTDA'),(4,331.25,'2012-12-08',1,5,'2012-11-23','CIRURGICA FERNANDES'),(5,381.43,'2012-12-14',1,5,'2012-11-23','PERFETA FLEX'),(6,64.00,'2012-12-04',1,1,'2012-11-23','AGUA'),(7,64.00,'2012-12-04',1,1,'2012-11-23','AGUA'),(8,450.55,'2012-12-18',1,5,'2012-11-23','SIGVARIS'),(9,450.41,'2013-01-01',1,5,'2012-11-23','SIGVARIS'),(10,450.42,'2013-01-15',1,5,'2012-11-23','SIGVARIS'),(11,309.55,'2013-01-01',1,5,'2012-11-23','ORTOPEDIA JAGUARIBE'),(12,309.55,'2013-01-15',1,5,'2012-11-23','ORTOPEDIA JAGUARIBE'),(13,309.53,'2012-12-04',1,5,'2012-11-23','ORTOPEDIA JAGUARIBE'),(14,309.55,'2012-12-18',1,5,'2012-11-23','ORTOPEDIA JAGUARIBE'),(16,285.00,'2012-12-01',1,4,'2012-11-27','HONORÁRIOS CONTECCI'),(18,97.98,'2012-12-07',1,4,'2012-11-27','GRF RECOLHIMENTO DO FGTS'),(19,37.57,'2012-12-12',1,4,'2012-11-28','Contribuição Assistencial'),(20,820.00,'2012-12-10',1,4,'2012-11-28','Salário Sandra'),(21,107.02,'2012-12-06',1,3,'2012-12-04','ooo'),(22,515.18,'2012-12-24',1,5,'2012-12-04','MARIMAR 1 PARCELA'),(23,515.19,'2013-01-03',1,5,'2012-12-04','MARIMAR 2 PARCELA'),(25,294.47,'2013-01-04',1,5,'2012-12-10','CHANTAL 1 PARCELA'),(26,294.38,'2013-01-18',1,5,'2012-12-10','CHANTAL 2 PARCELA'),(27,294.39,'2013-02-01',1,5,'2012-12-10','CHANTAL 3 PARCELA'),(28,56.65,'2012-12-17',1,5,'2012-12-10','RAITO'),(29,203.62,'2012-12-20',1,4,'2012-12-14','GPS - PREVIDENCIA SOCIAL'),(30,248.04,'2013-01-08',1,5,'2012-12-14','salvapé'),(31,431.84,'2013-01-15',1,5,'2012-12-14','LUNAMED'),(32,449.35,'2013-01-02',1,5,'2012-12-14','BACE'),(33,518.40,'2013-01-13',1,5,'2012-12-14','CIRURGICA FERNANDES'),(34,62.40,'2012-12-20',1,4,'2012-12-14','GPS- PREVIDENCIA SOCIAL'),(35,327.60,'2012-12-20',1,4,'2012-12-14','13 SANDRA  2 PARCELA'),(36,257.12,'2013-01-03',1,5,'2012-12-17','CBS'),(37,285.00,'2013-01-02',1,4,'2012-12-17','HONORARIOS CONTABEIS'),(38,216.15,'2012-12-20',1,4,'2012-12-17','DAS - MINISTERIO DA FAZENDA'),(39,64.00,'2013-01-03',1,1,'2012-12-18','agua'),(40,64.00,'2013-01-03',1,1,'2012-12-18','agua 2'),(41,583.64,'2013-01-16',1,5,'2012-12-19','CBS 2 PARCELA'),(42,583.64,'2013-01-02',1,5,'2012-12-19','CBS 1 PARCELA'),(43,93.60,'2013-01-07',1,4,'2012-12-19','FGTS'),(44,199.24,'2013-01-18',1,4,'2012-12-19','GPS - PREVIDENCIA SOCIAL'),(45,717.60,'2013-01-07',1,4,'2012-12-19','PAGAMENTO SANDRA '),(46,515.19,'2013-01-05',1,5,'2012-12-21','take care worth fomento comodidade'),(47,353.94,'2012-12-31',1,5,'2012-12-24','ortopedia jaguaribe'),(48,343.53,'2013-01-14',1,5,'2012-12-24','ortopedia jaguaribe'),(49,343.53,'2013-01-28',1,5,'2012-12-24','ortopedia jaguaribe'),(50,84.12,'2013-01-16',1,2,'2013-01-03','LUZ'),(51,129.36,'2013-01-06',1,3,'2013-01-03','VIVO'),(52,472.70,'2013-01-16',1,5,'2013-01-03','GLC ORTOPEDIA'),(53,472.70,'2013-02-15',1,5,'2013-01-03','GLC 2 PARCELA'),(54,472.70,'2013-03-17',1,5,'2013-01-03','GLC 3 PARCELA'),(55,354.48,'2013-01-10',1,4,'2013-01-09','IPTU'),(56,354.48,'2013-02-10',1,4,'2013-01-09','IPTU'),(57,354.48,'2013-03-10',1,4,'2013-01-09','IPTU'),(58,354.48,'2013-04-10',1,4,'2013-01-09','IPTU'),(59,354.48,'2013-05-10',1,4,'2013-01-09','IPTU'),(60,354.48,'2013-06-10',1,4,'2013-01-09','IPTU'),(61,354.48,'2013-07-10',1,4,'2013-01-09','IPTU'),(62,354.48,'2013-08-10',1,4,'2013-01-09','IPTU'),(63,354.48,'2013-09-10',1,4,'2013-01-09','IPTU'),(64,354.48,'2013-10-10',1,4,'2013-01-09','IPTU'),(65,354.48,'2013-11-10',1,4,'2013-01-09','IPTU'),(66,354.48,'2013-12-10',1,4,'2013-01-09','IPTU'),(67,54.25,'2013-01-14',1,5,'2013-01-11','EXLOG'),(68,144.74,'2013-01-17',1,5,'2013-01-11','RAITO'),(69,421.59,'2013-01-17',1,4,'2013-01-17','DAS- SIMPLES NACIONAL'),(70,64.00,'2013-02-04',1,1,'2013-01-18','AGUA 1'),(71,64.00,'2013-02-04',1,1,'2013-01-18','AGUA2'),(72,250.18,'2013-01-31',1,4,'2013-01-18','COREN-SP'),(73,315.00,'2013-02-01',1,4,'2013-01-28','Honorários Contábeis'),(74,320.00,'2013-01-31',1,4,'2013-01-28','sindicato do comercio varejista da baixada santista'),(75,336.34,'2013-02-08',1,5,'2013-01-28','cirurgica fernandes 1parcela'),(76,180.00,'2013-02-13',1,5,'2013-01-28','worth fomento mercantil MARIRMAR'),(77,334.45,'2013-02-15',1,5,'2013-01-28','CIRURGICA FERNANDES 2PARCELA'),(78,344.57,'2013-02-25',1,5,'2013-01-28','CIRURGICA FERNANDES 3PARCELA'),(79,62.40,'2013-02-07',1,4,'2013-01-28','FGTS'),(80,211.56,'2013-02-20',1,4,'2013-01-28','PREVIDENCIA SOCIAL'),(81,717.60,'2013-02-06',1,5,'2013-01-28','SALARIO SANDRA'),(82,583.64,'2013-01-09',1,5,'2013-01-29','CBS 3'),(83,418.97,'2013-01-11',1,5,'2013-01-29','Ortoplus'),(84,188.00,'2013-01-13',1,5,'2013-01-29','SILICONFORT NF VIA E-MAIL'),(85,418.97,'2013-01-18',1,5,'2013-01-29','ortoplus '),(86,139.44,'2013-01-20',1,4,'2013-01-29','1TRIBUTO MOBILIÁRIO 2013'),(87,139.44,'2013-03-20',1,4,'2013-01-29','2TRIBUTO MOBILIÁRIO2013'),(88,134.44,'2013-05-20',1,4,'2013-01-29','3IMPOSTO MOBILIARIO2013'),(89,139.44,'2013-07-20',1,4,'2013-01-29','4TRIBUTO MOBILIARIO2013'),(90,139.44,'2013-09-20',1,4,'2013-01-29','5TRIBUTO MOBILIARIO2013'),(91,139.44,'2013-11-20',0,4,'2013-01-29','6TRIBUTO MOBILIARIO2013'),(92,40.16,'2013-02-18',1,2,'2013-02-06','energia'),(93,223.39,'2013-02-13',1,5,'2013-02-06','Boleto ProCorpus TakeCare'),(94,223.39,'2013-02-28',1,5,'2013-02-06','ProCorpus2 TkeCare'),(95,32.07,'2013-02-15',1,5,'2013-02-06','RAITO'),(96,193.96,'2013-02-06',1,3,'2013-02-06','TELEFONE 1'),(97,301.29,'2013-02-15',1,5,'2013-02-13','jaguaribe 1parcela'),(98,295.71,'2013-03-01',1,5,'2013-02-13','jaguaribe 2parcela'),(99,295.71,'2013-03-15',1,5,'2013-02-13','jaguaribe 3parcela'),(100,295.71,'2013-03-29',1,5,'2013-02-13','jaguaribe 4parcela'),(101,383.56,'2013-02-20',1,4,'2013-02-15','DAS-SIMPLES NACIONAL'),(102,128.00,'2013-03-05',1,1,'2013-02-19','2 contas agua'),(103,372.62,'2013-03-15',1,5,'2013-02-21','Cirurgica Fernandes'),(104,449.60,'2013-02-26',1,1,'2013-02-21','Ortopedia Jaguaribe'),(105,315.00,'2013-03-01',1,4,'2013-02-22','honorarios contabeis'),(106,387.43,'2013-03-21',1,5,'2013-03-05','CBS'),(107,48.04,'2013-03-15',1,2,'2013-03-05','LUZ'),(108,201.16,'2013-03-20',1,4,'2013-03-05','GPS-PREV.SOCIAL'),(109,191.00,'2013-03-17',1,5,'2013-03-11','siliconfort 1/2'),(111,372.06,'2013-03-10',1,5,'2013-03-11','jaguaribe 1/4'),(112,401.83,'2013-03-14',1,5,'2013-03-11','cbs'),(113,510.86,'2013-03-18',1,5,'2013-03-11','mercur'),(114,401.82,'2013-03-21',1,5,'2013-03-11','cbs'),(115,252.76,'2013-03-21',1,5,'2013-03-11','bace'),(116,372.07,'2013-03-24',1,5,'2013-03-11','jaguaribe 2/4'),(117,352.89,'2013-03-25',1,5,'2013-03-11','cbs'),(118,295.71,'2013-03-29',1,5,'2013-03-11','jaguaribe 4/4'),(119,352.89,'2013-04-01',1,5,'2013-03-11','cbs'),(120,82.00,'2013-04-04',1,5,'2013-03-14','siliconfort'),(121,430.41,'2013-04-09',1,5,'2013-03-15','abc instrumental'),(122,301.62,'2013-04-11',1,5,'2013-03-15','cirurgica fernandes 1/2'),(123,115.38,'2013-03-15',1,5,'2013-03-15','raito'),(124,327.35,'2013-03-20',1,4,'2013-03-15','DAS'),(125,40.49,'2013-03-20',1,4,'2013-03-15','DAS DIF. NFSANDRA'),(126,133.80,'2013-04-01',1,5,'2013-03-15','GRAFICA TALAO NFS'),(127,100.00,'2013-03-18',1,4,'2013-03-15','IR DANI'),(128,192.00,'2013-03-15',1,5,'2013-03-15','SILICONFORT 1/2'),(130,350.00,'2013-03-18',1,5,'2013-03-18','bombeiros'),(131,600.00,'2013-03-18',1,5,'2013-03-18','CLARA'),(132,405.00,'2013-04-27',1,5,'2013-03-18','take care'),(133,65.30,'2013-04-04',1,1,'2013-03-19','agua1/2'),(134,65.30,'2013-04-04',1,1,'2013-03-19','agua 2/2'),(135,297.27,'2013-04-26',1,5,'2013-03-22','cirurgica fernandes 2/2'),(136,378.64,'2013-04-18',1,5,'2013-03-26','cbs'),(137,644.52,'2013-04-20',1,5,'2013-03-26','worth fomento mercantil MARIMAR'),(138,372.07,'2013-04-07',1,5,'2013-04-01','jaguaribe'),(139,417.96,'2013-04-15',1,5,'2013-04-01','mercur'),(140,372.07,'2013-04-21',1,5,'2013-04-01','jaguaribe'),(141,315.00,'2013-04-01',1,5,'2013-04-01','honorarios contabeis'),(142,529.88,'2013-04-19',1,5,'2013-04-01','jaguaribe'),(143,55.08,'2013-04-15',1,2,'2013-04-01','luz'),(144,149.16,'2013-04-19',1,4,'2013-04-01','gps-guiaprev.social'),(145,145.71,'2013-03-06',1,3,'2013-04-05','vivo'),(146,165.12,'2013-04-06',1,3,'2013-04-05','vivo'),(147,113.34,'2013-04-15',1,5,'2013-04-05','raito'),(148,946.32,'2013-04-25',1,5,'2013-04-05','SIGVARIS'),(149,180.00,'2013-04-18',1,4,'2013-04-15','declaração IRPJ'),(150,267.92,'2013-04-19',1,5,'2013-04-15','JAGUARIBE 1/2'),(151,261.96,'2013-05-03',1,5,'2013-04-15','JAGUARIBE 2/2'),(152,324.94,'2013-04-23',1,4,'2013-04-15','DAS'),(154,277.47,'2013-05-03',1,5,'2013-04-15','CHANTAL'),(155,277.39,'2013-05-17',1,5,'2013-04-15','CHANTAL'),(156,708.47,'2013-05-14',1,5,'2013-04-17','sigvaris'),(157,708.47,'2013-05-28',1,5,'2013-04-17','sigvaris'),(158,600.00,'2013-04-15',1,5,'2013-04-17','clara'),(159,600.00,'2013-03-15',1,5,'2013-04-17','clara'),(160,128.00,'2013-05-06',1,1,'2013-04-18','2 contas'),(161,315.00,'2013-05-01',1,4,'2013-04-26','honorarios contabeis'),(162,149.16,'2013-05-20',1,4,'2013-04-26','GPS Guia Prev Social'),(163,457.99,'2013-06-11',1,5,'2013-04-26','mercur 2/2'),(164,534.08,'2013-05-14',1,5,'2013-04-26','mercur 1/2'),(165,334.67,'2013-05-03',1,5,'2013-04-26','cbs 1/2'),(166,334.66,'2013-05-10',1,5,'2013-04-26','cbs 2/2'),(167,873.09,'2013-05-17',1,5,'2013-04-26','kountry-elias confecções'),(168,306.60,'2013-05-17',1,5,'2013-04-26','glc 1/3'),(169,304.00,'2013-06-16',1,5,'2013-04-26','glc 2/2'),(170,304.00,'2013-07-16',1,5,'2013-04-26','glc 3/3'),(171,434.50,'2013-05-14',1,5,'2013-04-26','SANTA RITA'),(172,217.00,'2013-05-16',1,5,'2013-04-26','takecare 1/3'),(173,217.00,'2013-05-31',1,5,'2013-04-26','takecare 2/3'),(174,217.00,'2013-06-15',1,5,'2013-04-26','takecare 3/3'),(175,277.39,'2013-05-31',1,5,'2013-04-26','chantal'),(177,60.93,'2013-05-16',1,2,'2013-05-07','luz'),(178,31.54,'2013-05-06',1,3,'2013-05-07','vivo com desconto'),(179,50.30,'2013-05-13',1,5,'2013-05-07','EXLOG'),(181,530.43,'2013-05-30',1,5,'2013-05-07','cbs 2/2'),(182,318.11,'2013-05-30',1,5,'2013-05-07','carci'),(183,213.63,'2013-05-15',1,5,'2013-05-09','RAITO'),(184,47.75,'2013-05-15',1,4,'2013-05-10','icms'),(185,458.08,'2013-06-06',1,5,'2013-05-13','cbs 1/2'),(186,458.07,'2013-06-13',1,5,'2013-05-13','cbs 2/2'),(187,339.00,'2013-06-06',1,5,'2013-05-13','vida Litragem'),(188,530.43,'2013-05-23',1,5,'2013-05-13','cbs 1/2'),(189,580.00,'2013-05-16',1,5,'2013-05-16','siliconfort'),(190,390.96,'2013-05-20',1,5,'2013-05-16','DAS - SIMPLES NACIONAL'),(191,533.60,'2013-06-07',1,5,'2013-05-16','BACE'),(192,363.96,'2013-06-12',1,5,'2013-05-16','cirurgica fernandes'),(193,355.02,'2013-06-19',1,5,'2013-05-16','cirurgica fernandes'),(194,130.68,'2013-06-05',1,1,'2013-05-20','2contas'),(195,228.50,'2013-06-09',1,5,'2013-05-23','take care 1/4'),(196,228.50,'2013-07-19',1,5,'2013-05-23','take care 2/4'),(197,228.50,'2013-08-03',1,5,'2013-05-23','take care 3/4'),(198,228.50,'2013-08-18',1,5,'2013-05-23','take  care 4/4'),(199,711.58,'2013-05-25',1,5,'2013-05-28','jaguaribe'),(200,149.16,'2013-06-20',1,4,'2013-05-28','gps-prev social'),(201,315.00,'2013-06-01',1,5,'2013-05-28','honorarios contabeis'),(202,711.58,'2013-06-08',1,5,'2013-05-28','jaguaribe 2/6'),(203,711.58,'2013-06-22',1,5,'2013-05-29','jaguaribe 3/6'),(204,505.53,'2013-06-27',1,5,'2013-05-29','Sta Rita'),(205,711.58,'2013-07-06',1,5,'2013-05-29','jaguaribe 4/6'),(206,711.58,'2013-07-20',1,5,'2013-05-29','jaguaribe 5/6'),(207,711.57,'2013-08-04',1,5,'2013-05-29','jaguaribe 6/6'),(208,402.21,'2013-06-25',1,5,'2013-05-29','espumabraz'),(209,402.21,'2013-07-09',1,5,'2013-05-29','espumabraz 2/2'),(210,153.33,'2013-06-06',1,3,'2013-06-04','vivo'),(211,15.09,'2013-06-10',1,3,'2013-06-04','tim'),(212,615.51,'2013-06-21',1,5,'2013-06-04','glc 1/4'),(213,615.53,'2013-07-21',1,5,'2013-06-04','glc 2/4'),(214,615.53,'2013-08-20',1,5,'2013-06-04','glc 3/4'),(215,615.53,'2013-09-19',1,5,'2013-06-04','glc 4/4'),(216,407.12,'2013-06-26',1,5,'2013-06-04','chantal 1/3'),(217,405.65,'2013-07-10',1,5,'2013-06-04','chantal 2/3'),(218,405.64,'2013-07-24',1,5,'2013-06-04','chantal 3/3'),(219,350.00,'2013-06-05',1,5,'2013-06-07','salário Beatriz 15 dias'),(220,63.02,'2013-06-13',1,5,'2013-06-07','exlog'),(221,49.94,'2013-06-17',1,2,'2013-06-10','luz'),(222,437.77,'2013-07-09',1,5,'2013-06-17','cbs 1/2'),(223,437.76,'2013-07-16',1,5,'2013-06-17','cbs 2/2'),(224,216.00,'2013-06-17',1,5,'2013-06-17','raito'),(225,615.00,'2013-06-24',1,5,'2013-06-25','siliconfort'),(226,483.39,'2013-07-19',1,5,'2013-06-27','bace'),(227,321.83,'2013-07-01',1,5,'2013-06-27','honorarios contabeis'),(228,131.00,'2013-07-03',1,1,'2013-06-27','duas contas'),(229,382.60,'2013-06-25',1,4,'2013-06-27','DAS-SIMPLES NACIONAL'),(230,350.00,'2013-07-29',1,5,'2013-06-28','KinesioSport'),(232,519.11,'2013-08-07',1,5,'2013-07-15','CBS 1/3'),(233,523.94,'2013-08-23',1,5,'2013-07-15','CBS 2/3 em atraso'),(234,519.11,'2013-08-21',1,5,'2013-07-15','CBS 3/3'),(235,333.87,'2013-07-23',1,5,'2013-07-15','JAGUARIBE 1/4'),(236,333.87,'2013-08-06',1,5,'2013-07-15','JAGUARIBE 2/4	'),(237,332.53,'2013-08-20',1,5,'2013-07-15','JAGUARIBE 3/4'),(238,332.53,'2013-09-03',1,5,'2013-07-15','JAGUARIBE 4/4'),(239,433.70,'2013-08-22',1,5,'2013-07-15','SUPERMEDY'),(240,987.45,'2013-07-26',1,5,'2013-07-15','SIGVARIS'),(241,566.27,'2013-07-29',1,5,'2013-07-15','MERCUR 1/3'),(242,458.07,'2013-08-12',1,5,'2013-07-15','MERCUR 2/3'),(243,458.06,'2013-08-26',1,5,'2013-07-15','MERCUR 3/3'),(244,142.17,'2013-07-06',1,3,'2013-07-15','VIVO'),(245,45.63,'2013-07-15',1,5,'2013-07-15','RAITO'),(246,175.83,'2013-07-10',1,3,'2013-07-15','TIM'),(247,149.16,'2013-07-19',1,4,'2013-07-15','GPS-PREV SOCIAL'),(248,203.60,'2013-07-28',1,5,'2013-07-15','TAKE CARE 1/4'),(249,203.60,'2013-08-27',1,5,'2013-07-15','TAKE CARE 2/4'),(250,203.60,'2013-09-11',1,5,'2013-07-15','TAKE CARE 3/4'),(251,203.60,'2013-09-26',1,5,'2013-07-15','TAKE CARE 4/4'),(252,131.00,'2013-08-05',1,1,'2013-07-24','duas contas'),(253,412.95,'2013-08-05',1,5,'2013-07-24','HDI DO BRASIL'),(254,379.54,'2013-07-24',1,4,'2013-07-25','DAS-SIMPLES NACIONAL'),(255,315.00,'2013-08-01',1,5,'2013-07-26','honorarios contabeis'),(256,344.04,'2013-08-30',1,5,'2013-08-05','santa rita 1/2'),(257,344.03,'2013-09-05',1,5,'2013-08-05','santa rita 2/2'),(258,101.66,'2013-08-15',1,5,'2013-08-07','RAITO'),(259,149.16,'2013-08-20',1,5,'2013-08-07','GPS-PREV SOCIAL'),(260,940.00,'2013-08-12',1,5,'2013-08-12','JALECOS MADALENA 42 PEÇAS'),(262,127.38,'2013-08-15',1,4,'2013-08-12','RECOLHIMENTOS ESPECIAIS SUBST TRIBUT'),(263,356.59,'2013-09-14',1,5,'2013-08-12','STA RITA'),(264,839.80,'2013-08-29',1,5,'2013-08-12','VIDA LITRAGEM'),(265,138.94,'2013-08-13',1,3,'2013-08-13','vivo atrasada'),(266,73.75,'2013-08-16',1,2,'2013-08-13','luz'),(267,391.84,'2013-08-20',1,4,'2013-08-16','DAS-SIMPLES NACIONAL'),(268,134.00,'2013-09-04',1,1,'2013-08-22','duas contas'),(269,149.16,'2013-09-20',1,4,'2013-08-22','gps- prev social'),(270,541.60,'2013-09-11',1,5,'2013-08-23','dortler do brasil'),(271,490.50,'2013-09-08',1,5,'2013-08-26','cbs'),(272,569.96,'2013-09-13',1,5,'2013-08-26','polarfix 1/2'),(273,501.36,'2013-09-28',1,5,'2013-08-26','polarfix 2/2'),(274,451.85,'2013-09-05',1,5,'2013-08-26','cbs 1/2'),(275,452.45,'2013-09-12',1,5,'2013-08-26','cbs 2/2'),(276,739.98,'2013-09-21',1,5,'2013-08-26','MARIMAR 1/2'),(277,714.25,'2013-09-28',1,5,'2013-08-26','MARIMAR 2/2'),(278,315.00,'2013-09-01',1,5,'2013-08-26','honorarios contabeis'),(279,268.78,'2013-09-20',1,5,'2013-08-27','TAKE CARE 1/3'),(280,267.73,'2013-10-20',0,5,'2013-08-27','TAKE CARE 2/3'),(281,267.73,'2013-11-19',0,5,'2013-08-27','TAKE CARE 3/3'),(282,600.00,'2013-08-27',1,5,'2013-08-27','clara'),(283,380.57,'2013-09-26',1,5,'2013-08-27','cirurg fernandes 2/2'),(284,385.75,'2013-09-17',1,5,'2013-08-27','cirurg fernandes 1/2'),(285,624.00,'2013-09-13',1,5,'2013-08-30','glc 1/4'),(286,624.00,'2013-10-13',0,5,'2013-08-30','glc 2/4'),(287,624.00,'2013-11-12',0,5,'2013-08-30','glc 3/4'),(288,624.00,'2013-12-12',0,5,'2013-08-30','glc 4/4'),(289,270.85,'2013-09-26',1,5,'2013-08-30','perfeta flex 1/2'),(290,270.84,'2013-10-11',0,5,'2013-08-30','perfeta flex 2/2'),(291,310.00,'2013-09-18',1,5,'2013-09-03','ms jau'),(292,82.99,'2013-09-16',1,2,'2013-09-03','luz'),(293,138.29,'2013-09-06',1,3,'2013-09-03','vivo'),(294,94.44,'2013-09-12',1,5,'2013-09-03','tranport AMERICANA'),(295,582.12,'2013-09-26',1,5,'2013-09-04','bace'),(296,106.04,'2013-09-10',1,3,'2013-09-04','tim'),(297,56.44,'2013-09-06',1,4,'2013-09-04','diferencial de aliquota HDI DO BRASIL'),(298,80.69,'2013-09-06',1,4,'2013-09-04','DIFERENCIAL ALIQUOTA MERCUR'),(299,300.00,'2013-09-10',1,5,'2013-09-04','investimento marketing festa manjuba'),(300,336.85,'2013-09-16',1,5,'2013-09-04','RAITO'),(301,350.00,'2013-09-05',1,5,'2013-09-05','pagamento funcionaria 15 dias'),(302,400.90,'2013-09-16',1,5,'2013-09-10','jaguaribe 1/3'),(303,389.10,'2013-09-30',1,5,'2013-09-10','jaguaribe 2/3'),(304,389.10,'2013-10-14',0,5,'2013-09-10','jaguaribe 3/3'),(305,371.52,'2013-10-07',1,5,'2013-09-11','VIDA LITRAGEM'),(306,175.07,'2013-09-16',1,4,'2013-09-16','ICMS-RECOLHIMENTOS ESPECIAIS'),(307,585.58,'2013-09-20',1,4,'2013-09-16','DAS-SIMPLES NACIONAL'),(308,313.82,'2013-10-11',0,5,'2013-09-16','COALA'),(309,131.00,'2013-10-03',1,1,'2013-09-17','2 contas'),(310,315.00,'2013-10-01',1,5,'2013-09-25','honorarios contabeis'),(311,483.10,'2013-10-21',0,5,'2013-09-25','sigvaris 1/2'),(312,483.10,'2013-11-04',0,5,'2013-09-25','sigvaris 2/2'),(313,796.50,'2013-10-14',0,5,'2013-09-25','supermax 1/2'),(314,796.50,'2013-10-21',0,5,'2013-09-25','sigvaris 2/2'),(315,467.18,'2013-11-05',0,5,'2013-09-25','kendall 1/3'),(316,467.18,'2013-12-03',0,5,'2013-09-25','kendall 2/3'),(317,467.33,'2013-12-31',0,5,'2013-09-25','kendall 3/3'),(318,566.85,'2013-10-10',1,5,'2013-09-25','cbs 1/3'),(319,566.85,'2013-10-17',0,5,'2013-09-25','cbs 2/3'),(320,566.84,'2013-10-24',0,5,'2013-09-25','cbs 3/3'),(321,149.16,'2013-10-18',0,4,'2013-09-26','gps-guia prev. social'),(322,350.00,'2013-10-01',1,5,'2013-10-01','Pagamento bea 15 dias'),(323,600.00,'2013-10-01',1,5,'2013-10-01','pagamento clara'),(324,362.96,'2013-10-09',0,5,'2013-10-01','glc 1/3'),(325,331.97,'2013-11-08',0,5,'2013-10-01','glc 2/3'),(326,331.97,'2013-12-08',0,5,'2013-10-01','glc 3/3'),(327,173.92,'2013-10-06',0,6,'2013-10-01','vivo'),(328,992.70,'2013-10-25',0,5,'2013-10-02','dortler luvas prot.solar'),(329,118.23,'2013-10-10',1,3,'2013-10-02','tim'),(330,128.28,'2013-10-16',0,2,'2013-10-02','luz'),(331,402.85,'2013-11-04',0,5,'2013-10-11','luimed 1/2'),(332,370.85,'2013-11-18',0,5,'2013-10-11','luimed 2/2'),(333,374.64,'2013-10-15',0,4,'2013-10-11','subst. tributaria SUPERMAX'),(334,638.82,'2013-10-28',0,5,'2013-10-11','abc 1/3'),(335,638.83,'2013-11-04',0,5,'2013-10-11','abc 2/3'),(336,638.83,'2013-11-11',0,5,'2013-10-11','abc 3/3'),(337,657.51,'2013-10-30',0,5,'2013-10-11','bace'),(338,94.21,'2013-10-15',0,5,'2013-10-11','RAITO');
/*!40000 ALTER TABLE `despesa` ENABLE KEYS */;
UNLOCK TABLES;

--
-- Table structure for table `estado`
--

DROP TABLE IF EXISTS `estado`;
/*!40101 SET @saved_cs_client     = @@character_set_client */;
/*!40101 SET character_set_client = utf8 */;
CREATE TABLE `estado` (
  `cd_estado` int(4) NOT NULL AUTO_INCREMENT,
  `nm_estado` varchar(100) DEFAULT NULL,
  `UF` varchar(2) DEFAULT NULL,
  `cd_pais` int(4) DEFAULT NULL,
  PRIMARY KEY (`cd_estado`),
  KEY `estado_ibfk_1` (`cd_pais`),
  CONSTRAINT `estado_ibfk_1` FOREIGN KEY (`cd_pais`) REFERENCES `pais` (`cd_pais`)
) ENGINE=InnoDB AUTO_INCREMENT=28 DEFAULT CHARSET=latin1;
/*!40101 SET character_set_client = @saved_cs_client */;

--
-- Dumping data for table `estado`
--

LOCK TABLES `estado` WRITE;
/*!40000 ALTER TABLE `estado` DISABLE KEYS */;
INSERT INTO `estado` VALUES (1,'Acre','AC',1),(2,'Alagoas','AL',1),(3,'Amazonas','AM',1),(4,'Amapá','AP',1),(5,'Bahia','BA',1),(6,'Ceará','CE',1),(7,'Distrito Federal','DF',1),(8,'Espírito Santo','ES',1),(9,'Goiás','GO',1),(10,'Maranhão','MA',1),(11,'Minas Gerais','MG',1),(12,'Mato Grosso do Sul','MS',1),(13,'Mato Grosso','MT',1),(14,'Pará','PA',1),(15,'Paraíba','PB',1),(16,'Pernambuco','PE',1),(17,'Piauí','PI',1),(18,'Paraná','PR',1),(19,'Rio de Janeiro','RJ',1),(20,'Rio Grande do Norte','RN',1),(21,'Rondônia','RO',1),(22,'Roraima','RR',1),(23,'Rio Grande do Sul','RS',1),(24,'Santa Catarina','SC',1),(25,'Sergipe','SE',1),(26,'São Paulo','SP',1),(27,'Tocantins','TO',1);
/*!40000 ALTER TABLE `estado` ENABLE KEYS */;
UNLOCK TABLES;

--
-- Table structure for table `estadocivil`
--

DROP TABLE IF EXISTS `estadocivil`;
/*!40101 SET @saved_cs_client     = @@character_set_client */;
/*!40101 SET character_set_client = utf8 */;
CREATE TABLE `estadocivil` (
  `cd_estado_civil` int(7) NOT NULL AUTO_INCREMENT,
  `nm_estado_civil` varchar(20) DEFAULT NULL,
  PRIMARY KEY (`cd_estado_civil`)
) ENGINE=InnoDB AUTO_INCREMENT=6 DEFAULT CHARSET=latin1;
/*!40101 SET character_set_client = @saved_cs_client */;

--
-- Dumping data for table `estadocivil`
--

LOCK TABLES `estadocivil` WRITE;
/*!40000 ALTER TABLE `estadocivil` DISABLE KEYS */;
INSERT INTO `estadocivil` VALUES (1,'Solteiro(a)'),(2,'Casado(a)'),(3,'Divorciado(a)'),(4,'Viúvo(a)'),(5,'Outros');
/*!40000 ALTER TABLE `estadocivil` ENABLE KEYS */;
UNLOCK TABLES;

--
-- Table structure for table `formapagamento`
--

DROP TABLE IF EXISTS `formapagamento`;
/*!40101 SET @saved_cs_client     = @@character_set_client */;
/*!40101 SET character_set_client = utf8 */;
CREATE TABLE `formapagamento` (
  `cd_forma_pagamento` int(11) NOT NULL AUTO_INCREMENT,
  `nm_forma_pagamento` varchar(60) DEFAULT NULL,
  PRIMARY KEY (`cd_forma_pagamento`)
) ENGINE=InnoDB AUTO_INCREMENT=5 DEFAULT CHARSET=latin1;
/*!40101 SET character_set_client = @saved_cs_client */;

--
-- Dumping data for table `formapagamento`
--

LOCK TABLES `formapagamento` WRITE;
/*!40000 ALTER TABLE `formapagamento` DISABLE KEYS */;
INSERT INTO `formapagamento` VALUES (1,'Dinheiro'),(2,'Cheque'),(3,'Cartão de Débito'),(4,'Cartão de Crédito');
/*!40000 ALTER TABLE `formapagamento` ENABLE KEYS */;
UNLOCK TABLES;

--
-- Table structure for table `fornecedor`
--

DROP TABLE IF EXISTS `fornecedor`;
/*!40101 SET @saved_cs_client     = @@character_set_client */;
/*!40101 SET character_set_client = utf8 */;
CREATE TABLE `fornecedor` (
  `cd_fornecedor` int(4) NOT NULL AUTO_INCREMENT,
  `nm_razao_social` varchar(100) DEFAULT NULL,
  `CNPJ` varchar(60) DEFAULT NULL,
  `cd_cidade` int(6) DEFAULT NULL,
  `nm_endereco` varchar(100) DEFAULT NULL,
  `numero_endereco` varchar(20) DEFAULT NULL,
  `bairro` varchar(20) DEFAULT NULL,
  `complemento` varchar(100) DEFAULT NULL,
  `CEP` varchar(20) DEFAULT NULL,
  `telefone_fixo1` varchar(20) DEFAULT NULL,
  `telefone_fixo2` varchar(20) DEFAULT NULL,
  `telefone_celular1` varchar(20) DEFAULT NULL,
  `telefone_celular2` varchar(20) DEFAULT NULL,
  `email` varchar(100) DEFAULT NULL,
  `nome_fantasia` varchar(100) DEFAULT NULL,
  PRIMARY KEY (`cd_fornecedor`),
  KEY `fornecedor_ibfk_1` (`cd_cidade`),
  CONSTRAINT `fornecedor_ibfk_1` FOREIGN KEY (`cd_cidade`) REFERENCES `cidade` (`cd_cidade`) ON DELETE SET NULL ON UPDATE SET NULL
) ENGINE=InnoDB AUTO_INCREMENT=37 DEFAULT CHARSET=latin1;
/*!40101 SET character_set_client = @saved_cs_client */;

--
-- Dumping data for table `fornecedor`
--

LOCK TABLES `fornecedor` WRITE;
/*!40000 ALTER TABLE `fornecedor` DISABLE KEYS */;
INSERT INTO `fornecedor` VALUES (1,'Procorpus','68.448.570/0001-82',4994,'RUA MIGUEL ANTONIO FORASTIERI','90','JD. DR. LUCIANO','NAO','17212-350','14 36022113','08007722113','000000000','000000000','Débora - Procorpus <televendas9@procorpus.ind.br','Take Care'),(2,'Carci Ind.','61.461.034/0001-78',5270,'RUA ALVARES FAGUNDES','359','AMERICANOPOLIS','NAO','04338-000','11 33462100','0000000','00000000000000','000000000000','Tatiane Felix - Vendas Carci <vendedor01@carci.com.br>;','CARCI'),(3,'PERFETA FLEX','09.078.455/0001-02',5344,'RUA SALVADOR ROTELA','62','JD. FLORA','NAO','13280-000','19 38861275','000000','00000','00000','Comercial_Perfeta Flex <comercial@perfetaflex.com.br>;','PERFETA FLEX'),(4,'Ortopedia Jaguaribe','43.375.799/0001-03',4888,'AV. RUI BARBOSA','442','ROMANOPOLIS','--','08529200','11 21891432','00000','0000','00000','Marcella Fernandes <marcella@ortopediajaguaribe.com.br>;','Ortopedia Jaguaribe'),(5,'Sigvaris','46.144.622/0001-94',5270,'AV. JOSE BENASSI','2323','DISTRITO INDUSTRIAL','GLEBA 06','13213085','11 45255700','00000','00000','00000','ADM_VENDAS@SIGVARIS.COM.BR','Sigvaris'),(6,'Marimar','65.738.155/0001-75',5270,'RUA ALBA','88','PARQUE JABAQUARA','--','04346-000','11 2884 6000','11 2884 6001','00000','00000','Luciana (Worth Fomento) <luciana@worthfomento.com.br>;','Marimar'),(7,'Elias Cohen Confecções kOUNTRYLINE','13.413.740/0001-00',5270,'RUA GALILÉIA','488','CASA VERDE MÉDIA','--','02530-000','11 29528424','0000','00000','00000','Meri Maluff <meri@kountryline.com.br>;','Elias Cohen Confecções'),(8,'Cirurgica Fernandes','61.418.042/0001-31',5240,'ALAMEDA ÁFRICA','570','TAMBORE','LOTE Y','06543-306','11 4152 0500','00000','0000','0000','ana@cfernandes.com.br <ana@cfernandes.com.br>;','Cirurgica Fernandes'),(9,'Chantal','56.216,781/0001-00',4859,'RUA ANITA','216','JARDIM CANHEMA','--','09941-640','11 3201 1155','11 2668 0648','000','000','Regiane Lopes <regiane@chantal.com.br>;','Chantal'),(10,'CBS','48.791.685/0001-68',5270,'RUA ANDRE DE LEAO ','107','MOCA','--','03101-010','11 3347 2700','0000','0000','0000','faturamento@cbsmed.com.br','CBS'),(11,'Salvapé ','60.883.741/0006-02',5270,'rua Cesário Ramalho','114','Cambuci','--','01517-010','33464500','00000','0000','0000','','Salvapé'),(13,'ABC Instrumentos Cirúrgicos LTDA.','58.268.152/0001-50',79,'ESTRADA DAS LÁGRIMAS','3346/3350','SÃO JOÃO CLÍMACO','......','04244-000','11 23534000','FAX 11 23534001','000000','00000',' vendas@abcinstrumentos.com.br','ABC'),(14,'BACE COMÉRCIO INTL. LTDA','47.411.780/0001-26',5095,'AV. PRESIDENTE KENNEDY','2299','JD. MADALENA','PARTE D','06298-190','11 31680226','FAX 11 31670772','00000','0000','aline@bace.com.br','BACE'),(15,'RODONAVES TRANSP E ENCOMENDAS LTDA','44.914.992/0013-71',5270,'ALEXANDRE COLLARES','340','VILA JAGUARA','XX','3550308','00000','00000','00000','000000','XXXX','RODONAVES'),(16,'ORTOPLUS AP ORTOP LTDA EPP','05.317.317/0001-70',5270,'RUA BARONESA DE BELA VISTA','60','AEROPORTO','--','04612-000','11 50939760','000000','0000','00000','Ortocenter Aparelhos Ortopedicos Ltda. <ortocenterap@uol.com.br>;','ORTOPLUS'),(17,'GLC ORTOPEDIA INDUSTRIA E COMÉRCIO LTDA','00.761.330/0001-20',5270,'RUA ARTHUR FRIEDENREICH','122','VILA RIO BRANCO','--','03874-200','11 20492262','FAX 11 20492262','00000','0000','ATENDIMENTO@GLCORTOPEDIA.COM.BR','GLC'),(18,'MERCUR S.A.','93.896.397/0014-47',4212,'AV.PRES CASTELO BRANCO','1260','DISTR. INDL.','FUNDOS','96835-666','51 37199500','00000','00000','0000','Martins Representações Marcelo <marcelomartinsrc@gmail.com>;','MERCUR'),(19,'VIDA COMERCIAL E DISTRIB. DE ARTIGOS PARA LAB. LTDA','38.996.211/0001-07',5270,'RUA PADRE LUDOVICO ZANOL','89','JAÇANÃ','--','02274-070','11 22413741','000000','00000','00000','LITRAGEM','VIDA'),(20,'RAITO TRANSP LTDA','67.257.766/0002-08',5270,'RUA SEVERA ','200','--','--','00000','00000','0000','000000','00000','XXXXX','RAITO'),(21,'ORTOCENTER AP ORTOP LTDA','54.421.953/0001-52',5270,'RUA BARONESA DE BELA VISTA','55','AEROPORTO','--','04612-000','11 50958555','00000','00000','00000','Ortocenter Aparelhos Ortopedicos Ltda. <ortocenterap@uol.com.br>;','ORTOCENTER'),(22,'Elias Cohen Confecções kOUNTRYLINE','13.413.740/0001-00',5270,'RUA GALILÉIA','488','CASA VERDE MÉDIA','--','02530-000','11 29528424','0000','00000','00000','Meri Maluff <meri@kountryline.com.br>;','Elias Cohen Confecções'),(23,'POLAR FIX','02.881.877/0001-64',5038,'RUA RUZZI','607','SERTÃOZINHO','--','09370-850','11 45128600','000000','00000','00000','XXXX','POLAR FIX'),(24,'OMRON','10.345.462/0002-85',77,'ROSA VERMELHA','733','NOVO MEXICO','P','29104-030','31 482005','00000','000000','00000','XXX','OMRON'),(25,'RIMED COMERCIO E REPRESENTAÇOES LTDA','51.165.363/0001-18',5270,'RUA CAYOWAA','1042','PERDIZES','--','05018-001','11 38740100','00000','00000','00000','XXXX','RIMED'),(26,'SILICONFORT IND. E COMERCIO LTDA ME','02.296.048/0001-14',5270,'RUA DO RENO','214','MOINHO VELHO','--','04284-070','11 22730600','00000','00000','00000','Leonardo Oliveira - Siliconfort <leonardo@siliconfort.com.br>;','SILICONFORT'),(27,'Santa Rita Comerical LTDS','50.311.620/0001-10',5270,'Rua Diamante Preto','389','Chácara Califórnia','--','03317-040','11 29421700','0000','0000','00000','veronica.moura@starita.com.br','SANTA RITA'),(28,'EspumaBraz','09.595.757/0001-40',4859,'Rua Alvares Cabral','937','Conceição','--','09981-030','11 4392 7991','0000','00000','00000','xxxxx','EspumaBraz'),(29,'Duto Importações Exportação','09.600.109/0001-34',4174,'Rua Santana, ','292','Farroupilha','203','90040-370','51 32125718','000000','000000','00000','financeiro@dutoempreendimentos.com.br','KINESIOSPORT'),(30,'G.I Kribely comercio importação e exp','14.243.761/0001-89',5270,'Rua Monteiro de Melo','532','Lapa','--','05050-000','11 29463162','00000','0000000','00000','vendas2@supermedy.com.br','SUPERMED'),(31,'CRISOSTENES','000000000',79,'OOOOO','4','KKKK','9','00000000','XXXX','0000000','00000','00000','jnuiniu','MADALENA'),(32,'HDI DO BRASIL','03.139.242/0001-59',3658,'000000','0000','00000','0000','0000','21 21054550','00000','0000','0000','0000','HDI DO BRASIL'),(33,'Dortler','07.913.533/0001-03',2173,'Rua Indepencia','266','triangulo','00000','000000','35430-138','0000000000','000000000','00000000000','000000000000000000','Dortler'),(34,'MS JAU CIRURGICA E ODONTOLOGIA','00.815.693/0001-70',4994,'RUA FLORIANO PEIXOTO','402','CENTRO','----','17201100','14 36246777','00000','0000','0000','vendas@msjau.com.br','MS JAU'),(35,'SUPERMAX','04.214.934/0001-87',2878,'BR 277','1355','PONTA GROSSA','--','82305-100','41 30248088','00000','0000','0000','smaxsp07@supermax-brasil.com','SUPERMAX'),(36,'HANESBRANDS BRASIL TEXTIL LTDA','00.626.948/0001-57',5270,'TRAVESSA MACAPA','120','ROD RAPOSO TAVARES','KM32','06703-580','11 46154800','13 997190992','P','P','MARCUSSOLHA@GMAIL.COM','KENDALL');
/*!40000 ALTER TABLE `fornecedor` ENABLE KEYS */;
UNLOCK TABLES;
/*!50003 SET @saved_cs_client      = @@character_set_client */ ;
/*!50003 SET @saved_cs_results     = @@character_set_results */ ;
/*!50003 SET @saved_col_connection = @@collation_connection */ ;
/*!50003 SET character_set_client  = utf8 */ ;
/*!50003 SET character_set_results = utf8 */ ;
/*!50003 SET collation_connection  = utf8_general_ci */ ;
/*!50003 SET @saved_sql_mode       = @@sql_mode */ ;
/*!50003 SET sql_mode              = 'STRICT_TRANS_TABLES,STRICT_ALL_TABLES,NO_ZERO_IN_DATE,NO_ZERO_DATE,ALLOW_INVALID_DATES,ERROR_FOR_DIVISION_BY_ZERO,TRADITIONAL,NO_AUTO_CREATE_USER,NO_ENGINE_SUBSTITUTION' */ ;
DELIMITER ;;
/*!50003 CREATE*/ /*!50017 DEFINER=`root`@`localhost`*/ /*!50003 TRIGGER `deletePedidoFornecedor` AFTER DELETE ON `fornecedor` FOR EACH ROW BEGIN
DELETE FROM pedido where cd_fornecedor is null;
END */;;
DELIMITER ;
/*!50003 SET sql_mode              = @saved_sql_mode */ ;
/*!50003 SET character_set_client  = @saved_cs_client */ ;
/*!50003 SET character_set_results = @saved_cs_results */ ;
/*!50003 SET collation_connection  = @saved_col_connection */ ;

--
-- Table structure for table `fornecedorproduto`
--

DROP TABLE IF EXISTS `fornecedorproduto`;
/*!40101 SET @saved_cs_client     = @@character_set_client */;
/*!40101 SET character_set_client = utf8 */;
CREATE TABLE `fornecedorproduto` (
  `cd_fornecedor` int(10) NOT NULL,
  `cd_produto` int(10) NOT NULL,
  `data_inclusao` timestamp NOT NULL DEFAULT CURRENT_TIMESTAMP ON UPDATE CURRENT_TIMESTAMP,
  PRIMARY KEY (`cd_fornecedor`,`cd_produto`),
  KEY `FK_FORNECEDORPRODUTO_PRODUTO` (`cd_produto`),
  CONSTRAINT `FK_FORNECEDORPRODUTO_FORNECEDOR` FOREIGN KEY (`cd_fornecedor`) REFERENCES `fornecedor` (`cd_fornecedor`),
  CONSTRAINT `FK_FORNECEDORPRODUTO_PRODUTO` FOREIGN KEY (`cd_produto`) REFERENCES `produto` (`cd_produto`)
) ENGINE=InnoDB DEFAULT CHARSET=latin1;
/*!40101 SET character_set_client = @saved_cs_client */;

--
-- Dumping data for table `fornecedorproduto`
--

LOCK TABLES `fornecedorproduto` WRITE;
/*!40000 ALTER TABLE `fornecedorproduto` DISABLE KEYS */;
INSERT INTO `fornecedorproduto` VALUES (1,1,'2013-05-14 00:27:47'),(1,5,'2013-04-30 14:23:22'),(1,29,'2013-07-24 19:09:41'),(1,30,'2013-07-24 19:08:47'),(1,31,'2013-04-30 19:01:39'),(1,32,'2013-04-30 18:59:17'),(1,33,'2013-04-30 19:04:03'),(1,34,'2013-07-24 19:11:13'),(1,35,'2013-04-30 19:05:08'),(1,36,'2013-07-24 19:10:30'),(1,68,'2013-09-04 18:12:39'),(1,73,'2013-07-28 18:30:40'),(1,74,'2013-07-28 18:29:51'),(1,75,'2013-07-28 18:31:12'),(1,76,'2013-07-28 18:34:26'),(1,77,'2013-05-09 20:43:44'),(1,78,'2013-08-23 22:58:21'),(1,79,'2013-08-23 22:59:14'),(1,80,'2013-08-23 22:59:39'),(1,81,'2013-08-23 22:57:34'),(1,82,'2013-08-23 22:58:00'),(1,83,'2013-05-14 00:24:29'),(1,84,'2013-05-14 00:23:36'),(1,85,'2013-05-14 00:22:09'),(1,86,'2013-05-14 00:22:48'),(1,87,'2013-05-16 22:25:08'),(1,88,'2013-05-16 23:55:27'),(1,89,'2013-05-16 21:18:52'),(1,90,'2013-05-16 21:19:38'),(1,91,'2013-05-16 22:24:01'),(1,92,'2013-08-12 21:03:06'),(1,93,'2013-05-16 22:19:10'),(1,94,'2013-05-14 02:18:00'),(1,95,'2013-05-14 02:17:12'),(1,96,'2013-05-14 02:16:33'),(1,97,'2013-05-14 02:18:46'),(1,98,'2013-05-14 02:20:03'),(1,99,'2013-07-28 18:10:34'),(1,109,'2013-07-24 23:16:17'),(1,110,'2013-07-28 18:09:41'),(1,111,'2013-05-09 01:43:27'),(1,112,'2013-07-24 23:19:50'),(1,115,'2013-07-31 23:58:31'),(1,127,'2013-05-16 23:56:16'),(1,128,'2013-05-16 21:52:44'),(1,129,'2013-05-16 23:19:03'),(1,130,'2013-08-12 21:10:50'),(1,131,'2013-08-12 20:10:06'),(1,132,'2013-08-12 21:14:04'),(1,133,'2013-08-12 21:13:24'),(1,134,'2013-08-12 21:00:01'),(1,135,'2013-08-12 21:11:52'),(1,136,'2013-05-16 23:23:54'),(1,137,'2013-09-03 19:32:41'),(1,138,'2013-08-12 21:06:48'),(1,139,'2013-05-16 23:20:05'),(1,140,'2013-09-03 19:32:10'),(1,141,'2013-08-12 21:14:48'),(1,142,'2013-05-16 22:20:22'),(1,143,'2013-06-29 20:15:43'),(1,144,'2013-05-16 23:21:15'),(1,145,'2013-05-16 21:55:51'),(1,146,'2013-05-16 23:59:58'),(1,147,'2013-07-15 14:55:49'),(1,148,'2013-05-16 23:26:13'),(1,149,'2013-05-16 23:27:25'),(1,150,'2013-05-16 23:32:50'),(1,151,'2013-05-16 23:30:44'),(1,152,'2013-05-16 23:28:25'),(1,153,'2013-08-12 21:29:20'),(1,154,'2013-08-12 21:28:24'),(1,155,'2013-08-12 21:28:53'),(1,156,'2013-05-16 21:15:35'),(1,157,'2013-08-12 21:24:27'),(1,158,'2013-08-12 21:23:50'),(1,159,'2013-05-17 00:35:52'),(1,160,'2013-08-12 21:25:08'),(1,161,'2013-05-17 00:31:42'),(1,162,'2013-05-17 00:29:19'),(1,163,'2013-05-17 00:17:49'),(1,164,'2013-05-17 00:08:23'),(1,165,'2013-08-12 21:20:38'),(1,166,'2013-05-17 00:20:26'),(1,167,'2013-05-17 00:04:37'),(1,168,'2013-05-17 00:05:48'),(1,169,'2013-05-17 00:07:14'),(1,172,'2013-03-06 14:29:06'),(1,173,'2013-03-06 14:29:06'),(1,174,'2013-03-06 14:29:06'),(1,175,'2013-07-26 19:27:29'),(1,176,'2013-07-26 19:27:52'),(1,177,'2013-05-09 01:29:44'),(1,178,'2013-05-09 01:27:42'),(1,179,'2013-05-09 00:23:37'),(1,180,'2013-05-09 00:32:06'),(1,181,'2013-07-28 22:07:19'),(1,182,'2013-05-09 00:31:25'),(1,183,'2013-07-28 22:08:28'),(1,184,'2013-07-28 22:07:52'),(1,185,'2013-05-09 00:28:25'),(1,186,'2013-05-09 00:29:31'),(1,187,'2013-05-09 00:27:46'),(1,188,'2013-07-28 22:09:03'),(1,189,'2013-05-09 00:26:03'),(1,190,'2013-05-09 00:24:33'),(1,191,'2013-05-09 00:25:16'),(1,192,'2013-05-09 00:32:46'),(1,193,'2013-07-28 22:06:48'),(1,199,'2013-07-24 17:28:42'),(1,200,'2013-07-24 17:28:03'),(1,201,'2013-07-24 17:29:06'),(1,202,'2013-07-24 17:27:32'),(1,204,'2013-05-17 01:36:44'),(1,205,'2013-05-17 01:37:34'),(1,206,'2013-07-24 18:12:42'),(1,207,'2013-05-17 01:40:47'),(1,208,'2013-06-29 16:33:51'),(1,209,'2013-05-17 01:38:36'),(1,210,'2013-05-17 01:34:13'),(1,211,'2013-05-17 01:34:58'),(1,212,'2013-07-28 18:50:50'),(1,213,'2013-05-17 01:42:32'),(1,214,'2013-07-28 18:49:58'),(1,215,'2013-05-17 01:43:57'),(1,216,'2013-05-17 01:44:33'),(1,217,'2013-05-17 01:45:10'),(1,235,'2013-05-09 00:44:51'),(1,236,'2013-05-09 00:45:46'),(1,237,'2013-05-09 00:46:41'),(1,238,'2013-05-09 00:47:33'),(1,239,'2013-05-09 00:48:15'),(1,240,'2013-05-09 00:48:55'),(1,241,'2013-05-09 00:49:36'),(1,242,'2013-05-09 00:50:22'),(1,243,'2013-05-09 00:51:05'),(1,244,'2013-05-09 00:51:46'),(1,245,'2013-05-09 00:52:28'),(1,246,'2013-05-09 00:53:15'),(1,259,'2013-05-09 20:36:50'),(1,260,'2013-05-09 20:37:31'),(1,261,'2013-07-28 17:47:29'),(1,262,'2013-05-09 20:38:55'),(1,268,'2013-07-31 23:53:26'),(1,269,'2013-05-16 21:11:46'),(1,270,'2013-07-31 23:51:56'),(1,271,'2013-07-31 23:52:44'),(1,272,'2013-07-24 23:09:33'),(1,273,'2013-07-26 19:09:11'),(1,274,'2013-05-03 00:07:17'),(1,275,'2013-07-26 19:09:43'),(1,276,'2013-05-03 00:08:59'),(1,277,'2013-05-03 00:09:38'),(1,278,'2013-05-03 00:10:23'),(1,279,'2013-05-03 00:11:28'),(1,280,'2013-05-03 00:12:41'),(1,281,'2013-05-03 00:13:40'),(1,282,'2013-05-03 00:14:34'),(1,283,'2013-05-03 00:15:20'),(1,284,'2013-07-26 19:11:18'),(1,285,'2013-07-26 19:11:48'),(1,286,'2013-07-26 19:12:16'),(1,287,'2013-07-26 19:12:50'),(1,288,'2013-07-26 19:13:21'),(1,325,'2013-05-17 00:03:07'),(1,326,'2013-07-28 22:18:53'),(1,327,'2013-07-28 22:25:38'),(1,328,'2013-08-21 19:46:52'),(1,329,'2013-04-18 20:14:24'),(1,330,'2013-07-28 22:16:10'),(1,386,'2013-04-15 00:59:34'),(1,387,'2013-04-15 01:01:45'),(1,388,'2013-07-24 19:37:16'),(1,389,'2013-04-15 01:06:14'),(1,390,'2013-04-15 01:08:24'),(1,391,'2013-06-29 17:46:37'),(1,400,'2013-08-13 19:31:22'),(1,401,'2013-08-13 19:31:02'),(1,405,'2013-07-24 23:03:02'),(1,407,'2013-07-31 23:20:47'),(1,410,'2013-08-01 00:43:22'),(1,411,'2013-08-01 00:43:48'),(1,412,'2013-08-01 00:44:11'),(1,413,'2013-08-01 00:42:16'),(1,414,'2013-08-01 00:42:42'),(1,415,'2013-04-15 02:09:56'),(1,416,'2013-07-28 18:01:52'),(1,451,'2013-08-08 01:12:29'),(1,452,'2013-08-08 01:13:24'),(1,453,'2013-04-18 19:44:58'),(1,454,'2013-04-18 19:49:22'),(1,455,'2013-04-18 19:51:36'),(1,456,'2013-04-18 19:55:20'),(1,458,'2013-04-18 19:59:17'),(1,460,'2013-04-18 20:04:12'),(1,461,'2013-04-18 20:05:32'),(1,465,'2013-04-18 20:15:48'),(1,492,'2013-04-29 22:37:11'),(1,493,'2013-04-29 22:38:34'),(1,494,'2013-04-29 22:41:47'),(1,501,'2013-04-30 00:32:43'),(1,502,'2013-07-24 23:08:00'),(1,503,'2013-04-30 00:36:13'),(1,504,'2013-04-30 00:37:52'),(1,505,'2013-04-30 00:38:59'),(1,506,'2013-07-24 20:22:24'),(1,507,'2013-04-30 00:42:33'),(1,508,'2013-08-01 00:44:41'),(1,509,'2013-08-01 00:45:03'),(1,510,'2013-07-24 23:26:24'),(1,516,'2013-04-30 13:18:14'),(1,517,'2013-08-08 00:29:29'),(1,518,'2013-04-30 13:21:25'),(1,519,'2013-04-30 13:36:18'),(1,520,'2013-08-26 19:56:12'),(1,522,'2013-04-30 13:44:04'),(1,523,'2013-08-08 00:30:41'),(1,524,'2013-08-08 00:31:46'),(1,525,'2013-06-26 00:32:13'),(1,526,'2013-06-26 00:32:46'),(1,527,'2013-06-26 00:33:04'),(1,528,'2013-04-30 13:59:34'),(1,529,'2013-04-30 14:06:11'),(1,530,'2013-04-30 14:09:22'),(1,535,'2013-04-30 17:49:09'),(1,536,'2013-07-24 17:48:33'),(1,537,'2013-07-24 17:48:00'),(1,538,'2013-07-24 17:48:56'),(1,555,'2013-04-30 19:49:59'),(1,563,'2013-04-30 20:19:25'),(1,564,'2013-07-24 23:00:20'),(1,565,'2013-04-30 20:22:01'),(1,566,'2013-07-24 22:59:32'),(1,567,'2013-04-30 20:24:05'),(1,568,'2013-04-30 20:25:03'),(1,570,'2013-07-24 18:26:07'),(1,571,'2013-05-02 23:08:27'),(1,572,'2013-05-02 23:10:12'),(1,573,'2013-05-02 23:11:20'),(1,574,'2013-05-02 23:12:38'),(1,575,'2013-05-02 23:13:57'),(1,576,'2013-05-02 23:15:06'),(1,577,'2013-07-24 18:22:17'),(1,578,'2013-07-24 18:21:28'),(1,587,'2013-07-24 22:40:19'),(1,590,'2013-09-03 17:39:39'),(1,601,'2013-05-08 22:01:22'),(1,602,'2013-05-08 22:02:45'),(1,603,'2013-05-08 22:04:01'),(1,604,'2013-05-08 22:05:32'),(1,605,'2013-05-08 22:06:58'),(1,606,'2013-05-08 22:13:42'),(1,625,'2013-05-09 00:38:50'),(1,630,'2013-05-09 00:55:15'),(1,643,'2013-05-09 01:16:45'),(1,644,'2013-07-31 23:54:45'),(1,645,'2013-05-09 01:19:41'),(1,646,'2013-05-09 01:20:41'),(1,647,'2013-05-09 01:21:49'),(1,648,'2013-05-09 01:22:44'),(1,649,'2013-05-09 01:24:38'),(1,650,'2013-05-09 01:25:50'),(1,651,'2013-05-09 01:26:46'),(1,652,'2013-07-28 18:42:27'),(1,653,'2013-07-28 18:41:34'),(1,654,'2013-07-28 18:11:59'),(1,655,'2013-07-28 18:12:31'),(1,656,'2013-07-28 18:39:37'),(1,657,'2013-07-28 18:36:53'),(1,658,'2013-05-13 22:14:04'),(1,659,'2013-07-28 18:35:53'),(1,660,'2013-05-13 22:17:10'),(1,661,'2013-05-13 22:18:09'),(1,662,'2013-05-13 22:19:09'),(1,663,'2013-05-13 22:20:02'),(1,664,'2013-08-26 18:28:18'),(1,665,'2013-08-26 18:27:39'),(1,666,'2013-08-26 18:28:58'),(1,667,'2013-08-26 18:29:50'),(1,668,'2013-05-13 22:25:47'),(1,669,'2013-05-13 22:26:40'),(1,670,'2013-05-13 22:27:43'),(1,671,'2013-05-13 22:28:43'),(1,734,'2013-08-12 21:17:43'),(1,735,'2013-05-14 00:21:10'),(1,736,'2013-05-14 00:26:03'),(1,737,'2013-08-08 00:13:21'),(1,738,'2013-08-08 00:13:41'),(1,739,'2013-07-24 18:34:07'),(1,740,'2013-08-08 00:12:43'),(1,803,'2013-05-14 01:53:43'),(1,813,'2013-07-28 23:04:33'),(1,816,'2013-05-14 02:15:37'),(1,845,'2013-07-24 18:35:59'),(1,846,'2013-05-16 21:01:52'),(1,847,'2013-07-24 18:36:32'),(1,848,'2013-05-16 21:03:50'),(1,849,'2013-05-16 21:04:54'),(1,850,'2013-07-24 18:34:51'),(1,851,'2013-05-16 21:07:02'),(1,853,'2013-05-16 21:09:07'),(1,854,'2013-05-16 21:10:07'),(1,855,'2013-05-16 21:13:53'),(1,861,'2013-05-16 22:06:40'),(1,862,'2013-05-16 22:08:23'),(1,863,'2013-05-16 22:10:52'),(1,864,'2013-05-16 22:12:50'),(1,886,'2013-09-04 18:09:10'),(1,887,'2013-09-04 18:08:10'),(1,888,'2013-05-17 00:58:03'),(1,889,'2013-09-04 18:10:12'),(1,891,'2013-05-17 01:03:22'),(1,895,'2013-07-28 18:02:48'),(1,916,'2013-06-29 20:30:02'),(1,917,'2013-05-17 01:50:03'),(1,919,'2013-05-17 01:52:05'),(1,920,'2013-05-17 01:53:14'),(1,921,'2013-05-17 01:53:57'),(1,922,'2013-05-17 01:55:00'),(1,923,'2013-07-24 23:23:28'),(1,924,'2013-05-17 01:57:27'),(1,925,'2013-05-17 01:58:21'),(1,926,'2013-07-24 23:22:33'),(1,927,'2013-05-17 02:00:04'),(1,928,'2013-07-24 23:27:01'),(1,929,'2013-07-24 23:27:25'),(1,930,'2013-07-24 23:25:24'),(1,931,'2013-08-27 17:17:41'),(1,932,'2013-05-17 02:48:47'),(1,933,'2013-07-24 23:24:25'),(1,948,'2013-06-26 00:26:11'),(1,949,'2013-06-26 00:38:21'),(1,950,'2013-06-26 00:31:08'),(1,961,'2013-09-11 17:16:44'),(1,962,'2013-06-26 20:01:44'),(1,963,'2013-06-26 20:00:13'),(1,964,'2013-07-18 18:58:56'),(1,965,'2013-06-26 20:05:56'),(1,966,'2013-07-24 19:07:16'),(1,998,'2013-06-29 18:45:42'),(1,999,'2013-06-29 18:47:10'),(1,1000,'2013-06-29 18:57:10'),(1,1001,'2013-06-29 18:58:20'),(1,1002,'2013-06-29 18:59:19'),(1,1003,'2013-06-29 19:00:57'),(1,1004,'2013-06-29 19:02:00'),(1,1005,'2013-06-29 19:03:15'),(1,1008,'2013-06-29 20:12:20'),(1,1009,'2013-08-12 21:22:27'),(1,1010,'2013-06-29 20:17:24'),(1,1012,'2013-06-29 20:22:00'),(1,1013,'2013-06-29 20:23:24'),(1,1014,'2013-06-29 20:28:32'),(1,1015,'2013-06-29 20:31:58'),(1,1016,'2013-06-29 20:33:11'),(1,1031,'2013-07-05 19:58:21'),(1,1032,'2013-07-05 19:59:28'),(1,1070,'2013-07-18 18:53:35'),(1,1084,'2013-07-23 18:45:28'),(1,1099,'2013-09-04 16:14:03'),(1,1100,'2013-07-28 17:45:33'),(1,1105,'2013-08-27 16:29:32'),(1,1120,'2013-09-03 19:57:21'),(1,1133,'2013-08-08 00:15:16'),(1,1152,'2013-08-27 16:31:28'),(2,5,'2013-04-30 14:23:22'),(2,41,'2013-08-12 20:05:00'),(2,42,'2013-05-14 00:13:31'),(2,43,'2013-09-04 19:04:00'),(2,64,'2013-09-04 18:13:25'),(2,65,'2013-09-04 18:14:12'),(2,66,'2013-09-04 18:34:47'),(2,67,'2013-09-04 18:15:04'),(2,68,'2013-09-04 18:12:39'),(2,78,'2013-08-23 22:58:21'),(2,79,'2013-08-23 22:59:14'),(2,80,'2013-08-23 22:59:39'),(2,81,'2013-08-23 22:57:34'),(2,82,'2013-08-23 22:58:00'),(2,115,'2013-07-31 23:58:31'),(2,201,'2013-07-24 17:29:06'),(2,328,'2013-08-21 19:46:52'),(2,330,'2013-07-28 22:16:10'),(2,362,'2013-04-14 23:54:47'),(2,385,'2013-04-15 00:57:01'),(2,386,'2013-04-15 00:59:34'),(2,387,'2013-04-15 01:01:45'),(2,388,'2013-07-24 19:37:16'),(2,389,'2013-04-15 01:06:14'),(2,390,'2013-04-15 01:08:24'),(2,391,'2013-06-29 17:46:37'),(2,400,'2013-08-13 19:31:22'),(2,401,'2013-08-13 19:31:02'),(2,410,'2013-08-01 00:43:22'),(2,411,'2013-08-01 00:43:48'),(2,412,'2013-08-01 00:44:11'),(2,413,'2013-08-01 00:42:16'),(2,414,'2013-08-01 00:42:42'),(2,415,'2013-04-15 02:09:56'),(2,416,'2013-07-28 18:01:52'),(2,417,'2013-06-30 17:24:44'),(2,418,'2013-04-15 02:14:52'),(2,419,'2013-04-15 02:17:48'),(2,420,'2013-07-28 23:06:26'),(2,450,'2013-04-16 18:48:02'),(2,451,'2013-08-08 01:12:29'),(2,452,'2013-08-08 01:13:24'),(2,453,'2013-04-18 19:44:58'),(2,454,'2013-04-18 19:49:22'),(2,455,'2013-04-18 19:51:36'),(2,456,'2013-04-18 19:55:20'),(2,465,'2013-04-18 20:15:48'),(2,480,'2013-04-29 21:57:31'),(2,481,'2013-04-29 21:59:03'),(2,482,'2013-04-29 22:01:05'),(2,483,'2013-06-30 17:06:54'),(2,486,'2013-04-29 22:15:08'),(2,487,'2013-04-29 22:20:02'),(2,516,'2013-04-30 13:18:14'),(2,517,'2013-08-08 00:29:29'),(2,518,'2013-04-30 13:21:25'),(2,519,'2013-04-30 13:36:18'),(2,520,'2013-08-26 19:56:12'),(2,522,'2013-04-30 13:44:04'),(2,523,'2013-08-08 00:30:41'),(2,524,'2013-08-08 00:31:46'),(2,525,'2013-06-26 00:32:13'),(2,526,'2013-06-26 00:32:46'),(2,527,'2013-06-26 00:33:04'),(2,528,'2013-04-30 13:59:34'),(2,529,'2013-04-30 14:06:11'),(2,530,'2013-04-30 14:09:22'),(2,535,'2013-04-30 17:49:09'),(2,536,'2013-07-24 17:48:33'),(2,636,'2013-05-09 01:02:42'),(2,692,'2013-05-13 23:06:32'),(2,729,'2013-09-04 19:14:46'),(2,730,'2013-09-04 19:02:35'),(2,731,'2013-08-12 20:03:19'),(2,732,'2013-05-14 00:10:33'),(2,733,'2013-09-04 19:04:52'),(2,750,'2013-08-27 02:02:28'),(2,751,'2013-08-13 19:29:41'),(2,752,'2013-07-28 23:02:51'),(2,782,'2013-08-13 19:00:25'),(2,783,'2013-07-28 23:07:05'),(2,784,'2013-05-14 01:29:11'),(2,785,'2013-08-12 20:08:46'),(2,788,'2013-09-04 18:11:27'),(2,803,'2013-05-14 01:53:43'),(2,808,'2013-05-14 01:57:32'),(2,813,'2013-07-28 23:04:33'),(2,814,'2013-07-28 23:04:03'),(2,815,'2013-05-14 02:14:15'),(2,931,'2013-08-27 17:17:41'),(2,969,'2013-06-27 23:37:02'),(2,970,'2013-06-27 23:38:25'),(2,1087,'2013-08-26 16:05:47'),(2,1123,'2013-08-21 19:43:55'),(2,1163,'2013-09-04 18:36:02'),(3,5,'2013-04-30 14:23:22'),(3,6,'2013-04-30 17:33:48'),(3,326,'2013-07-28 22:18:53'),(3,328,'2013-08-21 19:46:52'),(3,329,'2013-04-18 20:14:24'),(3,330,'2013-07-28 22:16:10'),(3,385,'2013-04-15 00:57:01'),(3,386,'2013-04-15 00:59:34'),(3,387,'2013-04-15 01:01:45'),(3,388,'2013-07-24 19:37:16'),(3,389,'2013-04-15 01:06:14'),(3,390,'2013-04-15 01:08:24'),(3,391,'2013-06-29 17:46:37'),(3,405,'2013-07-24 23:03:02'),(3,415,'2013-04-15 02:09:56'),(3,416,'2013-07-28 18:01:52'),(3,419,'2013-04-15 02:17:48'),(3,460,'2013-04-18 20:04:12'),(3,461,'2013-04-18 20:05:32'),(3,465,'2013-04-18 20:15:48'),(3,534,'2013-08-01 18:29:00'),(3,562,'2013-07-24 18:07:56'),(3,590,'2013-09-03 17:39:39'),(3,673,'2013-05-13 22:30:45'),(3,891,'2013-05-17 01:03:22'),(3,1094,'2013-07-24 19:42:15'),(3,1096,'2013-07-24 19:42:39'),(3,1109,'2013-07-24 19:41:36'),(3,1159,'2013-09-03 17:42:07'),(3,1160,'2013-09-03 17:43:16'),(4,7,'2013-04-29 22:05:37'),(4,41,'2013-08-12 20:05:00'),(4,42,'2013-05-14 00:13:31'),(4,43,'2013-09-04 19:04:00'),(4,64,'2013-09-04 18:13:25'),(4,65,'2013-09-04 18:14:12'),(4,66,'2013-09-04 18:34:47'),(4,67,'2013-09-04 18:15:04'),(4,68,'2013-09-04 18:12:39'),(4,115,'2013-07-31 23:58:31'),(4,385,'2013-04-15 00:57:01'),(4,400,'2013-08-13 19:31:22'),(4,401,'2013-08-13 19:31:02'),(4,410,'2013-08-01 00:43:22'),(4,411,'2013-08-01 00:43:48'),(4,412,'2013-08-01 00:44:11'),(4,413,'2013-08-01 00:42:16'),(4,414,'2013-08-01 00:42:42'),(4,417,'2013-06-30 17:24:44'),(4,418,'2013-04-15 02:14:52'),(4,419,'2013-04-15 02:17:48'),(4,420,'2013-07-28 23:06:26'),(4,450,'2013-04-16 18:48:02'),(4,451,'2013-08-08 01:12:29'),(4,452,'2013-08-08 01:13:24'),(4,453,'2013-04-18 19:44:58'),(4,454,'2013-04-18 19:49:22'),(4,455,'2013-04-18 19:51:36'),(4,456,'2013-04-18 19:55:20'),(4,480,'2013-04-29 21:57:31'),(4,481,'2013-04-29 21:59:03'),(4,482,'2013-04-29 22:01:05'),(4,483,'2013-06-30 17:06:54'),(4,484,'2013-06-30 17:06:33'),(4,485,'2013-04-29 22:12:53'),(4,486,'2013-04-29 22:15:08'),(4,487,'2013-04-29 22:20:02'),(4,495,'2013-04-29 22:45:02'),(4,636,'2013-05-09 01:02:42'),(4,692,'2013-05-13 23:06:32'),(4,729,'2013-09-04 19:14:46'),(4,730,'2013-09-04 19:02:35'),(4,731,'2013-08-12 20:03:19'),(4,732,'2013-05-14 00:10:33'),(4,733,'2013-09-04 19:04:52'),(4,750,'2013-08-27 02:02:28'),(4,751,'2013-08-13 19:29:41'),(4,752,'2013-07-28 23:02:51'),(4,782,'2013-08-13 19:00:25'),(4,783,'2013-07-28 23:07:05'),(4,784,'2013-05-14 01:29:11'),(4,785,'2013-08-12 20:08:46'),(4,788,'2013-09-04 18:11:27'),(4,803,'2013-05-14 01:53:43'),(4,808,'2013-05-14 01:57:32'),(4,809,'2013-08-27 01:59:15'),(4,813,'2013-07-28 23:04:33'),(4,814,'2013-07-28 23:04:03'),(4,815,'2013-05-14 02:14:15'),(4,967,'2013-08-27 01:59:48'),(4,968,'2013-06-27 22:52:07'),(4,969,'2013-06-27 23:37:02'),(4,970,'2013-06-27 23:38:25'),(4,971,'2013-06-27 23:40:09'),(4,1023,'2013-06-30 17:10:41'),(4,1086,'2013-08-26 16:06:14'),(4,1087,'2013-08-26 16:05:47'),(4,1151,'2013-08-27 02:01:12'),(4,1163,'2013-09-04 18:36:02'),(5,410,'2013-08-01 00:43:22'),(5,704,'2013-05-13 23:24:53'),(5,705,'2013-05-13 23:26:00'),(5,706,'2013-05-13 23:26:56'),(5,707,'2013-05-13 23:27:50'),(5,708,'2013-05-13 23:31:41'),(5,709,'2013-09-18 18:36:48'),(5,710,'2013-05-13 23:31:01'),(5,711,'2013-05-13 23:36:01'),(5,712,'2013-05-13 23:36:52'),(5,713,'2013-05-13 23:37:28'),(5,714,'2013-09-18 18:43:12'),(5,715,'2013-09-18 18:37:55'),(5,716,'2013-06-29 15:22:21'),(5,717,'2013-09-18 18:45:04'),(5,718,'2013-06-29 15:24:12'),(5,719,'2013-06-29 15:24:39'),(5,972,'2013-06-29 15:27:32'),(5,973,'2013-06-29 15:28:54'),(5,974,'2013-09-18 18:38:26'),(5,975,'2013-06-29 15:30:41'),(5,976,'2013-06-29 15:31:36'),(5,977,'2013-06-29 15:32:39'),(5,978,'2013-06-29 15:35:49'),(5,1061,'2013-07-18 17:57:37'),(5,1062,'2013-07-18 17:58:38'),(5,1063,'2013-07-18 17:59:28'),(5,1064,'2013-07-18 18:03:47'),(5,1065,'2013-07-18 18:04:59'),(5,1066,'2013-07-18 18:06:45'),(5,1067,'2013-07-18 18:07:37'),(5,1068,'2013-07-18 18:09:15'),(5,1069,'2013-07-18 18:10:01'),(5,1165,'2013-09-18 18:46:40'),(6,1,'2013-05-14 00:27:47'),(6,20,'2013-07-24 19:28:59'),(6,21,'2013-08-23 21:22:59'),(6,22,'2013-08-23 21:23:45'),(6,23,'2013-08-23 21:21:13'),(6,24,'2013-08-23 21:22:18'),(6,29,'2013-07-24 19:09:41'),(6,30,'2013-07-24 19:08:47'),(6,31,'2013-04-30 19:01:39'),(6,32,'2013-04-30 18:59:17'),(6,33,'2013-04-30 19:04:03'),(6,34,'2013-07-24 19:11:13'),(6,35,'2013-04-30 19:05:08'),(6,36,'2013-07-24 19:10:30'),(6,73,'2013-07-28 18:30:40'),(6,74,'2013-07-28 18:29:51'),(6,75,'2013-07-28 18:31:12'),(6,76,'2013-07-28 18:34:26'),(6,77,'2013-05-09 20:43:44'),(6,78,'2013-08-23 22:58:21'),(6,79,'2013-08-23 22:59:14'),(6,80,'2013-08-23 22:59:39'),(6,81,'2013-08-23 22:57:34'),(6,82,'2013-08-23 22:58:00'),(6,83,'2013-05-14 00:24:30'),(6,84,'2013-05-14 00:23:36'),(6,85,'2013-05-14 00:22:09'),(6,86,'2013-05-14 00:22:48'),(6,87,'2013-05-16 22:25:08'),(6,88,'2013-05-16 23:55:27'),(6,89,'2013-05-16 21:18:52'),(6,90,'2013-05-16 21:19:38'),(6,91,'2013-05-16 22:24:01'),(6,92,'2013-08-12 21:03:06'),(6,93,'2013-05-16 22:19:10'),(6,94,'2013-05-14 02:18:00'),(6,95,'2013-05-14 02:17:12'),(6,96,'2013-05-14 02:16:33'),(6,97,'2013-05-14 02:18:46'),(6,98,'2013-05-14 02:20:03'),(6,110,'2013-07-28 18:09:41'),(6,111,'2013-05-09 01:43:27'),(6,127,'2013-05-16 23:56:16'),(6,129,'2013-05-16 23:19:03'),(6,130,'2013-08-12 21:10:50'),(6,131,'2013-08-12 20:10:06'),(6,132,'2013-08-12 21:14:04'),(6,133,'2013-08-12 21:13:24'),(6,134,'2013-08-12 21:00:01'),(6,135,'2013-08-12 21:11:52'),(6,136,'2013-05-16 23:23:54'),(6,137,'2013-09-03 19:32:41'),(6,138,'2013-08-12 21:06:48'),(6,139,'2013-05-16 23:20:05'),(6,140,'2013-09-03 19:32:10'),(6,141,'2013-08-12 21:14:48'),(6,142,'2013-05-16 22:20:22'),(6,143,'2013-06-29 20:15:43'),(6,144,'2013-05-16 23:21:15'),(6,145,'2013-05-16 21:55:51'),(6,146,'2013-05-16 23:59:58'),(6,147,'2013-07-15 14:55:49'),(6,148,'2013-05-16 23:26:13'),(6,149,'2013-05-16 23:27:25'),(6,150,'2013-05-16 23:32:50'),(6,151,'2013-05-16 23:30:44'),(6,152,'2013-05-16 23:28:25'),(6,153,'2013-08-12 21:29:20'),(6,154,'2013-08-12 21:28:24'),(6,155,'2013-08-12 21:28:53'),(6,156,'2013-05-16 21:15:35'),(6,157,'2013-08-12 21:24:27'),(6,158,'2013-08-12 21:23:50'),(6,159,'2013-05-17 00:35:52'),(6,160,'2013-08-12 21:25:08'),(6,161,'2013-05-17 00:31:42'),(6,162,'2013-05-17 00:29:19'),(6,163,'2013-05-17 00:17:49'),(6,164,'2013-05-17 00:08:23'),(6,165,'2013-08-12 21:20:38'),(6,166,'2013-05-17 00:20:26'),(6,167,'2013-05-17 00:04:37'),(6,168,'2013-05-17 00:05:48'),(6,169,'2013-05-17 00:07:14'),(6,170,'2013-05-09 01:12:52'),(6,171,'2013-05-09 01:13:37'),(6,175,'2013-07-26 19:27:29'),(6,176,'2013-07-26 19:27:52'),(6,177,'2013-05-09 01:29:44'),(6,178,'2013-05-09 01:27:42'),(6,179,'2013-05-09 00:23:37'),(6,180,'2013-05-09 00:32:06'),(6,181,'2013-07-28 22:07:19'),(6,182,'2013-05-09 00:31:25'),(6,183,'2013-07-28 22:08:28'),(6,184,'2013-07-28 22:07:52'),(6,185,'2013-05-09 00:28:25'),(6,186,'2013-05-09 00:29:31'),(6,187,'2013-05-09 00:27:46'),(6,188,'2013-07-28 22:09:03'),(6,189,'2013-05-09 00:26:03'),(6,190,'2013-05-09 00:24:33'),(6,191,'2013-05-09 00:25:16'),(6,192,'2013-05-09 00:32:46'),(6,193,'2013-07-28 22:06:48'),(6,204,'2013-05-17 01:36:45'),(6,205,'2013-05-17 01:37:34'),(6,206,'2013-07-24 18:12:42'),(6,207,'2013-05-17 01:40:47'),(6,208,'2013-06-29 16:33:51'),(6,209,'2013-05-17 01:38:36'),(6,210,'2013-05-17 01:34:13'),(6,211,'2013-05-17 01:34:58'),(6,212,'2013-07-28 18:50:50'),(6,213,'2013-05-17 01:42:32'),(6,214,'2013-07-28 18:49:58'),(6,215,'2013-05-17 01:43:57'),(6,216,'2013-05-17 01:44:33'),(6,217,'2013-05-17 01:45:10'),(6,227,'2013-04-29 23:14:48'),(6,228,'2013-07-28 20:04:37'),(6,229,'2013-04-29 23:20:26'),(6,230,'2013-04-29 23:13:39'),(6,231,'2013-07-28 20:04:06'),(6,232,'2013-04-29 23:10:21'),(6,233,'2013-04-29 23:16:32'),(6,234,'2013-04-29 23:11:15'),(6,235,'2013-05-09 00:44:51'),(6,236,'2013-05-09 00:45:46'),(6,237,'2013-05-09 00:46:41'),(6,238,'2013-05-09 00:47:33'),(6,239,'2013-05-09 00:48:15'),(6,240,'2013-05-09 00:48:55'),(6,241,'2013-05-09 00:49:36'),(6,242,'2013-05-09 00:50:22'),(6,243,'2013-05-09 00:51:05'),(6,244,'2013-05-09 00:51:46'),(6,245,'2013-05-09 00:52:28'),(6,246,'2013-05-09 00:53:15'),(6,247,'2013-04-29 23:21:41'),(6,248,'2013-08-01 00:51:18'),(6,249,'2013-08-01 00:51:47'),(6,250,'2013-08-01 00:52:13'),(6,251,'2013-08-01 00:53:36'),(6,252,'2013-08-01 00:54:03'),(6,253,'2013-08-01 00:53:08'),(6,254,'2013-08-01 00:52:41'),(6,255,'2013-08-01 00:50:51'),(6,256,'2013-08-01 00:49:14'),(6,257,'2013-08-01 00:49:58'),(6,258,'2013-08-01 00:50:25'),(6,259,'2013-05-09 20:36:50'),(6,260,'2013-05-09 20:37:31'),(6,261,'2013-07-28 17:47:29'),(6,262,'2013-05-09 20:38:55'),(6,268,'2013-07-31 23:53:26'),(6,269,'2013-05-16 21:11:46'),(6,270,'2013-07-31 23:51:56'),(6,271,'2013-07-31 23:52:44'),(6,272,'2013-07-24 23:09:33'),(6,273,'2013-07-26 19:09:11'),(6,274,'2013-05-03 00:07:17'),(6,275,'2013-07-26 19:09:43'),(6,276,'2013-05-03 00:08:59'),(6,277,'2013-05-03 00:09:37'),(6,278,'2013-05-03 00:10:23'),(6,279,'2013-05-03 00:11:28'),(6,280,'2013-05-03 00:12:41'),(6,281,'2013-05-03 00:13:40'),(6,282,'2013-05-03 00:14:34'),(6,283,'2013-05-03 00:15:20'),(6,284,'2013-07-26 19:11:18'),(6,285,'2013-07-26 19:11:48'),(6,286,'2013-07-26 19:12:16'),(6,287,'2013-07-26 19:12:50'),(6,288,'2013-07-26 19:13:21'),(6,325,'2013-05-17 00:03:07'),(6,328,'2013-08-21 19:46:52'),(6,330,'2013-07-28 22:16:10'),(6,385,'2013-04-15 00:57:01'),(6,386,'2013-04-15 00:59:34'),(6,387,'2013-04-15 01:01:45'),(6,388,'2013-07-24 19:37:16'),(6,389,'2013-04-15 01:06:14'),(6,390,'2013-04-15 01:08:24'),(6,391,'2013-06-29 17:46:37'),(6,405,'2013-07-24 23:03:02'),(6,410,'2013-08-01 00:43:22'),(6,411,'2013-08-01 00:43:48'),(6,412,'2013-08-01 00:44:11'),(6,413,'2013-08-01 00:42:16'),(6,414,'2013-08-01 00:42:42'),(6,415,'2013-04-15 02:09:56'),(6,416,'2013-07-28 18:01:52'),(6,449,'2013-04-16 17:19:19'),(6,458,'2013-04-18 19:59:17'),(6,465,'2013-04-18 20:15:48'),(6,501,'2013-04-30 00:32:43'),(6,502,'2013-07-24 23:08:00'),(6,503,'2013-04-30 00:36:13'),(6,504,'2013-04-30 00:37:52'),(6,505,'2013-04-30 00:38:59'),(6,506,'2013-07-24 20:22:24'),(6,507,'2013-04-30 00:42:33'),(6,508,'2013-08-01 00:44:41'),(6,509,'2013-08-01 00:45:03'),(6,510,'2013-07-24 23:26:24'),(6,516,'2013-04-30 13:18:14'),(6,517,'2013-08-08 00:29:29'),(6,518,'2013-04-30 13:21:25'),(6,519,'2013-04-30 13:36:18'),(6,520,'2013-08-26 19:56:12'),(6,522,'2013-04-30 13:44:04'),(6,523,'2013-08-08 00:30:41'),(6,524,'2013-08-08 00:31:46'),(6,525,'2013-06-26 00:32:13'),(6,526,'2013-06-26 00:32:46'),(6,527,'2013-06-26 00:33:04'),(6,528,'2013-04-30 13:59:34'),(6,529,'2013-04-30 14:06:11'),(6,530,'2013-04-30 14:09:22'),(6,535,'2013-04-30 17:49:09'),(6,536,'2013-07-24 17:48:33'),(6,537,'2013-07-24 17:48:00'),(6,538,'2013-07-24 17:48:56'),(6,541,'2013-04-30 19:13:15'),(6,542,'2013-07-28 18:54:34'),(6,543,'2013-07-28 18:55:10'),(6,544,'2013-07-28 18:57:09'),(6,562,'2013-07-24 18:07:56'),(6,563,'2013-04-30 20:19:25'),(6,564,'2013-07-24 23:00:20'),(6,565,'2013-04-30 20:22:01'),(6,570,'2013-07-24 18:26:07'),(6,571,'2013-05-02 23:08:27'),(6,572,'2013-05-02 23:10:12'),(6,573,'2013-05-02 23:11:20'),(6,574,'2013-05-02 23:12:38'),(6,575,'2013-05-02 23:13:57'),(6,576,'2013-05-02 23:15:06'),(6,577,'2013-07-24 18:22:17'),(6,578,'2013-07-24 18:21:28'),(6,590,'2013-09-03 17:39:39'),(6,592,'2013-05-02 23:53:46'),(6,601,'2013-05-08 22:01:22'),(6,602,'2013-05-08 22:02:45'),(6,603,'2013-05-08 22:04:01'),(6,604,'2013-05-08 22:05:32'),(6,605,'2013-05-08 22:06:58'),(6,606,'2013-05-08 22:13:42'),(6,625,'2013-05-09 00:38:50'),(6,630,'2013-05-09 00:55:15'),(6,631,'2013-05-09 00:56:43'),(6,632,'2013-07-28 22:12:09'),(6,633,'2013-07-28 22:10:43'),(6,634,'2013-05-09 01:00:38'),(6,635,'2013-05-09 01:01:46'),(6,642,'2013-05-09 01:11:27'),(6,643,'2013-05-09 01:16:45'),(6,644,'2013-07-31 23:54:45'),(6,645,'2013-05-09 01:19:41'),(6,646,'2013-05-09 01:20:41'),(6,647,'2013-05-09 01:21:49'),(6,648,'2013-05-09 01:22:44'),(6,649,'2013-05-09 01:24:38'),(6,650,'2013-05-09 01:25:50'),(6,651,'2013-05-09 01:26:46'),(6,652,'2013-07-28 18:42:27'),(6,653,'2013-07-28 18:41:34'),(6,654,'2013-07-28 18:11:59'),(6,655,'2013-07-28 18:12:31'),(6,656,'2013-07-28 18:39:37'),(6,657,'2013-07-28 18:36:53'),(6,658,'2013-05-13 22:14:04'),(6,659,'2013-07-28 18:35:53'),(6,660,'2013-05-13 22:17:10'),(6,661,'2013-05-13 22:18:09'),(6,662,'2013-05-13 22:19:09'),(6,663,'2013-05-13 22:20:02'),(6,664,'2013-08-26 18:28:18'),(6,665,'2013-08-26 18:27:39'),(6,666,'2013-08-26 18:28:58'),(6,667,'2013-08-26 18:29:50'),(6,668,'2013-05-13 22:25:47'),(6,669,'2013-05-13 22:26:40'),(6,670,'2013-05-13 22:27:43'),(6,735,'2013-05-14 00:21:10'),(6,736,'2013-05-14 00:26:03'),(6,737,'2013-08-08 00:13:21'),(6,738,'2013-08-08 00:13:41'),(6,740,'2013-08-08 00:12:43'),(6,813,'2013-07-28 23:04:33'),(6,814,'2013-07-28 23:04:03'),(6,815,'2013-05-14 02:14:15'),(6,816,'2013-05-14 02:15:37'),(6,826,'2013-08-01 00:45:51'),(6,827,'2013-05-14 13:19:17'),(6,845,'2013-07-24 18:35:59'),(6,846,'2013-05-16 21:01:52'),(6,847,'2013-07-24 18:36:32'),(6,848,'2013-05-16 21:03:50'),(6,849,'2013-05-16 21:04:54'),(6,850,'2013-07-24 18:34:51'),(6,851,'2013-05-16 21:07:02'),(6,855,'2013-05-16 21:13:53'),(6,856,'2013-05-16 22:00:12'),(6,857,'2013-05-16 22:01:41'),(6,858,'2013-05-16 22:02:59'),(6,859,'2013-05-16 22:04:12'),(6,860,'2013-05-16 22:05:30'),(6,861,'2013-05-16 22:06:40'),(6,862,'2013-05-16 22:08:23'),(6,863,'2013-05-16 22:10:52'),(6,864,'2013-05-16 22:12:50'),(6,865,'2013-08-13 18:45:25'),(6,866,'2013-08-13 18:44:41'),(6,867,'2013-05-16 22:17:06'),(6,868,'2013-05-16 22:17:56'),(6,876,'2013-05-17 00:37:44'),(6,877,'2013-05-17 00:38:52'),(6,878,'2013-08-13 18:36:47'),(6,879,'2013-05-17 00:40:50'),(6,880,'2013-05-17 00:41:48'),(6,881,'2013-05-17 00:45:14'),(6,882,'2013-05-17 00:46:24'),(6,883,'2013-05-17 00:47:34'),(6,884,'2013-05-17 00:48:50'),(6,885,'2013-05-17 00:54:16'),(6,886,'2013-09-04 18:09:10'),(6,887,'2013-09-04 18:08:10'),(6,888,'2013-05-17 00:58:03'),(6,889,'2013-09-04 18:10:12'),(6,916,'2013-06-29 20:30:02'),(6,917,'2013-05-17 01:50:03'),(6,948,'2013-06-26 00:26:11'),(6,949,'2013-06-26 00:38:21'),(6,950,'2013-06-26 00:31:08'),(6,979,'2013-06-29 16:36:06'),(6,980,'2013-06-29 16:37:13'),(6,981,'2013-06-29 16:38:35'),(6,989,'2013-06-29 17:55:56'),(6,1008,'2013-06-29 20:12:20'),(6,1009,'2013-08-12 21:22:27'),(6,1010,'2013-06-29 20:17:24'),(6,1012,'2013-06-29 20:22:00'),(6,1013,'2013-06-29 20:23:24'),(6,1014,'2013-06-29 20:28:32'),(6,1015,'2013-06-29 20:31:58'),(6,1016,'2013-06-29 20:33:11'),(6,1074,'2013-07-28 20:01:38'),(6,1075,'2013-07-22 18:18:02'),(6,1076,'2013-07-22 18:20:01'),(6,1077,'2013-07-22 18:21:42'),(6,1084,'2013-07-23 18:45:28'),(6,1099,'2013-09-04 16:14:03'),(6,1100,'2013-07-28 17:45:34'),(6,1120,'2013-09-03 19:57:21'),(6,1150,'2013-08-26 19:21:59'),(6,1152,'2013-08-27 16:31:28'),(7,364,'2013-04-14 23:59:40'),(7,378,'2013-04-15 00:41:39'),(7,457,'2013-04-18 19:57:14'),(7,501,'2013-04-30 00:32:43'),(7,792,'2013-07-31 23:38:55'),(8,5,'2013-04-30 14:23:22'),(8,6,'2013-04-30 17:33:48'),(8,45,'2013-07-24 18:39:26'),(8,46,'2013-07-24 18:43:53'),(8,47,'2013-04-29 23:02:51'),(8,48,'2013-07-24 18:02:27'),(8,49,'2013-08-19 19:12:14'),(8,50,'2013-07-24 18:03:44'),(8,51,'2013-07-24 18:03:18'),(8,52,'2013-07-24 18:04:12'),(8,53,'2013-08-01 00:34:41'),(8,54,'2013-05-14 13:57:42'),(8,55,'2013-08-01 00:31:31'),(8,58,'2013-07-28 23:14:32'),(8,59,'2013-07-31 22:43:42'),(8,60,'2013-07-31 22:43:19'),(8,69,'2013-07-28 23:16:21'),(8,70,'2013-08-08 01:14:21'),(8,71,'2013-07-28 22:15:00'),(8,72,'2013-07-28 22:15:22'),(8,78,'2013-08-23 22:58:21'),(8,80,'2013-08-23 22:59:39'),(8,81,'2013-08-23 22:57:34'),(8,82,'2013-08-23 22:58:00'),(8,100,'2013-08-26 20:01:42'),(8,101,'2013-07-31 23:42:16'),(8,102,'2013-05-02 23:39:21'),(8,103,'2013-07-24 18:09:31'),(8,104,'2013-07-31 23:34:09'),(8,105,'2013-07-31 23:35:03'),(8,106,'2013-07-31 23:35:32'),(8,113,'2013-07-24 18:09:03'),(8,114,'2013-07-24 19:26:54'),(8,115,'2013-07-31 23:58:31'),(8,117,'2013-07-24 17:51:21'),(8,118,'2013-07-24 17:26:30'),(8,119,'2013-08-01 00:35:19'),(8,120,'2013-08-01 00:30:08'),(8,121,'2013-05-14 13:29:08'),(8,122,'2013-05-14 13:24:15'),(8,123,'2013-05-14 13:24:49'),(8,124,'2013-08-01 00:29:14'),(8,125,'2013-05-14 13:26:41'),(8,126,'2013-05-14 13:27:15'),(8,194,'2013-07-24 19:15:55'),(8,195,'2013-07-24 19:15:21'),(8,196,'2013-07-24 19:14:52'),(8,197,'2013-07-24 19:14:12'),(8,203,'2013-07-24 19:12:42'),(8,218,'2013-05-17 03:07:19'),(8,219,'2013-05-08 21:59:33'),(8,220,'2013-05-08 21:58:39'),(8,221,'2013-07-31 23:50:19'),(8,222,'2013-07-24 19:25:39'),(8,223,'2013-07-28 22:14:21'),(8,224,'2013-07-31 22:39:05'),(8,225,'2013-07-28 23:20:21'),(8,226,'2013-05-13 22:38:23'),(8,296,'2013-05-13 23:17:22'),(8,297,'2013-08-13 19:32:04'),(8,298,'2013-07-24 19:27:24'),(8,299,'2013-07-24 19:28:13'),(8,300,'2013-08-30 20:02:41'),(8,301,'2013-07-28 23:18:25'),(8,304,'2013-05-08 22:35:41'),(8,308,'2013-05-02 23:54:53'),(8,310,'2013-07-31 22:38:00'),(8,311,'2013-07-31 22:38:34'),(8,312,'2013-07-31 22:37:14'),(8,313,'2013-07-31 22:36:12'),(8,314,'2013-07-31 22:39:52'),(8,315,'2013-08-26 19:54:12'),(8,316,'2013-08-26 19:54:59'),(8,317,'2013-07-24 19:30:52'),(8,318,'2013-08-13 19:33:39'),(8,320,'2013-07-24 19:31:22'),(8,321,'2013-08-30 20:06:47'),(8,322,'2013-05-17 03:09:40'),(8,323,'2013-07-24 19:30:32'),(8,326,'2013-07-28 22:18:53'),(8,327,'2013-07-28 22:25:38'),(8,328,'2013-08-21 19:46:52'),(8,329,'2013-04-18 20:14:24'),(8,330,'2013-07-28 22:16:10'),(8,338,'2013-07-18 22:10:11'),(8,339,'2013-09-26 19:19:52'),(8,340,'2013-09-26 19:20:24'),(8,341,'2013-09-26 19:20:49'),(8,342,'2013-09-26 19:19:27'),(8,343,'2013-08-01 00:10:50'),(8,344,'2013-08-01 00:10:17'),(8,345,'2013-07-31 23:50:44'),(8,351,'2013-07-31 22:41:45'),(8,352,'2013-07-28 23:23:27'),(8,353,'2013-05-13 23:02:07'),(8,354,'2013-05-13 23:02:39'),(8,355,'2013-07-28 23:21:45'),(8,356,'2013-07-28 23:22:08'),(8,357,'2013-07-28 23:22:35'),(8,358,'2013-07-28 23:23:02'),(8,359,'2013-05-03 00:00:46'),(8,360,'2013-08-01 00:09:46'),(8,361,'2013-04-14 23:52:22'),(8,362,'2013-04-14 23:54:47'),(8,363,'2013-07-24 19:32:06'),(8,364,'2013-04-14 23:59:40'),(8,365,'2013-08-30 19:58:57'),(8,366,'2013-08-30 19:59:42'),(8,367,'2013-08-12 19:53:43'),(8,368,'2013-08-12 19:54:32'),(8,369,'2013-08-12 19:55:24'),(8,370,'2013-08-12 19:55:56'),(8,371,'2013-08-12 19:56:50'),(8,372,'2013-08-12 19:57:29'),(8,373,'2013-08-12 19:58:04'),(8,374,'2013-07-31 22:33:23'),(8,375,'2013-08-30 20:00:28'),(8,376,'2013-08-30 20:00:54'),(8,377,'2013-08-30 20:01:25'),(8,378,'2013-04-15 00:41:39'),(8,379,'2013-07-24 19:21:37'),(8,380,'2013-04-15 00:46:27'),(8,381,'2013-07-28 23:11:53'),(8,382,'2013-04-15 00:51:27'),(8,383,'2013-07-28 23:08:27'),(8,384,'2013-07-28 23:11:20'),(8,385,'2013-04-15 00:57:01'),(8,386,'2013-04-15 00:59:34'),(8,387,'2013-04-15 01:01:45'),(8,388,'2013-07-24 19:37:16'),(8,389,'2013-04-15 01:06:14'),(8,390,'2013-04-15 01:08:24'),(8,391,'2013-06-29 17:46:37'),(8,393,'2013-08-05 19:44:49'),(8,394,'2013-07-31 23:16:17'),(8,395,'2013-06-29 19:36:31'),(8,396,'2013-08-01 00:07:09'),(8,397,'2013-08-01 00:07:50'),(8,398,'2013-08-01 00:08:17'),(8,399,'2013-08-01 00:08:53'),(8,402,'2013-04-15 01:37:55'),(8,403,'2013-04-15 01:42:30'),(8,404,'2013-04-15 01:42:50'),(8,405,'2013-07-24 23:03:02'),(8,406,'2013-04-15 01:45:50'),(8,407,'2013-07-31 23:20:47'),(8,408,'2013-04-15 01:50:51'),(8,409,'2013-07-24 19:22:29'),(8,410,'2013-08-01 00:43:22'),(8,411,'2013-08-01 00:43:48'),(8,412,'2013-08-01 00:44:11'),(8,413,'2013-08-01 00:42:16'),(8,414,'2013-08-01 00:42:42'),(8,415,'2013-04-15 02:09:56'),(8,416,'2013-07-28 18:01:52'),(8,419,'2013-04-15 02:17:48'),(8,420,'2013-07-28 23:06:26'),(8,421,'2013-07-31 22:35:26'),(8,422,'2013-07-31 22:41:22'),(8,423,'2013-07-31 22:42:07'),(8,424,'2013-07-31 22:42:30'),(8,425,'2013-07-31 22:42:56'),(8,426,'2013-07-31 22:40:23'),(8,427,'2013-07-31 22:40:50'),(8,434,'2013-08-01 00:55:32'),(8,435,'2013-08-01 00:56:54'),(8,436,'2013-08-01 00:56:07'),(8,437,'2013-08-01 00:57:39'),(8,449,'2013-04-16 17:19:19'),(8,450,'2013-04-16 18:48:02'),(8,451,'2013-08-08 01:12:29'),(8,452,'2013-08-08 01:13:24'),(8,453,'2013-04-18 19:44:58'),(8,454,'2013-04-18 19:49:22'),(8,455,'2013-04-18 19:51:36'),(8,456,'2013-04-18 19:55:20'),(8,457,'2013-04-18 19:57:14'),(8,458,'2013-04-18 19:59:17'),(8,459,'2013-04-18 20:01:01'),(8,460,'2013-04-18 20:04:12'),(8,461,'2013-04-18 20:05:32'),(8,462,'2013-08-08 01:14:55'),(8,463,'2013-07-31 23:18:43'),(8,464,'2013-07-31 23:19:10'),(8,465,'2013-04-18 20:15:48'),(8,466,'2013-06-30 17:33:58'),(8,467,'2013-07-24 17:21:31'),(8,468,'2013-06-30 17:33:07'),(8,469,'2013-04-29 21:37:15'),(8,470,'2013-04-29 21:38:39'),(8,471,'2013-04-29 21:40:23'),(8,472,'2013-04-29 21:41:47'),(8,473,'2013-04-29 21:43:39'),(8,474,'2013-08-01 00:58:49'),(8,475,'2013-04-29 21:48:32'),(8,476,'2013-08-01 00:58:26'),(8,477,'2013-04-29 21:52:17'),(8,478,'2013-08-08 00:06:19'),(8,479,'2013-09-25 19:17:02'),(8,488,'2013-07-24 19:23:58'),(8,489,'2013-04-29 22:32:24'),(8,490,'2013-07-24 19:24:20'),(8,491,'2013-04-29 22:34:51'),(8,496,'2013-07-24 18:48:08'),(8,497,'2013-07-24 18:48:33'),(8,498,'2013-04-29 22:52:25'),(8,499,'2013-04-29 22:54:31'),(8,500,'2013-04-29 22:57:44'),(8,516,'2013-04-30 13:18:14'),(8,519,'2013-04-30 13:36:18'),(8,523,'2013-08-08 00:30:41'),(8,524,'2013-08-08 00:31:46'),(8,525,'2013-06-26 00:32:13'),(8,526,'2013-06-26 00:32:46'),(8,527,'2013-06-26 00:33:04'),(8,528,'2013-04-30 13:59:34'),(8,529,'2013-04-30 14:06:11'),(8,530,'2013-04-30 14:09:22'),(8,534,'2013-08-01 18:29:00'),(8,539,'2013-04-30 19:09:56'),(8,540,'2013-07-28 22:13:51'),(8,545,'2013-07-24 18:17:14'),(8,546,'2013-07-24 18:17:44'),(8,547,'2013-07-24 18:18:15'),(8,548,'2013-07-24 18:18:38'),(8,549,'2013-04-30 19:36:56'),(8,550,'2013-07-28 23:16:53'),(8,551,'2013-07-28 23:17:22'),(8,552,'2013-04-30 19:41:15'),(8,553,'2013-07-24 18:16:21'),(8,554,'2013-04-30 19:48:05'),(8,555,'2013-04-30 19:49:59'),(8,556,'2013-04-30 19:51:22'),(8,557,'2013-04-30 19:53:14'),(8,558,'2013-04-30 19:54:08'),(8,559,'2013-04-30 20:10:27'),(8,560,'2013-04-30 20:11:42'),(8,561,'2013-07-24 19:32:35'),(8,562,'2013-07-24 18:07:56'),(8,563,'2013-04-30 20:19:25'),(8,569,'2013-07-24 19:27:47'),(8,579,'2013-05-02 23:20:53'),(8,580,'2013-05-02 23:22:16'),(8,581,'2013-05-02 23:23:24'),(8,582,'2013-05-02 23:24:44'),(8,583,'2013-08-08 00:33:27'),(8,584,'2013-05-02 23:41:39'),(8,585,'2013-05-02 23:42:36'),(8,586,'2013-05-02 23:43:31'),(8,587,'2013-07-24 22:40:19'),(8,591,'2013-05-02 23:51:48'),(8,592,'2013-05-02 23:53:46'),(8,593,'2013-05-02 23:56:22'),(8,594,'2013-05-02 23:57:26'),(8,595,'2013-07-24 19:26:16'),(8,596,'2013-05-03 00:03:47'),(8,597,'2013-07-24 19:13:37'),(8,598,'2013-05-08 21:54:19'),(8,599,'2013-05-08 21:55:37'),(8,600,'2013-05-08 21:57:06'),(8,608,'2013-05-08 22:31:15'),(8,609,'2013-05-08 22:32:45'),(8,610,'2013-05-08 22:33:54'),(8,611,'2013-05-08 22:34:46'),(8,612,'2013-07-28 22:30:25'),(8,613,'2013-07-28 22:29:55'),(8,614,'2013-07-28 22:31:05'),(8,615,'2013-07-28 22:31:40'),(8,616,'2013-05-08 23:32:15'),(8,617,'2013-08-07 23:25:45'),(8,618,'2013-08-13 19:33:07'),(8,619,'2013-05-08 23:44:15'),(8,620,'2013-05-09 00:18:30'),(8,623,'2013-09-03 17:24:02'),(8,624,'2013-05-09 00:37:25'),(8,625,'2013-05-09 00:38:50'),(8,626,'2013-08-26 19:57:31'),(8,627,'2013-07-24 17:58:06'),(8,637,'2013-05-09 01:03:29'),(8,638,'2013-05-09 01:05:46'),(8,639,'2013-08-12 21:01:32'),(8,640,'2013-08-12 20:01:01'),(8,676,'2013-07-28 18:46:09'),(8,677,'2013-05-13 22:37:01'),(8,680,'2013-05-13 22:41:52'),(8,681,'2013-07-28 23:19:49'),(8,682,'2013-07-28 23:18:48'),(8,683,'2013-07-28 23:19:12'),(8,684,'2013-05-13 22:48:20'),(8,685,'2013-08-30 20:04:47'),(8,686,'2013-07-24 17:56:17'),(8,687,'2013-08-30 20:04:28'),(8,688,'2013-07-15 14:39:22'),(8,689,'2013-08-30 20:05:36'),(8,690,'2013-08-30 20:05:14'),(8,691,'2013-05-13 23:04:14'),(8,692,'2013-05-13 23:06:32'),(8,695,'2013-08-08 01:17:08'),(8,696,'2013-08-08 01:17:36'),(8,697,'2013-08-08 01:18:17'),(8,698,'2013-08-12 20:02:31'),(8,699,'2013-05-13 23:19:18'),(8,703,'2013-07-28 19:56:48'),(8,720,'2013-05-13 23:44:09'),(8,721,'2013-05-13 23:44:59'),(8,722,'2013-08-13 19:32:30'),(8,723,'2013-07-24 23:29:47'),(8,724,'2013-05-13 23:50:30'),(8,725,'2013-07-31 23:43:17'),(8,726,'2013-08-26 20:02:20'),(8,727,'2013-08-01 00:11:54'),(8,728,'2013-07-31 23:40:59'),(8,741,'2013-07-24 19:17:38'),(8,742,'2013-07-24 19:17:11'),(8,743,'2013-05-14 00:35:00'),(8,748,'2013-05-14 00:52:30'),(8,753,'2013-05-14 01:00:34'),(8,793,'2013-08-01 00:46:42'),(8,794,'2013-07-28 19:55:45'),(8,803,'2013-05-14 01:53:43'),(8,804,'2013-07-28 19:55:04'),(8,805,'2013-07-24 17:40:40'),(8,812,'2013-08-23 22:28:39'),(8,813,'2013-07-28 23:04:33'),(8,814,'2013-07-28 23:04:03'),(8,815,'2013-05-14 02:14:15'),(8,817,'2013-05-14 02:21:00'),(8,821,'2013-07-31 23:49:49'),(8,822,'2013-07-31 23:51:21'),(8,823,'2013-05-14 02:28:22'),(8,824,'2013-07-28 23:05:38'),(8,828,'2013-08-01 00:38:55'),(8,829,'2013-05-14 13:21:00'),(8,830,'2013-08-01 00:39:42'),(8,831,'2013-05-14 13:22:34'),(8,832,'2013-05-14 13:23:34'),(8,833,'2013-08-01 00:40:17'),(8,834,'2013-05-14 13:34:51'),(8,835,'2013-08-01 00:33:46'),(8,836,'2013-05-14 13:50:28'),(8,837,'2013-08-01 19:36:02'),(8,838,'2013-08-01 00:35:56'),(8,839,'2013-08-01 00:36:49'),(8,840,'2013-08-01 00:37:34'),(8,852,'2013-05-16 21:07:57'),(8,871,'2013-05-16 23:43:18'),(8,872,'2013-05-16 23:44:20'),(8,873,'2013-05-16 23:45:11'),(8,874,'2013-05-16 23:46:31'),(8,875,'2013-05-16 23:49:15'),(8,890,'2013-05-17 01:00:48'),(8,892,'2013-08-07 23:19:46'),(8,893,'2013-05-17 01:06:54'),(8,894,'2013-05-17 01:08:22'),(8,895,'2013-07-28 18:02:48'),(8,896,'2013-05-17 01:10:31'),(8,897,'2013-05-17 01:12:00'),(8,918,'2013-07-24 18:10:28'),(8,934,'2013-07-31 23:53:50'),(8,941,'2013-05-17 02:58:12'),(8,942,'2013-05-17 02:59:10'),(8,943,'2013-05-17 03:00:12'),(8,944,'2013-05-17 03:01:00'),(8,945,'2013-05-17 03:02:19'),(8,946,'2013-05-17 03:03:09'),(8,947,'2013-07-24 19:32:54'),(8,948,'2013-06-26 00:26:11'),(8,949,'2013-06-26 00:38:21'),(8,982,'2013-08-30 20:00:05'),(8,1005,'2013-06-29 19:03:15'),(8,1006,'2013-07-19 18:26:10'),(8,1007,'2013-08-16 15:08:19'),(8,1024,'2013-07-24 17:22:59'),(8,1025,'2013-06-30 18:00:00'),(8,1028,'2013-06-30 18:21:55'),(8,1029,'2013-07-24 18:44:18'),(8,1033,'2013-08-16 15:07:56'),(8,1059,'2013-07-15 17:52:01'),(8,1060,'2013-07-24 19:25:16'),(8,1070,'2013-07-18 18:53:35'),(8,1078,'2013-07-28 23:09:22'),(8,1085,'2013-08-01 19:36:23'),(8,1090,'2013-07-24 14:34:23'),(8,1091,'2013-07-24 14:35:51'),(8,1092,'2013-07-24 14:36:47'),(8,1093,'2013-07-24 14:38:16'),(8,1094,'2013-07-24 19:42:15'),(8,1096,'2013-07-24 19:42:39'),(8,1106,'2013-07-24 18:47:40'),(8,1107,'2013-07-24 19:36:49'),(8,1114,'2013-07-28 22:28:52'),(8,1121,'2013-08-01 00:03:21'),(8,1149,'2013-08-23 22:39:32'),(8,1157,'2013-09-03 17:23:30'),(8,1158,'2013-09-03 17:25:02'),(9,1,'2013-05-14 00:27:47'),(9,21,'2013-08-23 21:22:59'),(9,22,'2013-08-23 21:23:45'),(9,23,'2013-08-23 21:21:13'),(9,24,'2013-08-23 21:22:18'),(9,29,'2013-07-24 19:09:41'),(9,30,'2013-07-24 19:08:47'),(9,31,'2013-04-30 19:01:39'),(9,32,'2013-04-30 18:59:17'),(9,33,'2013-04-30 19:04:03'),(9,34,'2013-07-24 19:11:13'),(9,35,'2013-04-30 19:05:08'),(9,36,'2013-07-24 19:10:30'),(9,73,'2013-07-28 18:30:40'),(9,74,'2013-07-28 18:29:51'),(9,75,'2013-07-28 18:31:12'),(9,76,'2013-07-28 18:34:26'),(9,77,'2013-05-09 20:43:44'),(9,78,'2013-08-23 22:58:21'),(9,79,'2013-08-23 22:59:14'),(9,80,'2013-08-23 22:59:39'),(9,81,'2013-08-23 22:57:34'),(9,82,'2013-08-23 22:58:00'),(9,83,'2013-05-14 00:24:29'),(9,84,'2013-05-14 00:23:36'),(9,85,'2013-05-14 00:22:09'),(9,86,'2013-05-14 00:22:48'),(9,87,'2013-05-16 22:25:08'),(9,88,'2013-05-16 23:55:27'),(9,89,'2013-05-16 21:18:52'),(9,90,'2013-05-16 21:19:38'),(9,91,'2013-05-16 22:24:01'),(9,92,'2013-08-12 21:03:06'),(9,93,'2013-05-16 22:19:10'),(9,94,'2013-05-14 02:18:00'),(9,95,'2013-05-14 02:17:12'),(9,96,'2013-05-14 02:16:33'),(9,97,'2013-05-14 02:18:46'),(9,98,'2013-05-14 02:20:03'),(9,99,'2013-07-28 18:10:34'),(9,109,'2013-07-24 23:16:17'),(9,110,'2013-07-28 18:09:41'),(9,111,'2013-05-09 01:43:27'),(9,112,'2013-07-24 23:19:50'),(9,115,'2013-07-31 23:58:31'),(9,127,'2013-05-16 23:56:16'),(9,128,'2013-05-16 21:52:44'),(9,129,'2013-05-16 23:19:03'),(9,130,'2013-08-12 21:10:50'),(9,131,'2013-08-12 20:10:06'),(9,132,'2013-08-12 21:14:04'),(9,133,'2013-08-12 21:13:24'),(9,134,'2013-08-12 21:00:01'),(9,135,'2013-08-12 21:11:52'),(9,136,'2013-05-16 23:23:54'),(9,137,'2013-09-03 19:32:41'),(9,138,'2013-08-12 21:06:48'),(9,139,'2013-05-16 23:20:05'),(9,140,'2013-09-03 19:32:10'),(9,141,'2013-08-12 21:14:48'),(9,142,'2013-05-16 22:20:22'),(9,143,'2013-06-29 20:15:43'),(9,144,'2013-05-16 23:21:15'),(9,145,'2013-05-16 21:55:51'),(9,146,'2013-05-16 23:59:58'),(9,147,'2013-07-15 14:55:49'),(9,148,'2013-05-16 23:26:13'),(9,149,'2013-05-16 23:27:25'),(9,150,'2013-05-16 23:32:50'),(9,151,'2013-05-16 23:30:44'),(9,152,'2013-05-16 23:28:25'),(9,153,'2013-08-12 21:29:20'),(9,154,'2013-08-12 21:28:24'),(9,155,'2013-08-12 21:28:53'),(9,156,'2013-05-16 21:15:35'),(9,157,'2013-08-12 21:24:27'),(9,158,'2013-08-12 21:23:50'),(9,159,'2013-05-17 00:35:52'),(9,160,'2013-08-12 21:25:08'),(9,161,'2013-05-17 00:31:42'),(9,162,'2013-05-17 00:29:19'),(9,163,'2013-05-17 00:17:49'),(9,164,'2013-05-17 00:08:23'),(9,165,'2013-08-12 21:20:38'),(9,166,'2013-05-17 00:20:26'),(9,167,'2013-05-17 00:04:37'),(9,168,'2013-05-17 00:05:48'),(9,169,'2013-05-17 00:07:14'),(9,170,'2013-05-09 01:12:52'),(9,171,'2013-05-09 01:13:37'),(9,175,'2013-07-26 19:27:29'),(9,176,'2013-07-26 19:27:52'),(9,177,'2013-05-09 01:29:44'),(9,178,'2013-05-09 01:27:42'),(9,179,'2013-05-09 00:23:37'),(9,180,'2013-05-09 00:32:06'),(9,181,'2013-07-28 22:07:19'),(9,182,'2013-05-09 00:31:25'),(9,183,'2013-07-28 22:08:28'),(9,184,'2013-07-28 22:07:52'),(9,185,'2013-05-09 00:28:25'),(9,186,'2013-05-09 00:29:31'),(9,187,'2013-05-09 00:27:46'),(9,188,'2013-07-28 22:09:03'),(9,189,'2013-05-09 00:26:03'),(9,190,'2013-05-09 00:24:33'),(9,191,'2013-05-09 00:25:16'),(9,192,'2013-05-09 00:32:46'),(9,193,'2013-07-28 22:06:48'),(9,204,'2013-05-17 01:36:45'),(9,205,'2013-05-17 01:37:34'),(9,206,'2013-07-24 18:12:42'),(9,207,'2013-05-17 01:40:47'),(9,208,'2013-06-29 16:33:51'),(9,209,'2013-05-17 01:38:36'),(9,210,'2013-05-17 01:34:13'),(9,211,'2013-05-17 01:34:58'),(9,212,'2013-07-28 18:50:50'),(9,213,'2013-05-17 01:42:32'),(9,214,'2013-07-28 18:49:58'),(9,215,'2013-05-17 01:43:57'),(9,216,'2013-05-17 01:44:33'),(9,217,'2013-05-17 01:45:10'),(9,227,'2013-04-29 23:14:48'),(9,228,'2013-07-28 20:04:37'),(9,229,'2013-04-29 23:20:26'),(9,230,'2013-04-29 23:13:39'),(9,231,'2013-07-28 20:04:06'),(9,232,'2013-04-29 23:10:21'),(9,233,'2013-04-29 23:16:32'),(9,234,'2013-04-29 23:11:15'),(9,235,'2013-05-09 00:44:51'),(9,236,'2013-05-09 00:45:46'),(9,237,'2013-05-09 00:46:41'),(9,238,'2013-05-09 00:47:33'),(9,239,'2013-05-09 00:48:15'),(9,240,'2013-05-09 00:48:55'),(9,241,'2013-05-09 00:49:36'),(9,242,'2013-05-09 00:50:22'),(9,243,'2013-05-09 00:51:05'),(9,244,'2013-05-09 00:51:46'),(9,245,'2013-05-09 00:52:28'),(9,246,'2013-05-09 00:53:15'),(9,247,'2013-04-29 23:21:41'),(9,248,'2013-08-01 00:51:18'),(9,249,'2013-08-01 00:51:47'),(9,250,'2013-08-01 00:52:13'),(9,251,'2013-08-01 00:53:36'),(9,252,'2013-08-01 00:54:03'),(9,253,'2013-08-01 00:53:08'),(9,254,'2013-08-01 00:52:41'),(9,255,'2013-08-01 00:50:51'),(9,256,'2013-08-01 00:49:14'),(9,257,'2013-08-01 00:49:58'),(9,258,'2013-08-01 00:50:25'),(9,259,'2013-05-09 20:36:50'),(9,260,'2013-05-09 20:37:31'),(9,261,'2013-07-28 17:47:29'),(9,262,'2013-05-09 20:38:55'),(9,272,'2013-07-24 23:09:33'),(9,273,'2013-07-26 19:09:11'),(9,274,'2013-05-03 00:07:17'),(9,275,'2013-07-26 19:09:43'),(9,276,'2013-05-03 00:08:59'),(9,277,'2013-05-03 00:09:37'),(9,278,'2013-05-03 00:10:23'),(9,279,'2013-05-03 00:11:28'),(9,280,'2013-05-03 00:12:41'),(9,281,'2013-05-03 00:13:40'),(9,282,'2013-05-03 00:14:34'),(9,283,'2013-05-03 00:15:20'),(9,284,'2013-07-26 19:11:18'),(9,285,'2013-07-26 19:11:48'),(9,286,'2013-07-26 19:12:16'),(9,287,'2013-07-26 19:12:50'),(9,288,'2013-07-26 19:13:21'),(9,325,'2013-05-17 00:03:07'),(9,326,'2013-07-28 22:18:53'),(9,327,'2013-07-28 22:25:38'),(9,328,'2013-08-21 19:46:52'),(9,329,'2013-04-18 20:14:24'),(9,330,'2013-07-28 22:16:10'),(9,386,'2013-04-15 00:59:34'),(9,387,'2013-04-15 01:01:45'),(9,388,'2013-07-24 19:37:16'),(9,389,'2013-04-15 01:06:14'),(9,390,'2013-04-15 01:08:24'),(9,391,'2013-06-29 17:46:37'),(9,405,'2013-07-24 23:03:02'),(9,410,'2013-08-01 00:43:22'),(9,411,'2013-08-01 00:43:48'),(9,412,'2013-08-01 00:44:11'),(9,413,'2013-08-01 00:42:16'),(9,414,'2013-08-01 00:42:42'),(9,415,'2013-04-15 02:09:56'),(9,416,'2013-07-28 18:01:52'),(9,450,'2013-04-16 18:48:02'),(9,451,'2013-08-08 01:12:29'),(9,452,'2013-08-08 01:13:24'),(9,453,'2013-04-18 19:44:58'),(9,454,'2013-04-18 19:49:22'),(9,455,'2013-04-18 19:51:36'),(9,456,'2013-04-18 19:55:20'),(9,458,'2013-04-18 19:59:17'),(9,460,'2013-04-18 20:04:12'),(9,461,'2013-04-18 20:05:32'),(9,465,'2013-04-18 20:15:48'),(9,501,'2013-04-30 00:32:43'),(9,502,'2013-07-24 23:08:00'),(9,503,'2013-04-30 00:36:13'),(9,505,'2013-04-30 00:38:59'),(9,506,'2013-07-24 20:22:24'),(9,507,'2013-04-30 00:42:33'),(9,508,'2013-08-01 00:44:41'),(9,509,'2013-08-01 00:45:03'),(9,510,'2013-07-24 23:26:24'),(9,516,'2013-04-30 13:18:14'),(9,517,'2013-08-08 00:29:29'),(9,518,'2013-04-30 13:21:25'),(9,519,'2013-04-30 13:36:18'),(9,520,'2013-08-26 19:56:12'),(9,522,'2013-04-30 13:44:04'),(9,523,'2013-08-08 00:30:41'),(9,524,'2013-08-08 00:31:46'),(9,525,'2013-06-26 00:32:13'),(9,526,'2013-06-26 00:32:46'),(9,527,'2013-06-26 00:33:04'),(9,528,'2013-04-30 13:59:34'),(9,529,'2013-04-30 14:06:11'),(9,530,'2013-04-30 14:09:22'),(9,535,'2013-04-30 17:49:09'),(9,536,'2013-07-24 17:48:33'),(9,537,'2013-07-24 17:48:00'),(9,538,'2013-07-24 17:48:56'),(9,541,'2013-04-30 19:13:15'),(9,542,'2013-07-28 18:54:34'),(9,543,'2013-07-28 18:55:10'),(9,544,'2013-07-28 18:57:09'),(9,555,'2013-04-30 19:49:59'),(9,563,'2013-04-30 20:19:25'),(9,564,'2013-07-24 23:00:20'),(9,565,'2013-04-30 20:22:01'),(9,570,'2013-07-24 18:26:07'),(9,571,'2013-05-02 23:08:27'),(9,572,'2013-05-02 23:10:12'),(9,573,'2013-05-02 23:11:20'),(9,574,'2013-05-02 23:12:38'),(9,575,'2013-05-02 23:13:57'),(9,576,'2013-05-02 23:15:06'),(9,577,'2013-07-24 18:22:17'),(9,578,'2013-07-24 18:21:28'),(9,590,'2013-09-03 17:39:39'),(9,601,'2013-05-08 22:01:22'),(9,602,'2013-05-08 22:02:45'),(9,603,'2013-05-08 22:04:01'),(9,604,'2013-05-08 22:05:32'),(9,605,'2013-05-08 22:06:58'),(9,606,'2013-05-08 22:13:42'),(9,625,'2013-05-09 00:38:50'),(9,630,'2013-05-09 00:55:15'),(9,631,'2013-05-09 00:56:43'),(9,632,'2013-07-28 22:12:09'),(9,633,'2013-07-28 22:10:43'),(9,634,'2013-05-09 01:00:38'),(9,635,'2013-05-09 01:01:46'),(9,643,'2013-05-09 01:16:45'),(9,644,'2013-07-31 23:54:45'),(9,645,'2013-05-09 01:19:41'),(9,646,'2013-05-09 01:20:41'),(9,647,'2013-05-09 01:21:49'),(9,648,'2013-05-09 01:22:44'),(9,649,'2013-05-09 01:24:38'),(9,650,'2013-05-09 01:25:50'),(9,651,'2013-05-09 01:26:46'),(9,652,'2013-07-28 18:42:27'),(9,653,'2013-07-28 18:41:34'),(9,654,'2013-07-28 18:11:59'),(9,655,'2013-07-28 18:12:31'),(9,656,'2013-07-28 18:39:37'),(9,657,'2013-07-28 18:36:53'),(9,658,'2013-05-13 22:14:04'),(9,659,'2013-07-28 18:35:53'),(9,660,'2013-05-13 22:17:10'),(9,661,'2013-05-13 22:18:09'),(9,663,'2013-05-13 22:20:02'),(9,664,'2013-08-26 18:28:18'),(9,665,'2013-08-26 18:27:39'),(9,666,'2013-08-26 18:28:58'),(9,667,'2013-08-26 18:29:50'),(9,668,'2013-05-13 22:25:47'),(9,669,'2013-05-13 22:26:40'),(9,670,'2013-05-13 22:27:43'),(9,671,'2013-05-13 22:28:43'),(9,734,'2013-08-12 21:17:43'),(9,735,'2013-05-14 00:21:10'),(9,736,'2013-05-14 00:26:03'),(9,737,'2013-08-08 00:13:21'),(9,738,'2013-08-08 00:13:41'),(9,740,'2013-08-08 00:12:43'),(9,814,'2013-07-28 23:04:03'),(9,816,'2013-05-14 02:15:37'),(9,845,'2013-07-24 18:35:59'),(9,846,'2013-05-16 21:01:52'),(9,847,'2013-07-24 18:36:32'),(9,848,'2013-05-16 21:03:50'),(9,849,'2013-05-16 21:04:54'),(9,850,'2013-07-24 18:34:51'),(9,851,'2013-05-16 21:07:02'),(9,853,'2013-05-16 21:09:07'),(9,854,'2013-05-16 21:10:07'),(9,855,'2013-05-16 21:13:53'),(9,856,'2013-05-16 22:00:12'),(9,857,'2013-05-16 22:01:41'),(9,858,'2013-05-16 22:02:59'),(9,859,'2013-05-16 22:04:12'),(9,860,'2013-05-16 22:05:30'),(9,861,'2013-05-16 22:06:40'),(9,862,'2013-05-16 22:08:23'),(9,863,'2013-05-16 22:10:52'),(9,864,'2013-05-16 22:12:50'),(9,876,'2013-05-17 00:37:44'),(9,877,'2013-05-17 00:38:52'),(9,878,'2013-08-13 18:36:47'),(9,879,'2013-05-17 00:40:50'),(9,880,'2013-05-17 00:41:48'),(9,881,'2013-05-17 00:45:14'),(9,882,'2013-05-17 00:46:24'),(9,883,'2013-05-17 00:47:34'),(9,884,'2013-05-17 00:48:50'),(9,885,'2013-05-17 00:54:16'),(9,886,'2013-09-04 18:09:10'),(9,887,'2013-09-04 18:08:10'),(9,888,'2013-05-17 00:58:03'),(9,889,'2013-09-04 18:10:12'),(9,916,'2013-06-29 20:30:02'),(9,917,'2013-05-17 01:50:03'),(9,948,'2013-06-26 00:26:11'),(9,949,'2013-06-26 00:38:21'),(9,950,'2013-06-26 00:31:08'),(9,951,'2013-06-26 19:31:19'),(9,970,'2013-06-27 23:38:25'),(9,979,'2013-06-29 16:36:06'),(9,980,'2013-06-29 16:37:13'),(9,981,'2013-06-29 16:38:35'),(9,989,'2013-06-29 17:55:56'),(9,1008,'2013-06-29 20:12:20'),(9,1009,'2013-08-12 21:22:27'),(9,1010,'2013-06-29 20:17:24'),(9,1012,'2013-06-29 20:22:00'),(9,1013,'2013-06-29 20:23:24'),(9,1014,'2013-06-29 20:28:32'),(9,1015,'2013-06-29 20:31:58'),(9,1016,'2013-06-29 20:33:11'),(9,1084,'2013-07-23 18:45:28'),(9,1099,'2013-09-04 16:14:03'),(9,1100,'2013-07-28 17:45:34'),(9,1105,'2013-08-27 16:29:32'),(9,1123,'2013-08-21 19:43:56'),(9,1133,'2013-08-08 00:15:16'),(9,1152,'2013-08-27 16:31:28'),(10,5,'2013-04-30 14:23:22'),(10,6,'2013-04-30 17:33:48'),(10,45,'2013-07-24 18:39:26'),(10,46,'2013-07-24 18:43:53'),(10,47,'2013-04-29 23:02:51'),(10,48,'2013-07-24 18:02:27'),(10,49,'2013-08-19 19:12:14'),(10,50,'2013-07-24 18:03:44'),(10,51,'2013-07-24 18:03:18'),(10,52,'2013-07-24 18:04:12'),(10,53,'2013-08-01 00:34:41'),(10,54,'2013-05-14 13:57:42'),(10,55,'2013-08-01 00:31:31'),(10,58,'2013-07-28 23:14:32'),(10,59,'2013-07-31 22:43:42'),(10,60,'2013-07-31 22:43:19'),(10,62,'2013-04-30 13:13:34'),(10,69,'2013-07-28 23:16:21'),(10,70,'2013-08-08 01:14:21'),(10,71,'2013-07-28 22:15:00'),(10,72,'2013-07-28 22:15:22'),(10,80,'2013-08-23 22:59:39'),(10,82,'2013-08-23 22:58:00'),(10,100,'2013-08-26 20:01:42'),(10,101,'2013-07-31 23:42:16'),(10,102,'2013-05-02 23:39:21'),(10,103,'2013-07-24 18:09:31'),(10,104,'2013-07-31 23:34:09'),(10,105,'2013-07-31 23:35:03'),(10,106,'2013-07-31 23:35:32'),(10,108,'2013-08-26 19:58:05'),(10,113,'2013-07-24 18:09:03'),(10,114,'2013-07-24 19:26:54'),(10,115,'2013-07-31 23:58:31'),(10,116,'2013-05-02 23:27:06'),(10,117,'2013-07-24 17:51:21'),(10,118,'2013-07-24 17:26:30'),(10,119,'2013-08-01 00:35:19'),(10,120,'2013-08-01 00:30:08'),(10,121,'2013-05-14 13:29:08'),(10,122,'2013-05-14 13:24:15'),(10,123,'2013-05-14 13:24:49'),(10,124,'2013-08-01 00:29:14'),(10,125,'2013-05-14 13:26:41'),(10,126,'2013-05-14 13:27:15'),(10,194,'2013-07-24 19:15:55'),(10,195,'2013-07-24 19:15:21'),(10,196,'2013-07-24 19:14:52'),(10,197,'2013-07-24 19:14:12'),(10,203,'2013-07-24 19:12:42'),(10,218,'2013-05-17 03:07:19'),(10,219,'2013-05-08 21:59:33'),(10,220,'2013-05-08 21:58:39'),(10,221,'2013-07-31 23:50:19'),(10,222,'2013-07-24 19:25:39'),(10,223,'2013-07-28 22:14:21'),(10,224,'2013-07-31 22:39:05'),(10,225,'2013-07-28 23:20:21'),(10,226,'2013-05-13 22:38:23'),(10,296,'2013-05-13 23:17:22'),(10,297,'2013-08-13 19:32:04'),(10,298,'2013-07-24 19:27:24'),(10,299,'2013-07-24 19:28:13'),(10,300,'2013-08-30 20:02:41'),(10,301,'2013-07-28 23:18:25'),(10,304,'2013-05-08 22:35:41'),(10,307,'2013-03-06 14:29:06'),(10,308,'2013-05-02 23:54:53'),(10,310,'2013-07-31 22:38:00'),(10,311,'2013-07-31 22:38:34'),(10,312,'2013-07-31 22:37:14'),(10,313,'2013-07-31 22:36:12'),(10,314,'2013-07-31 22:39:52'),(10,315,'2013-08-26 19:54:12'),(10,316,'2013-08-26 19:54:59'),(10,317,'2013-07-24 19:30:52'),(10,318,'2013-08-13 19:33:39'),(10,319,'2013-03-06 14:29:06'),(10,320,'2013-07-24 19:31:22'),(10,321,'2013-08-30 20:06:47'),(10,322,'2013-05-17 03:09:40'),(10,323,'2013-07-24 19:30:32'),(10,326,'2013-07-28 22:18:53'),(10,327,'2013-07-28 22:25:38'),(10,328,'2013-08-21 19:46:52'),(10,329,'2013-04-18 20:14:24'),(10,330,'2013-07-28 22:16:10'),(10,338,'2013-07-18 22:10:11'),(10,339,'2013-09-26 19:19:52'),(10,340,'2013-09-26 19:20:24'),(10,341,'2013-09-26 19:20:49'),(10,342,'2013-09-26 19:19:27'),(10,343,'2013-08-01 00:10:50'),(10,344,'2013-08-01 00:10:17'),(10,345,'2013-07-31 23:50:44'),(10,351,'2013-07-31 22:41:45'),(10,352,'2013-07-28 23:23:27'),(10,353,'2013-05-13 23:02:07'),(10,354,'2013-05-13 23:02:39'),(10,355,'2013-07-28 23:21:45'),(10,356,'2013-07-28 23:22:08'),(10,357,'2013-07-28 23:22:35'),(10,358,'2013-07-28 23:23:02'),(10,359,'2013-05-03 00:00:46'),(10,360,'2013-08-01 00:09:46'),(10,361,'2013-04-14 23:52:22'),(10,362,'2013-04-14 23:54:47'),(10,363,'2013-07-24 19:32:06'),(10,364,'2013-04-14 23:59:40'),(10,365,'2013-08-30 19:58:57'),(10,366,'2013-08-30 19:59:42'),(10,367,'2013-08-12 19:53:43'),(10,368,'2013-08-12 19:54:33'),(10,369,'2013-08-12 19:55:24'),(10,370,'2013-08-12 19:55:56'),(10,371,'2013-08-12 19:56:50'),(10,372,'2013-08-12 19:57:29'),(10,373,'2013-08-12 19:58:05'),(10,374,'2013-07-31 22:33:23'),(10,375,'2013-08-30 20:00:28'),(10,376,'2013-08-30 20:00:54'),(10,377,'2013-08-30 20:01:25'),(10,378,'2013-04-15 00:41:39'),(10,379,'2013-07-24 19:21:37'),(10,380,'2013-04-15 00:46:27'),(10,381,'2013-07-28 23:11:53'),(10,382,'2013-04-15 00:51:27'),(10,383,'2013-07-28 23:08:27'),(10,384,'2013-07-28 23:11:20'),(10,385,'2013-04-15 00:57:01'),(10,386,'2013-04-15 00:59:34'),(10,387,'2013-04-15 01:01:45'),(10,388,'2013-07-24 19:37:16'),(10,389,'2013-04-15 01:06:14'),(10,390,'2013-04-15 01:08:24'),(10,391,'2013-06-29 17:46:37'),(10,393,'2013-08-05 19:44:49'),(10,394,'2013-07-31 23:16:17'),(10,395,'2013-06-29 19:36:31'),(10,396,'2013-08-01 00:07:09'),(10,397,'2013-08-01 00:07:50'),(10,398,'2013-08-01 00:08:17'),(10,399,'2013-08-01 00:08:53'),(10,402,'2013-04-15 01:37:55'),(10,403,'2013-04-15 01:42:30'),(10,404,'2013-04-15 01:42:50'),(10,405,'2013-07-24 23:03:02'),(10,406,'2013-04-15 01:45:50'),(10,407,'2013-07-31 23:20:47'),(10,408,'2013-04-15 01:50:51'),(10,409,'2013-07-24 19:22:29'),(10,410,'2013-08-01 00:43:22'),(10,411,'2013-08-01 00:43:48'),(10,412,'2013-08-01 00:44:11'),(10,413,'2013-08-01 00:42:16'),(10,414,'2013-08-01 00:42:42'),(10,415,'2013-04-15 02:09:56'),(10,416,'2013-07-28 18:01:52'),(10,419,'2013-04-15 02:17:48'),(10,420,'2013-07-28 23:06:26'),(10,421,'2013-07-31 22:35:26'),(10,422,'2013-07-31 22:41:22'),(10,423,'2013-07-31 22:42:07'),(10,424,'2013-07-31 22:42:30'),(10,425,'2013-07-31 22:42:56'),(10,426,'2013-07-31 22:40:23'),(10,427,'2013-07-31 22:40:50'),(10,434,'2013-08-01 00:55:32'),(10,435,'2013-08-01 00:56:54'),(10,436,'2013-08-01 00:56:07'),(10,437,'2013-08-01 00:57:39'),(10,449,'2013-04-16 17:19:19'),(10,450,'2013-04-16 18:48:02'),(10,451,'2013-08-08 01:12:29'),(10,452,'2013-08-08 01:13:24'),(10,453,'2013-04-18 19:44:58'),(10,454,'2013-04-18 19:49:22'),(10,455,'2013-04-18 19:51:36'),(10,456,'2013-04-18 19:55:20'),(10,457,'2013-04-18 19:57:14'),(10,458,'2013-04-18 19:59:17'),(10,459,'2013-04-18 20:01:01'),(10,460,'2013-04-18 20:04:12'),(10,461,'2013-04-18 20:05:32'),(10,462,'2013-08-08 01:14:55'),(10,463,'2013-07-31 23:18:43'),(10,464,'2013-07-31 23:19:10'),(10,465,'2013-04-18 20:15:48'),(10,466,'2013-06-30 17:33:58'),(10,467,'2013-07-24 17:21:31'),(10,468,'2013-06-30 17:33:07'),(10,469,'2013-04-29 21:37:15'),(10,470,'2013-04-29 21:38:39'),(10,471,'2013-04-29 21:40:23'),(10,472,'2013-04-29 21:41:47'),(10,473,'2013-04-29 21:43:39'),(10,474,'2013-08-01 00:58:49'),(10,475,'2013-04-29 21:48:32'),(10,476,'2013-08-01 00:58:26'),(10,477,'2013-04-29 21:52:17'),(10,478,'2013-08-08 00:06:19'),(10,479,'2013-09-25 19:17:02'),(10,488,'2013-07-24 19:23:58'),(10,489,'2013-04-29 22:32:24'),(10,490,'2013-07-24 19:24:20'),(10,491,'2013-04-29 22:34:51'),(10,496,'2013-07-24 18:48:08'),(10,497,'2013-07-24 18:48:33'),(10,498,'2013-04-29 22:52:25'),(10,499,'2013-04-29 22:54:31'),(10,500,'2013-04-29 22:57:44'),(10,516,'2013-04-30 13:18:14'),(10,539,'2013-04-30 19:09:56'),(10,540,'2013-07-28 22:13:51'),(10,545,'2013-07-24 18:17:14'),(10,546,'2013-07-24 18:17:44'),(10,547,'2013-07-24 18:18:15'),(10,548,'2013-07-24 18:18:38'),(10,549,'2013-04-30 19:36:56'),(10,550,'2013-07-28 23:16:53'),(10,551,'2013-07-28 23:17:22'),(10,552,'2013-04-30 19:41:15'),(10,553,'2013-07-24 18:16:21'),(10,554,'2013-04-30 19:48:05'),(10,555,'2013-04-30 19:49:59'),(10,556,'2013-04-30 19:51:22'),(10,557,'2013-04-30 19:53:14'),(10,558,'2013-04-30 19:54:08'),(10,559,'2013-04-30 20:10:27'),(10,560,'2013-04-30 20:11:42'),(10,561,'2013-07-24 19:32:35'),(10,562,'2013-07-24 18:07:56'),(10,569,'2013-07-24 19:27:47'),(10,579,'2013-05-02 23:20:53'),(10,580,'2013-05-02 23:22:16'),(10,581,'2013-05-02 23:23:24'),(10,582,'2013-05-02 23:24:44'),(10,583,'2013-08-08 00:33:27'),(10,584,'2013-05-02 23:41:39'),(10,585,'2013-05-02 23:42:36'),(10,586,'2013-05-02 23:43:31'),(10,591,'2013-05-02 23:51:48'),(10,592,'2013-05-02 23:53:46'),(10,593,'2013-05-02 23:56:22'),(10,594,'2013-05-02 23:57:26'),(10,595,'2013-07-24 19:26:16'),(10,596,'2013-05-03 00:03:47'),(10,597,'2013-07-24 19:13:37'),(10,598,'2013-05-08 21:54:19'),(10,599,'2013-05-08 21:55:37'),(10,600,'2013-05-08 21:57:06'),(10,608,'2013-05-08 22:31:15'),(10,609,'2013-05-08 22:32:45'),(10,610,'2013-05-08 22:33:54'),(10,611,'2013-05-08 22:34:46'),(10,612,'2013-07-28 22:30:25'),(10,613,'2013-07-28 22:29:55'),(10,614,'2013-07-28 22:31:05'),(10,615,'2013-07-28 22:31:40'),(10,616,'2013-05-08 23:32:15'),(10,617,'2013-08-07 23:25:45'),(10,618,'2013-08-13 19:33:07'),(10,619,'2013-05-08 23:44:15'),(10,620,'2013-05-09 00:18:30'),(10,623,'2013-09-03 17:24:02'),(10,624,'2013-05-09 00:37:25'),(10,625,'2013-05-09 00:38:50'),(10,626,'2013-08-26 19:57:31'),(10,627,'2013-07-24 17:58:06'),(10,637,'2013-05-09 01:03:29'),(10,638,'2013-05-09 01:05:46'),(10,639,'2013-08-12 21:01:32'),(10,640,'2013-08-12 20:01:01'),(10,674,'2013-08-05 19:45:51'),(10,675,'2013-05-13 22:32:43'),(10,676,'2013-07-28 18:46:09'),(10,677,'2013-05-13 22:37:02'),(10,680,'2013-05-13 22:41:52'),(10,681,'2013-07-28 23:19:49'),(10,682,'2013-07-28 23:18:48'),(10,683,'2013-07-28 23:19:12'),(10,684,'2013-05-13 22:48:20'),(10,685,'2013-08-30 20:04:47'),(10,686,'2013-07-24 17:56:17'),(10,687,'2013-08-30 20:04:28'),(10,688,'2013-07-15 14:39:22'),(10,689,'2013-08-30 20:05:36'),(10,690,'2013-08-30 20:05:14'),(10,691,'2013-05-13 23:04:14'),(10,692,'2013-05-13 23:06:32'),(10,695,'2013-08-08 01:17:08'),(10,696,'2013-08-08 01:17:36'),(10,697,'2013-08-08 01:18:17'),(10,698,'2013-08-12 20:02:31'),(10,699,'2013-05-13 23:19:18'),(10,703,'2013-07-28 19:56:48'),(10,720,'2013-05-13 23:44:09'),(10,721,'2013-05-13 23:44:59'),(10,722,'2013-08-13 19:32:30'),(10,723,'2013-07-24 23:29:47'),(10,724,'2013-05-13 23:50:30'),(10,725,'2013-07-31 23:43:17'),(10,726,'2013-08-26 20:02:20'),(10,727,'2013-08-01 00:11:54'),(10,728,'2013-07-31 23:40:59'),(10,741,'2013-07-24 19:17:38'),(10,742,'2013-07-24 19:17:11'),(10,743,'2013-05-14 00:35:00'),(10,748,'2013-05-14 00:52:30'),(10,753,'2013-05-14 01:00:34'),(10,763,'2013-08-01 19:51:05'),(10,793,'2013-08-01 00:46:42'),(10,794,'2013-07-28 19:55:45'),(10,803,'2013-05-14 01:53:43'),(10,804,'2013-07-28 19:55:04'),(10,805,'2013-07-24 17:40:40'),(10,811,'2013-05-14 02:09:24'),(10,812,'2013-08-23 22:28:39'),(10,813,'2013-07-28 23:04:33'),(10,814,'2013-07-28 23:04:03'),(10,815,'2013-05-14 02:14:15'),(10,817,'2013-05-14 02:21:00'),(10,821,'2013-07-31 23:49:49'),(10,822,'2013-07-31 23:51:21'),(10,823,'2013-05-14 02:28:22'),(10,824,'2013-07-28 23:05:38'),(10,828,'2013-08-01 00:38:55'),(10,829,'2013-05-14 13:21:00'),(10,830,'2013-08-01 00:39:42'),(10,831,'2013-05-14 13:22:34'),(10,832,'2013-05-14 13:23:34'),(10,833,'2013-08-01 00:40:17'),(10,834,'2013-05-14 13:34:51'),(10,835,'2013-08-01 00:33:46'),(10,836,'2013-05-14 13:50:28'),(10,837,'2013-08-01 19:36:02'),(10,838,'2013-08-01 00:35:56'),(10,839,'2013-08-01 00:36:49'),(10,840,'2013-08-01 00:37:34'),(10,841,'2013-07-31 22:44:43'),(10,842,'2013-07-31 22:45:16'),(10,843,'2013-07-31 22:45:44'),(10,844,'2013-07-31 22:46:13'),(10,852,'2013-05-16 21:07:57'),(10,871,'2013-05-16 23:43:18'),(10,872,'2013-05-16 23:44:20'),(10,873,'2013-05-16 23:45:11'),(10,874,'2013-05-16 23:46:31'),(10,875,'2013-05-16 23:49:15'),(10,890,'2013-05-17 01:00:48'),(10,892,'2013-08-07 23:19:46'),(10,893,'2013-05-17 01:06:54'),(10,894,'2013-05-17 01:08:22'),(10,895,'2013-07-28 18:02:48'),(10,896,'2013-05-17 01:10:31'),(10,897,'2013-05-17 01:12:00'),(10,918,'2013-07-24 18:10:28'),(10,934,'2013-07-31 23:53:50'),(10,941,'2013-05-17 02:58:12'),(10,942,'2013-05-17 02:59:10'),(10,943,'2013-05-17 03:00:12'),(10,944,'2013-05-17 03:01:00'),(10,945,'2013-05-17 03:02:19'),(10,946,'2013-05-17 03:03:09'),(10,947,'2013-07-24 19:32:54'),(10,948,'2013-06-26 00:26:11'),(10,949,'2013-06-26 00:38:21'),(10,958,'2013-06-26 19:50:45'),(10,982,'2013-08-30 20:00:05'),(10,1005,'2013-06-29 19:03:15'),(10,1006,'2013-07-19 18:26:10'),(10,1007,'2013-08-16 15:08:19'),(10,1024,'2013-07-24 17:22:59'),(10,1025,'2013-06-30 18:00:00'),(10,1028,'2013-06-30 18:21:55'),(10,1029,'2013-07-24 18:44:18'),(10,1033,'2013-08-16 15:07:56'),(10,1034,'2013-07-15 14:49:08'),(10,1035,'2013-07-15 14:51:34'),(10,1059,'2013-07-15 17:52:01'),(10,1060,'2013-07-24 19:25:16'),(10,1070,'2013-07-18 18:53:35'),(10,1071,'2013-07-24 18:05:53'),(10,1072,'2013-07-24 18:04:45'),(10,1078,'2013-07-28 23:09:22'),(10,1085,'2013-08-01 19:36:23'),(10,1090,'2013-07-24 14:34:23'),(10,1091,'2013-07-24 14:35:51'),(10,1092,'2013-07-24 14:36:47'),(10,1093,'2013-07-24 14:38:16'),(10,1094,'2013-07-24 19:42:15'),(10,1096,'2013-07-24 19:42:39'),(10,1106,'2013-07-24 18:47:40'),(10,1107,'2013-07-24 19:36:49'),(10,1109,'2013-07-24 19:41:36'),(10,1110,'2013-07-24 23:02:24'),(10,1114,'2013-07-28 22:28:52'),(10,1121,'2013-08-01 00:03:21'),(10,1130,'2013-08-07 23:22:45'),(10,1131,'2013-08-07 23:24:54'),(10,1134,'2013-08-08 01:16:20'),(10,1149,'2013-08-23 22:39:32'),(10,1157,'2013-09-03 17:23:30'),(10,1158,'2013-09-03 17:25:02'),(11,1,'2013-05-14 00:27:47'),(11,73,'2013-07-28 18:30:40'),(11,74,'2013-07-28 18:29:51'),(11,75,'2013-07-28 18:31:12'),(11,76,'2013-07-28 18:34:26'),(11,77,'2013-05-09 20:43:44'),(11,83,'2013-05-14 00:24:29'),(11,84,'2013-05-14 00:23:36'),(11,85,'2013-05-14 00:22:09'),(11,86,'2013-05-14 00:22:48'),(11,87,'2013-05-16 22:25:08'),(11,88,'2013-05-16 23:55:27'),(11,89,'2013-05-16 21:18:52'),(11,90,'2013-05-16 21:19:38'),(11,91,'2013-05-16 22:24:01'),(11,92,'2013-08-12 21:03:06'),(11,93,'2013-05-16 22:19:10'),(11,94,'2013-05-14 02:18:00'),(11,95,'2013-05-14 02:17:12'),(11,96,'2013-05-14 02:16:33'),(11,97,'2013-05-14 02:18:46'),(11,98,'2013-05-14 02:20:03'),(11,99,'2013-07-28 18:10:34'),(11,109,'2013-07-24 23:16:17'),(11,110,'2013-07-28 18:09:41'),(11,111,'2013-05-09 01:43:27'),(11,112,'2013-07-24 23:19:50'),(11,127,'2013-05-16 23:56:16'),(11,128,'2013-05-16 21:52:44'),(11,129,'2013-05-16 23:19:03'),(11,130,'2013-08-12 21:10:50'),(11,131,'2013-08-12 20:10:06'),(11,132,'2013-08-12 21:14:04'),(11,134,'2013-08-12 21:00:01'),(11,135,'2013-08-12 21:11:52'),(11,136,'2013-05-16 23:23:54'),(11,137,'2013-09-03 19:32:41'),(11,138,'2013-08-12 21:06:48'),(11,139,'2013-05-16 23:20:05'),(11,140,'2013-09-03 19:32:10'),(11,141,'2013-08-12 21:14:48'),(11,142,'2013-05-16 22:20:22'),(11,143,'2013-06-29 20:15:43'),(11,144,'2013-05-16 23:21:15'),(11,145,'2013-05-16 21:55:51'),(11,146,'2013-05-16 23:59:58'),(11,147,'2013-07-15 14:55:49'),(11,148,'2013-05-16 23:26:13'),(11,149,'2013-05-16 23:27:25'),(11,150,'2013-05-16 23:32:50'),(11,151,'2013-05-16 23:30:44'),(11,152,'2013-05-16 23:28:25'),(11,153,'2013-08-12 21:29:20'),(11,154,'2013-08-12 21:28:24'),(11,155,'2013-08-12 21:28:53'),(11,156,'2013-05-16 21:15:35'),(11,157,'2013-08-12 21:24:27'),(11,158,'2013-08-12 21:23:50'),(11,159,'2013-05-17 00:35:52'),(11,160,'2013-08-12 21:25:08'),(11,161,'2013-05-17 00:31:42'),(11,162,'2013-05-17 00:29:19'),(11,163,'2013-05-17 00:17:49'),(11,164,'2013-05-17 00:08:23'),(11,165,'2013-08-12 21:20:38'),(11,166,'2013-05-17 00:20:26'),(11,167,'2013-05-17 00:04:37'),(11,168,'2013-05-17 00:05:48'),(11,169,'2013-05-17 00:07:14'),(11,170,'2013-05-09 01:12:52'),(11,171,'2013-05-09 01:13:37'),(11,175,'2013-07-26 19:27:29'),(11,176,'2013-07-26 19:27:52'),(11,177,'2013-05-09 01:29:44'),(11,178,'2013-05-09 01:27:42'),(11,179,'2013-05-09 00:23:37'),(11,180,'2013-05-09 00:32:06'),(11,181,'2013-07-28 22:07:19'),(11,182,'2013-05-09 00:31:25'),(11,183,'2013-07-28 22:08:28'),(11,184,'2013-07-28 22:07:52'),(11,185,'2013-05-09 00:28:25'),(11,186,'2013-05-09 00:29:31'),(11,187,'2013-05-09 00:27:46'),(11,188,'2013-07-28 22:09:03'),(11,189,'2013-05-09 00:26:03'),(11,190,'2013-05-09 00:24:33'),(11,191,'2013-05-09 00:25:16'),(11,192,'2013-05-09 00:32:46'),(11,193,'2013-07-28 22:06:48'),(11,204,'2013-05-17 01:36:45'),(11,205,'2013-05-17 01:37:34'),(11,206,'2013-07-24 18:12:42'),(11,207,'2013-05-17 01:40:47'),(11,208,'2013-06-29 16:33:51'),(11,209,'2013-05-17 01:38:36'),(11,210,'2013-05-17 01:34:13'),(11,211,'2013-05-17 01:34:58'),(11,212,'2013-07-28 18:50:50'),(11,213,'2013-05-17 01:42:32'),(11,214,'2013-07-28 18:49:58'),(11,215,'2013-05-17 01:43:57'),(11,216,'2013-05-17 01:44:33'),(11,217,'2013-05-17 01:45:10'),(11,235,'2013-05-09 00:44:51'),(11,236,'2013-05-09 00:45:46'),(11,237,'2013-05-09 00:46:41'),(11,238,'2013-05-09 00:47:33'),(11,239,'2013-05-09 00:48:15'),(11,240,'2013-05-09 00:48:55'),(11,241,'2013-05-09 00:49:36'),(11,242,'2013-05-09 00:50:22'),(11,243,'2013-05-09 00:51:05'),(11,244,'2013-05-09 00:51:46'),(11,245,'2013-05-09 00:52:28'),(11,246,'2013-05-09 00:53:15'),(11,259,'2013-05-09 20:36:50'),(11,260,'2013-05-09 20:37:31'),(11,261,'2013-07-28 17:47:29'),(11,262,'2013-05-09 20:38:55'),(11,289,'2013-04-30 17:44:37'),(11,290,'2013-04-30 17:45:10'),(11,291,'2013-04-30 17:45:52'),(11,292,'2013-04-30 17:46:17'),(11,293,'2013-07-24 17:49:42'),(11,324,'2013-07-24 17:50:13'),(11,325,'2013-05-17 00:03:07'),(11,329,'2013-04-18 20:14:24'),(11,385,'2013-04-15 00:57:01'),(11,387,'2013-04-15 01:01:45'),(11,388,'2013-07-24 19:37:16'),(11,389,'2013-04-15 01:06:14'),(11,390,'2013-04-15 01:08:24'),(11,391,'2013-06-29 17:46:37'),(11,401,'2013-08-13 19:31:02'),(11,405,'2013-07-24 23:03:02'),(11,410,'2013-08-01 00:43:22'),(11,411,'2013-08-01 00:43:48'),(11,412,'2013-08-01 00:44:11'),(11,413,'2013-08-01 00:42:16'),(11,414,'2013-08-01 00:42:42'),(11,415,'2013-04-15 02:09:56'),(11,416,'2013-07-28 18:01:52'),(11,419,'2013-04-15 02:17:48'),(11,451,'2013-08-08 01:12:29'),(11,458,'2013-04-18 19:59:17'),(11,587,'2013-07-24 22:40:19'),(11,601,'2013-05-08 22:01:22'),(11,602,'2013-05-08 22:02:45'),(11,604,'2013-05-08 22:05:32'),(11,605,'2013-05-08 22:06:58'),(11,606,'2013-05-08 22:13:42'),(11,625,'2013-05-09 00:38:50'),(11,630,'2013-05-09 00:55:15'),(11,631,'2013-05-09 00:56:43'),(11,632,'2013-07-28 22:12:09'),(11,633,'2013-07-28 22:10:43'),(11,634,'2013-05-09 01:00:38'),(11,635,'2013-05-09 01:01:46'),(11,642,'2013-05-09 01:11:27'),(11,643,'2013-05-09 01:16:45'),(11,644,'2013-07-31 23:54:45'),(11,645,'2013-05-09 01:19:41'),(11,646,'2013-05-09 01:20:41'),(11,647,'2013-05-09 01:21:49'),(11,648,'2013-05-09 01:22:44'),(11,649,'2013-05-09 01:24:38'),(11,650,'2013-05-09 01:25:50'),(11,651,'2013-05-09 01:26:46'),(11,652,'2013-07-28 18:42:27'),(11,653,'2013-07-28 18:41:34'),(11,654,'2013-07-28 18:11:59'),(11,655,'2013-07-28 18:12:31'),(11,656,'2013-07-28 18:39:37'),(11,657,'2013-07-28 18:36:53'),(11,658,'2013-05-13 22:14:04'),(11,659,'2013-07-28 18:35:53'),(11,660,'2013-05-13 22:17:10'),(11,661,'2013-05-13 22:18:09'),(11,664,'2013-08-26 18:28:18'),(11,665,'2013-08-26 18:27:39'),(11,666,'2013-08-26 18:28:58'),(11,667,'2013-08-26 18:29:50'),(11,668,'2013-05-13 22:25:47'),(11,670,'2013-05-13 22:27:43'),(11,671,'2013-05-13 22:28:43'),(11,700,'2013-05-13 23:20:40'),(11,734,'2013-08-12 21:17:43'),(11,735,'2013-05-14 00:21:10'),(11,736,'2013-05-14 00:26:03'),(11,737,'2013-08-08 00:13:21'),(11,738,'2013-08-08 00:13:41'),(11,740,'2013-08-08 00:12:43'),(11,794,'2013-07-28 19:55:45'),(11,813,'2013-07-28 23:04:33'),(11,814,'2013-07-28 23:04:03'),(11,815,'2013-05-14 02:14:15'),(11,816,'2013-05-14 02:15:37'),(11,845,'2013-07-24 18:35:59'),(11,846,'2013-05-16 21:01:52'),(11,847,'2013-07-24 18:36:32'),(11,848,'2013-05-16 21:03:50'),(11,849,'2013-05-16 21:04:54'),(11,850,'2013-07-24 18:34:51'),(11,851,'2013-05-16 21:07:02'),(11,853,'2013-05-16 21:09:07'),(11,854,'2013-05-16 21:10:07'),(11,855,'2013-05-16 21:13:53'),(11,858,'2013-05-16 22:02:59'),(11,859,'2013-05-16 22:04:12'),(11,860,'2013-05-16 22:05:30'),(11,861,'2013-05-16 22:06:40'),(11,862,'2013-05-16 22:08:23'),(11,863,'2013-05-16 22:10:52'),(11,864,'2013-05-16 22:12:50'),(11,876,'2013-05-17 00:37:44'),(11,877,'2013-05-17 00:38:52'),(11,878,'2013-08-13 18:36:47'),(11,879,'2013-05-17 00:40:50'),(11,880,'2013-05-17 00:41:48'),(11,881,'2013-05-17 00:45:14'),(11,882,'2013-05-17 00:46:24'),(11,883,'2013-05-17 00:47:34'),(11,884,'2013-05-17 00:48:50'),(11,885,'2013-05-17 00:54:16'),(11,886,'2013-09-04 18:09:10'),(11,887,'2013-09-04 18:08:10'),(11,916,'2013-06-29 20:30:02'),(11,917,'2013-05-17 01:50:03'),(11,948,'2013-06-26 00:26:11'),(11,949,'2013-06-26 00:38:21'),(11,950,'2013-06-26 00:31:08'),(11,969,'2013-06-27 23:37:02'),(11,970,'2013-06-27 23:38:25'),(11,1008,'2013-06-29 20:12:20'),(11,1009,'2013-08-12 21:22:27'),(11,1010,'2013-06-29 20:17:24'),(11,1012,'2013-06-29 20:22:00'),(11,1013,'2013-06-29 20:23:24'),(11,1014,'2013-06-29 20:28:32'),(11,1015,'2013-06-29 20:31:58'),(11,1016,'2013-06-29 20:33:11'),(11,1074,'2013-07-28 20:01:38'),(11,1075,'2013-07-22 18:18:02'),(11,1076,'2013-07-22 18:20:01'),(11,1077,'2013-07-22 18:21:42'),(11,1084,'2013-07-23 18:45:28'),(11,1094,'2013-07-24 19:42:15'),(11,1096,'2013-07-24 19:42:39'),(11,1099,'2013-09-04 16:14:03'),(11,1100,'2013-07-28 17:45:34'),(11,1120,'2013-09-03 19:57:21'),(11,1133,'2013-08-08 00:15:16'),(13,362,'2013-04-14 23:54:47'),(13,363,'2013-07-24 19:32:06'),(13,366,'2013-08-30 19:59:42'),(13,369,'2013-08-12 19:55:24'),(13,371,'2013-08-12 19:56:50'),(13,372,'2013-08-12 19:57:29'),(13,373,'2013-08-12 19:58:05'),(13,374,'2013-07-31 22:33:23'),(13,375,'2013-08-30 20:00:28'),(13,406,'2013-04-15 01:45:50'),(13,579,'2013-05-02 23:20:53'),(13,580,'2013-05-02 23:22:16'),(13,581,'2013-05-02 23:23:24'),(13,582,'2013-05-02 23:24:44'),(13,583,'2013-08-08 00:33:27'),(13,619,'2013-05-08 23:44:15'),(13,693,'2013-05-13 23:10:08'),(13,694,'2013-05-13 23:10:45'),(13,754,'2013-05-14 01:02:51'),(13,755,'2013-05-14 01:03:39'),(13,756,'2013-08-01 19:54:05'),(13,757,'2013-08-01 19:53:38'),(13,758,'2013-05-14 01:06:26'),(13,759,'2013-05-14 01:07:14'),(13,760,'2013-05-14 01:08:02'),(13,761,'2013-05-14 01:09:09'),(13,762,'2013-05-14 01:10:02'),(13,763,'2013-08-01 19:51:05'),(13,764,'2013-05-14 01:11:47'),(13,765,'2013-08-01 19:51:38'),(13,766,'2013-05-14 01:13:31'),(13,767,'2013-05-14 01:14:20'),(13,768,'2013-09-25 17:37:24'),(13,769,'2013-09-25 17:36:43'),(13,770,'2013-09-25 17:48:10'),(13,771,'2013-08-07 23:18:20'),(13,772,'2013-05-14 01:18:56'),(13,773,'2013-08-01 19:42:09'),(13,774,'2013-05-14 01:20:29'),(13,775,'2013-08-01 19:42:32'),(13,776,'2013-08-01 19:52:56'),(13,777,'2013-08-01 19:52:03'),(13,778,'2013-05-14 01:24:14'),(13,779,'2013-05-14 01:24:54'),(13,780,'2013-05-14 01:25:50'),(13,781,'2013-05-14 01:26:33'),(13,789,'2013-05-14 01:38:54'),(13,790,'2013-08-01 19:50:37'),(13,791,'2013-09-25 17:54:49'),(13,825,'2013-05-14 02:30:53'),(13,898,'2013-09-25 19:22:48'),(13,899,'2013-08-08 00:04:35'),(13,900,'2013-08-08 00:02:47'),(13,901,'2013-09-25 19:23:26'),(13,902,'2013-08-08 00:03:52'),(13,903,'2013-08-08 00:00:21'),(13,904,'2013-09-25 19:31:01'),(13,905,'2013-08-07 23:54:40'),(13,906,'2013-05-17 01:25:03'),(13,907,'2013-08-08 00:09:41'),(13,908,'2013-05-17 01:27:04'),(13,909,'2013-05-17 01:28:04'),(13,910,'2013-05-17 01:29:23'),(13,911,'2013-05-17 01:30:23'),(13,912,'2013-05-17 01:31:12'),(13,913,'2013-05-17 01:31:55'),(13,914,'2013-05-17 01:32:37'),(13,915,'2013-05-17 01:33:31'),(13,1107,'2013-07-24 19:36:49'),(13,1122,'2013-08-01 19:35:41'),(13,1131,'2013-08-07 23:24:54'),(14,102,'2013-05-02 23:39:21'),(14,103,'2013-07-24 18:09:31'),(14,113,'2013-07-24 18:09:03'),(14,116,'2013-05-02 23:27:06'),(14,308,'2013-05-02 23:54:53'),(14,457,'2013-04-18 19:57:14'),(14,593,'2013-05-02 23:56:22'),(14,811,'2013-05-14 02:09:24'),(14,812,'2013-08-23 22:28:39'),(14,1153,'2013-08-30 19:36:32'),(14,1154,'2013-08-30 19:37:55'),(14,1155,'2013-08-30 19:38:55'),(14,1156,'2013-08-30 19:40:35'),(15,503,'2013-04-30 00:36:13'),(16,1,'2013-05-14 00:27:47'),(16,6,'2013-04-30 17:33:48'),(16,21,'2013-08-23 21:22:59'),(16,22,'2013-08-23 21:23:45'),(16,23,'2013-08-23 21:21:13'),(16,24,'2013-08-23 21:22:18'),(16,29,'2013-07-24 19:09:41'),(16,30,'2013-07-24 19:08:47'),(16,31,'2013-04-30 19:01:39'),(16,32,'2013-04-30 18:59:17'),(16,33,'2013-04-30 19:04:03'),(16,34,'2013-07-24 19:11:13'),(16,35,'2013-04-30 19:05:08'),(16,36,'2013-07-24 19:10:30'),(16,73,'2013-07-28 18:30:40'),(16,74,'2013-07-28 18:29:51'),(16,75,'2013-07-28 18:31:12'),(16,76,'2013-07-28 18:34:26'),(16,77,'2013-05-09 20:43:44'),(16,78,'2013-08-23 22:58:21'),(16,79,'2013-08-23 22:59:14'),(16,80,'2013-08-23 22:59:39'),(16,81,'2013-08-23 22:57:34'),(16,82,'2013-08-23 22:58:00'),(16,83,'2013-05-14 00:24:29'),(16,84,'2013-05-14 00:23:36'),(16,85,'2013-05-14 00:22:09'),(16,86,'2013-05-14 00:22:48'),(16,87,'2013-05-16 22:25:08'),(16,88,'2013-05-16 23:55:27'),(16,89,'2013-05-16 21:18:52'),(16,90,'2013-05-16 21:19:38'),(16,91,'2013-05-16 22:24:01'),(16,92,'2013-08-12 21:03:06'),(16,93,'2013-05-16 22:19:10'),(16,94,'2013-05-14 02:18:00'),(16,95,'2013-05-14 02:17:12'),(16,96,'2013-05-14 02:16:33'),(16,97,'2013-05-14 02:18:46'),(16,98,'2013-05-14 02:20:03'),(16,99,'2013-07-28 18:10:34'),(16,109,'2013-07-24 23:16:17'),(16,110,'2013-07-28 18:09:41'),(16,111,'2013-05-09 01:43:27'),(16,112,'2013-07-24 23:19:50'),(16,115,'2013-07-31 23:58:31'),(16,127,'2013-05-16 23:56:16'),(16,128,'2013-05-16 21:52:44'),(16,129,'2013-05-16 23:19:03'),(16,130,'2013-08-12 21:10:50'),(16,131,'2013-08-12 20:10:06'),(16,132,'2013-08-12 21:14:04'),(16,133,'2013-08-12 21:13:24'),(16,134,'2013-08-12 21:00:01'),(16,135,'2013-08-12 21:11:52'),(16,136,'2013-05-16 23:23:54'),(16,137,'2013-09-03 19:32:41'),(16,138,'2013-08-12 21:06:48'),(16,139,'2013-05-16 23:20:05'),(16,140,'2013-09-03 19:32:10'),(16,141,'2013-08-12 21:14:48'),(16,142,'2013-05-16 22:20:22'),(16,143,'2013-06-29 20:15:43'),(16,144,'2013-05-16 23:21:15'),(16,145,'2013-05-16 21:55:51'),(16,146,'2013-05-16 23:59:58'),(16,147,'2013-07-15 14:55:49'),(16,148,'2013-05-16 23:26:13'),(16,149,'2013-05-16 23:27:25'),(16,150,'2013-05-16 23:32:50'),(16,151,'2013-05-16 23:30:44'),(16,152,'2013-05-16 23:28:25'),(16,153,'2013-08-12 21:29:20'),(16,154,'2013-08-12 21:28:24'),(16,155,'2013-08-12 21:28:53'),(16,156,'2013-05-16 21:15:35'),(16,157,'2013-08-12 21:24:27'),(16,158,'2013-08-12 21:23:50'),(16,159,'2013-05-17 00:35:52'),(16,160,'2013-08-12 21:25:08'),(16,161,'2013-05-17 00:31:42'),(16,162,'2013-05-17 00:29:19'),(16,163,'2013-05-17 00:17:49'),(16,164,'2013-05-17 00:08:23'),(16,165,'2013-08-12 21:20:38'),(16,166,'2013-05-17 00:20:26'),(16,167,'2013-05-17 00:04:37'),(16,168,'2013-05-17 00:05:48'),(16,169,'2013-05-17 00:07:14'),(16,170,'2013-05-09 01:12:52'),(16,171,'2013-05-09 01:13:37'),(16,175,'2013-07-26 19:27:29'),(16,176,'2013-07-26 19:27:52'),(16,177,'2013-05-09 01:29:44'),(16,178,'2013-05-09 01:27:42'),(16,179,'2013-05-09 00:23:37'),(16,180,'2013-05-09 00:32:06'),(16,181,'2013-07-28 22:07:19'),(16,182,'2013-05-09 00:31:25'),(16,183,'2013-07-28 22:08:28'),(16,184,'2013-07-28 22:07:52'),(16,185,'2013-05-09 00:28:25'),(16,186,'2013-05-09 00:29:31'),(16,187,'2013-05-09 00:27:46'),(16,188,'2013-07-28 22:09:03'),(16,189,'2013-05-09 00:26:03'),(16,190,'2013-05-09 00:24:33'),(16,191,'2013-05-09 00:25:16'),(16,192,'2013-05-09 00:32:46'),(16,193,'2013-07-28 22:06:48'),(16,204,'2013-05-17 01:36:45'),(16,205,'2013-05-17 01:37:34'),(16,206,'2013-07-24 18:12:42'),(16,207,'2013-05-17 01:40:47'),(16,208,'2013-06-29 16:33:51'),(16,209,'2013-05-17 01:38:36'),(16,210,'2013-05-17 01:34:13'),(16,211,'2013-05-17 01:34:58'),(16,212,'2013-07-28 18:50:50'),(16,213,'2013-05-17 01:42:32'),(16,214,'2013-07-28 18:49:58'),(16,215,'2013-05-17 01:43:57'),(16,216,'2013-05-17 01:44:33'),(16,217,'2013-05-17 01:45:10'),(16,227,'2013-04-29 23:14:48'),(16,228,'2013-07-28 20:04:37'),(16,229,'2013-04-29 23:20:26'),(16,230,'2013-04-29 23:13:39'),(16,231,'2013-07-28 20:04:06'),(16,232,'2013-04-29 23:10:21'),(16,233,'2013-04-29 23:16:32'),(16,234,'2013-04-29 23:11:15'),(16,235,'2013-05-09 00:44:51'),(16,236,'2013-05-09 00:45:46'),(16,237,'2013-05-09 00:46:41'),(16,238,'2013-05-09 00:47:33'),(16,239,'2013-05-09 00:48:15'),(16,240,'2013-05-09 00:48:55'),(16,241,'2013-05-09 00:49:36'),(16,242,'2013-05-09 00:50:22'),(16,243,'2013-05-09 00:51:05'),(16,244,'2013-05-09 00:51:46'),(16,245,'2013-05-09 00:52:28'),(16,246,'2013-05-09 00:53:15'),(16,247,'2013-04-29 23:21:41'),(16,248,'2013-08-01 00:51:18'),(16,249,'2013-08-01 00:51:47'),(16,250,'2013-08-01 00:52:13'),(16,251,'2013-08-01 00:53:36'),(16,252,'2013-08-01 00:54:03'),(16,253,'2013-08-01 00:53:08'),(16,254,'2013-08-01 00:52:41'),(16,255,'2013-08-01 00:50:51'),(16,256,'2013-08-01 00:49:14'),(16,257,'2013-08-01 00:49:58'),(16,258,'2013-08-01 00:50:25'),(16,259,'2013-05-09 20:36:50'),(16,260,'2013-05-09 20:37:31'),(16,261,'2013-07-28 17:47:29'),(16,262,'2013-05-09 20:38:55'),(16,272,'2013-07-24 23:09:33'),(16,273,'2013-07-26 19:09:11'),(16,274,'2013-05-03 00:07:17'),(16,275,'2013-07-26 19:09:43'),(16,276,'2013-05-03 00:08:59'),(16,277,'2013-05-03 00:09:37'),(16,278,'2013-05-03 00:10:23'),(16,279,'2013-05-03 00:11:28'),(16,280,'2013-05-03 00:12:41'),(16,281,'2013-05-03 00:13:40'),(16,282,'2013-05-03 00:14:34'),(16,283,'2013-05-03 00:15:20'),(16,284,'2013-07-26 19:11:18'),(16,285,'2013-07-26 19:11:48'),(16,286,'2013-07-26 19:12:16'),(16,287,'2013-07-26 19:12:50'),(16,288,'2013-07-26 19:13:21'),(16,325,'2013-05-17 00:03:07'),(16,391,'2013-06-29 17:46:37'),(16,400,'2013-08-13 19:31:22'),(16,401,'2013-08-13 19:31:02'),(16,410,'2013-08-01 00:43:22'),(16,411,'2013-08-01 00:43:48'),(16,412,'2013-08-01 00:44:11'),(16,413,'2013-08-01 00:42:16'),(16,414,'2013-08-01 00:42:42'),(16,415,'2013-04-15 02:09:56'),(16,416,'2013-07-28 18:01:52'),(16,451,'2013-08-08 01:12:29'),(16,452,'2013-08-08 01:13:24'),(16,453,'2013-04-18 19:44:58'),(16,454,'2013-04-18 19:49:22'),(16,455,'2013-04-18 19:51:36'),(16,456,'2013-04-18 19:55:20'),(16,458,'2013-04-18 19:59:17'),(16,501,'2013-04-30 00:32:43'),(16,502,'2013-07-24 23:08:00'),(16,503,'2013-04-30 00:36:13'),(16,507,'2013-04-30 00:42:33'),(16,508,'2013-08-01 00:44:41'),(16,509,'2013-08-01 00:45:03'),(16,510,'2013-07-24 23:26:24'),(16,516,'2013-04-30 13:18:14'),(16,517,'2013-08-08 00:29:29'),(16,518,'2013-04-30 13:21:25'),(16,519,'2013-04-30 13:36:18'),(16,520,'2013-08-26 19:56:12'),(16,522,'2013-04-30 13:44:04'),(16,523,'2013-08-08 00:30:41'),(16,524,'2013-08-08 00:31:46'),(16,525,'2013-06-26 00:32:13'),(16,526,'2013-06-26 00:32:46'),(16,527,'2013-06-26 00:33:04'),(16,528,'2013-04-30 13:59:34'),(16,529,'2013-04-30 14:06:11'),(16,530,'2013-04-30 14:09:22'),(16,534,'2013-08-01 18:29:00'),(16,535,'2013-04-30 17:49:09'),(16,536,'2013-07-24 17:48:33'),(16,537,'2013-07-24 17:48:00'),(16,538,'2013-07-24 17:48:56'),(16,541,'2013-04-30 19:13:15'),(16,542,'2013-07-28 18:54:34'),(16,543,'2013-07-28 18:55:10'),(16,544,'2013-07-28 18:57:09'),(16,555,'2013-04-30 19:49:59'),(16,563,'2013-04-30 20:19:25'),(16,564,'2013-07-24 23:00:20'),(16,565,'2013-04-30 20:22:01'),(16,570,'2013-07-24 18:26:07'),(16,571,'2013-05-02 23:08:27'),(16,572,'2013-05-02 23:10:12'),(16,573,'2013-05-02 23:11:20'),(16,574,'2013-05-02 23:12:38'),(16,575,'2013-05-02 23:13:57'),(16,576,'2013-05-02 23:15:06'),(16,577,'2013-07-24 18:22:17'),(16,578,'2013-07-24 18:21:28'),(16,601,'2013-05-08 22:01:22'),(16,602,'2013-05-08 22:02:45'),(16,603,'2013-05-08 22:04:01'),(16,604,'2013-05-08 22:05:32'),(16,605,'2013-05-08 22:06:58'),(16,606,'2013-05-08 22:13:42'),(16,625,'2013-05-09 00:38:50'),(16,630,'2013-05-09 00:55:15'),(16,631,'2013-05-09 00:56:43'),(16,632,'2013-07-28 22:12:09'),(16,633,'2013-07-28 22:10:43'),(16,634,'2013-05-09 01:00:38'),(16,635,'2013-05-09 01:01:46'),(16,642,'2013-05-09 01:11:27'),(16,643,'2013-05-09 01:16:45'),(16,644,'2013-07-31 23:54:45'),(16,645,'2013-05-09 01:19:41'),(16,646,'2013-05-09 01:20:41'),(16,647,'2013-05-09 01:21:49'),(16,648,'2013-05-09 01:22:44'),(16,649,'2013-05-09 01:24:38'),(16,650,'2013-05-09 01:25:50'),(16,651,'2013-05-09 01:26:46'),(16,652,'2013-07-28 18:42:27'),(16,653,'2013-07-28 18:41:34'),(16,654,'2013-07-28 18:11:59'),(16,655,'2013-07-28 18:12:31'),(16,656,'2013-07-28 18:39:37'),(16,657,'2013-07-28 18:36:53'),(16,658,'2013-05-13 22:14:04'),(16,659,'2013-07-28 18:35:53'),(16,660,'2013-05-13 22:17:10'),(16,661,'2013-05-13 22:18:09'),(16,662,'2013-05-13 22:19:09'),(16,663,'2013-05-13 22:20:02'),(16,664,'2013-08-26 18:28:18'),(16,665,'2013-08-26 18:27:39'),(16,666,'2013-08-26 18:28:58'),(16,667,'2013-08-26 18:29:50'),(16,668,'2013-05-13 22:25:47'),(16,669,'2013-05-13 22:26:40'),(16,670,'2013-05-13 22:27:43'),(16,671,'2013-05-13 22:28:43'),(16,734,'2013-08-12 21:17:43'),(16,735,'2013-05-14 00:21:10'),(16,736,'2013-05-14 00:26:03'),(16,737,'2013-08-08 00:13:21'),(16,738,'2013-08-08 00:13:41'),(16,740,'2013-08-08 00:12:43'),(16,815,'2013-05-14 02:14:15'),(16,816,'2013-05-14 02:15:37'),(16,845,'2013-07-24 18:35:59'),(16,846,'2013-05-16 21:01:52'),(16,847,'2013-07-24 18:36:32'),(16,848,'2013-05-16 21:03:50'),(16,849,'2013-05-16 21:04:54'),(16,850,'2013-07-24 18:34:51'),(16,851,'2013-05-16 21:07:02'),(16,853,'2013-05-16 21:09:07'),(16,854,'2013-05-16 21:10:07'),(16,855,'2013-05-16 21:13:53'),(16,856,'2013-05-16 22:00:12'),(16,857,'2013-05-16 22:01:41'),(16,858,'2013-05-16 22:02:59'),(16,859,'2013-05-16 22:04:12'),(16,860,'2013-05-16 22:05:30'),(16,861,'2013-05-16 22:06:40'),(16,862,'2013-05-16 22:08:23'),(16,863,'2013-05-16 22:10:52'),(16,864,'2013-05-16 22:12:50'),(16,876,'2013-05-17 00:37:44'),(16,877,'2013-05-17 00:38:52'),(16,878,'2013-08-13 18:36:47'),(16,879,'2013-05-17 00:40:50'),(16,880,'2013-05-17 00:41:48'),(16,881,'2013-05-17 00:45:14'),(16,882,'2013-05-17 00:46:24'),(16,883,'2013-05-17 00:47:34'),(16,884,'2013-05-17 00:48:50'),(16,885,'2013-05-17 00:54:16'),(16,886,'2013-09-04 18:09:10'),(16,887,'2013-09-04 18:08:10'),(16,888,'2013-05-17 00:58:03'),(16,889,'2013-09-04 18:10:12'),(16,916,'2013-06-29 20:30:02'),(16,917,'2013-05-17 01:50:03'),(16,922,'2013-05-17 01:55:00'),(16,923,'2013-07-24 23:23:28'),(16,924,'2013-05-17 01:57:27'),(16,925,'2013-05-17 01:58:21'),(16,926,'2013-07-24 23:22:33'),(16,927,'2013-05-17 02:00:04'),(16,928,'2013-07-24 23:27:01'),(16,929,'2013-07-24 23:27:25'),(16,930,'2013-07-24 23:25:24'),(16,931,'2013-08-27 17:17:41'),(16,932,'2013-05-17 02:48:47'),(16,933,'2013-07-24 23:24:25'),(16,948,'2013-06-26 00:26:11'),(16,949,'2013-06-26 00:38:21'),(16,950,'2013-06-26 00:31:08'),(16,979,'2013-06-29 16:36:06'),(16,980,'2013-06-29 16:37:13'),(16,981,'2013-06-29 16:38:35'),(16,1008,'2013-06-29 20:12:20'),(16,1009,'2013-08-12 21:22:27'),(16,1010,'2013-06-29 20:17:24'),(16,1012,'2013-06-29 20:22:00'),(16,1013,'2013-06-29 20:23:24'),(16,1014,'2013-06-29 20:28:32'),(16,1015,'2013-06-29 20:31:58'),(16,1016,'2013-06-29 20:33:11'),(16,1074,'2013-07-28 20:01:38'),(16,1075,'2013-07-22 18:18:02'),(16,1076,'2013-07-22 18:20:01'),(16,1077,'2013-07-22 18:21:42'),(16,1084,'2013-07-23 18:45:28'),(16,1099,'2013-09-04 16:14:03'),(16,1100,'2013-07-28 17:45:34'),(16,1120,'2013-09-03 19:57:21'),(16,1133,'2013-08-08 00:15:16'),(16,1152,'2013-08-27 16:31:28'),(17,1,'2013-05-14 00:27:47'),(17,6,'2013-04-30 17:33:48'),(17,21,'2013-08-23 21:22:59'),(17,22,'2013-08-23 21:23:45'),(17,23,'2013-08-23 21:21:13'),(17,24,'2013-08-23 21:22:18'),(17,29,'2013-07-24 19:09:41'),(17,30,'2013-07-24 19:08:47'),(17,31,'2013-04-30 19:01:39'),(17,32,'2013-04-30 18:59:17'),(17,33,'2013-04-30 19:04:03'),(17,34,'2013-07-24 19:11:13'),(17,35,'2013-04-30 19:05:08'),(17,36,'2013-07-24 19:10:30'),(17,73,'2013-07-28 18:30:40'),(17,74,'2013-07-28 18:29:51'),(17,75,'2013-07-28 18:31:12'),(17,76,'2013-07-28 18:34:26'),(17,77,'2013-05-09 20:43:44'),(17,78,'2013-08-23 22:58:21'),(17,79,'2013-08-23 22:59:14'),(17,80,'2013-08-23 22:59:39'),(17,81,'2013-08-23 22:57:34'),(17,82,'2013-08-23 22:58:00'),(17,83,'2013-05-14 00:24:29'),(17,84,'2013-05-14 00:23:36'),(17,85,'2013-05-14 00:22:09'),(17,86,'2013-05-14 00:22:48'),(17,87,'2013-05-16 22:25:08'),(17,88,'2013-05-16 23:55:27'),(17,89,'2013-05-16 21:18:52'),(17,90,'2013-05-16 21:19:38'),(17,91,'2013-05-16 22:24:01'),(17,92,'2013-08-12 21:03:06'),(17,93,'2013-05-16 22:19:10'),(17,94,'2013-05-14 02:18:00'),(17,95,'2013-05-14 02:17:12'),(17,96,'2013-05-14 02:16:33'),(17,97,'2013-05-14 02:18:46'),(17,98,'2013-05-14 02:20:03'),(17,99,'2013-07-28 18:10:34'),(17,109,'2013-07-24 23:16:17'),(17,110,'2013-07-28 18:09:41'),(17,111,'2013-05-09 01:43:27'),(17,112,'2013-07-24 23:19:50'),(17,115,'2013-07-31 23:58:31'),(17,127,'2013-05-16 23:56:16'),(17,128,'2013-05-16 21:52:44'),(17,129,'2013-05-16 23:19:03'),(17,130,'2013-08-12 21:10:50'),(17,131,'2013-08-12 20:10:06'),(17,132,'2013-08-12 21:14:04'),(17,133,'2013-08-12 21:13:24'),(17,134,'2013-08-12 21:00:01'),(17,135,'2013-08-12 21:11:52'),(17,136,'2013-05-16 23:23:54'),(17,137,'2013-09-03 19:32:41'),(17,138,'2013-08-12 21:06:48'),(17,139,'2013-05-16 23:20:05'),(17,140,'2013-09-03 19:32:10'),(17,141,'2013-08-12 21:14:48'),(17,142,'2013-05-16 22:20:22'),(17,143,'2013-06-29 20:15:43'),(17,144,'2013-05-16 23:21:15'),(17,145,'2013-05-16 21:55:51'),(17,146,'2013-05-16 23:59:58'),(17,147,'2013-07-15 14:55:49'),(17,148,'2013-05-16 23:26:13'),(17,149,'2013-05-16 23:27:25'),(17,150,'2013-05-16 23:32:50'),(17,151,'2013-05-16 23:30:44'),(17,152,'2013-05-16 23:28:25'),(17,153,'2013-08-12 21:29:20'),(17,154,'2013-08-12 21:28:24'),(17,155,'2013-08-12 21:28:53'),(17,156,'2013-05-16 21:15:35'),(17,157,'2013-08-12 21:24:27'),(17,158,'2013-08-12 21:23:50'),(17,159,'2013-05-17 00:35:52'),(17,160,'2013-08-12 21:25:08'),(17,161,'2013-05-17 00:31:42'),(17,162,'2013-05-17 00:29:19'),(17,163,'2013-05-17 00:17:49'),(17,164,'2013-05-17 00:08:23'),(17,165,'2013-08-12 21:20:38'),(17,166,'2013-05-17 00:20:26'),(17,167,'2013-05-17 00:04:37'),(17,168,'2013-05-17 00:05:48'),(17,169,'2013-05-17 00:07:14'),(17,170,'2013-05-09 01:12:52'),(17,171,'2013-05-09 01:13:37'),(17,175,'2013-07-26 19:27:29'),(17,176,'2013-07-26 19:27:52'),(17,177,'2013-05-09 01:29:44'),(17,178,'2013-05-09 01:27:42'),(17,179,'2013-05-09 00:23:37'),(17,180,'2013-05-09 00:32:06'),(17,181,'2013-07-28 22:07:19'),(17,182,'2013-05-09 00:31:25'),(17,183,'2013-07-28 22:08:28'),(17,184,'2013-07-28 22:07:52'),(17,185,'2013-05-09 00:28:25'),(17,186,'2013-05-09 00:29:31'),(17,187,'2013-05-09 00:27:46'),(17,188,'2013-07-28 22:09:03'),(17,189,'2013-05-09 00:26:03'),(17,190,'2013-05-09 00:24:33'),(17,191,'2013-05-09 00:25:16'),(17,192,'2013-05-09 00:32:46'),(17,193,'2013-07-28 22:06:48'),(17,204,'2013-05-17 01:36:45'),(17,205,'2013-05-17 01:37:34'),(17,206,'2013-07-24 18:12:42'),(17,207,'2013-05-17 01:40:47'),(17,208,'2013-06-29 16:33:51'),(17,209,'2013-05-17 01:38:36'),(17,210,'2013-05-17 01:34:13'),(17,211,'2013-05-17 01:34:58'),(17,212,'2013-07-28 18:50:50'),(17,213,'2013-05-17 01:42:32'),(17,214,'2013-07-28 18:49:58'),(17,215,'2013-05-17 01:43:57'),(17,216,'2013-05-17 01:44:33'),(17,217,'2013-05-17 01:45:10'),(17,227,'2013-04-29 23:14:48'),(17,228,'2013-07-28 20:04:37'),(17,229,'2013-04-29 23:20:26'),(17,230,'2013-04-29 23:13:39'),(17,231,'2013-07-28 20:04:06'),(17,232,'2013-04-29 23:10:21'),(17,233,'2013-04-29 23:16:32'),(17,234,'2013-04-29 23:11:15'),(17,235,'2013-05-09 00:44:51'),(17,236,'2013-05-09 00:45:46'),(17,237,'2013-05-09 00:46:41'),(17,238,'2013-05-09 00:47:33'),(17,239,'2013-05-09 00:48:15'),(17,240,'2013-05-09 00:48:55'),(17,241,'2013-05-09 00:49:36'),(17,242,'2013-05-09 00:50:22'),(17,243,'2013-05-09 00:51:05'),(17,244,'2013-05-09 00:51:46'),(17,245,'2013-05-09 00:52:28'),(17,246,'2013-05-09 00:53:15'),(17,247,'2013-04-29 23:21:41'),(17,248,'2013-08-01 00:51:18'),(17,249,'2013-08-01 00:51:47'),(17,250,'2013-08-01 00:52:13'),(17,251,'2013-08-01 00:53:36'),(17,252,'2013-08-01 00:54:03'),(17,253,'2013-08-01 00:53:08'),(17,254,'2013-08-01 00:52:41'),(17,255,'2013-08-01 00:50:51'),(17,256,'2013-08-01 00:49:14'),(17,257,'2013-08-01 00:49:58'),(17,258,'2013-08-01 00:50:25'),(17,259,'2013-05-09 20:36:50'),(17,260,'2013-05-09 20:37:31'),(17,261,'2013-07-28 17:47:29'),(17,262,'2013-05-09 20:38:55'),(17,272,'2013-07-24 23:09:33'),(17,273,'2013-07-26 19:09:11'),(17,274,'2013-05-03 00:07:17'),(17,275,'2013-07-26 19:09:43'),(17,276,'2013-05-03 00:08:59'),(17,277,'2013-05-03 00:09:37'),(17,278,'2013-05-03 00:10:23'),(17,279,'2013-05-03 00:11:28'),(17,280,'2013-05-03 00:12:41'),(17,281,'2013-05-03 00:13:40'),(17,282,'2013-05-03 00:14:34'),(17,283,'2013-05-03 00:15:20'),(17,284,'2013-07-26 19:11:18'),(17,285,'2013-07-26 19:11:48'),(17,286,'2013-07-26 19:12:16'),(17,287,'2013-07-26 19:12:50'),(17,288,'2013-07-26 19:13:21'),(17,325,'2013-05-17 00:03:07'),(17,391,'2013-06-29 17:46:37'),(17,400,'2013-08-13 19:31:22'),(17,401,'2013-08-13 19:31:02'),(17,410,'2013-08-01 00:43:22'),(17,411,'2013-08-01 00:43:48'),(17,412,'2013-08-01 00:44:11'),(17,413,'2013-08-01 00:42:16'),(17,414,'2013-08-01 00:42:42'),(17,415,'2013-04-15 02:09:56'),(17,416,'2013-07-28 18:01:52'),(17,451,'2013-08-08 01:12:29'),(17,452,'2013-08-08 01:13:24'),(17,453,'2013-04-18 19:44:58'),(17,454,'2013-04-18 19:49:22'),(17,455,'2013-04-18 19:51:36'),(17,456,'2013-04-18 19:55:20'),(17,458,'2013-04-18 19:59:17'),(17,501,'2013-04-30 00:32:43'),(17,502,'2013-07-24 23:08:00'),(17,503,'2013-04-30 00:36:13'),(17,507,'2013-04-30 00:42:33'),(17,508,'2013-08-01 00:44:41'),(17,509,'2013-08-01 00:45:03'),(17,510,'2013-07-24 23:26:24'),(17,516,'2013-04-30 13:18:14'),(17,517,'2013-08-08 00:29:29'),(17,518,'2013-04-30 13:21:25'),(17,519,'2013-04-30 13:36:18'),(17,520,'2013-08-26 19:56:12'),(17,522,'2013-04-30 13:44:04'),(17,523,'2013-08-08 00:30:41'),(17,524,'2013-08-08 00:31:46'),(17,525,'2013-06-26 00:32:13'),(17,526,'2013-06-26 00:32:46'),(17,527,'2013-06-26 00:33:04'),(17,528,'2013-04-30 13:59:34'),(17,529,'2013-04-30 14:06:11'),(17,530,'2013-04-30 14:09:22'),(17,534,'2013-08-01 18:29:00'),(17,535,'2013-04-30 17:49:09'),(17,536,'2013-07-24 17:48:33'),(17,537,'2013-07-24 17:48:00'),(17,538,'2013-07-24 17:48:56'),(17,541,'2013-04-30 19:13:15'),(17,542,'2013-07-28 18:54:34'),(17,543,'2013-07-28 18:55:10'),(17,544,'2013-07-28 18:57:09'),(17,555,'2013-04-30 19:49:59'),(17,563,'2013-04-30 20:19:25'),(17,564,'2013-07-24 23:00:20'),(17,565,'2013-04-30 20:22:01'),(17,570,'2013-07-24 18:26:07'),(17,571,'2013-05-02 23:08:27'),(17,572,'2013-05-02 23:10:12'),(17,573,'2013-05-02 23:11:20'),(17,574,'2013-05-02 23:12:38'),(17,575,'2013-05-02 23:13:57'),(17,576,'2013-05-02 23:15:06'),(17,577,'2013-07-24 18:22:17'),(17,578,'2013-07-24 18:21:28'),(17,590,'2013-09-03 17:39:39'),(17,601,'2013-05-08 22:01:22'),(17,602,'2013-05-08 22:02:45'),(17,603,'2013-05-08 22:04:01'),(17,604,'2013-05-08 22:05:32'),(17,605,'2013-05-08 22:06:58'),(17,606,'2013-05-08 22:13:42'),(17,625,'2013-05-09 00:38:50'),(17,630,'2013-05-09 00:55:15'),(17,631,'2013-05-09 00:56:43'),(17,632,'2013-07-28 22:12:09'),(17,633,'2013-07-28 22:10:43'),(17,634,'2013-05-09 01:00:38'),(17,635,'2013-05-09 01:01:46'),(17,642,'2013-05-09 01:11:27'),(17,643,'2013-05-09 01:16:45'),(17,644,'2013-07-31 23:54:45'),(17,645,'2013-05-09 01:19:41'),(17,646,'2013-05-09 01:20:41'),(17,647,'2013-05-09 01:21:49'),(17,648,'2013-05-09 01:22:44'),(17,649,'2013-05-09 01:24:38'),(17,650,'2013-05-09 01:25:50'),(17,651,'2013-05-09 01:26:46'),(17,652,'2013-07-28 18:42:27'),(17,653,'2013-07-28 18:41:34'),(17,654,'2013-07-28 18:11:59'),(17,655,'2013-07-28 18:12:31'),(17,656,'2013-07-28 18:39:37'),(17,657,'2013-07-28 18:36:53'),(17,658,'2013-05-13 22:14:04'),(17,659,'2013-07-28 18:35:53'),(17,660,'2013-05-13 22:17:10'),(17,661,'2013-05-13 22:18:09'),(17,662,'2013-05-13 22:19:09'),(17,663,'2013-05-13 22:20:02'),(17,664,'2013-08-26 18:28:18'),(17,665,'2013-08-26 18:27:39'),(17,666,'2013-08-26 18:28:58'),(17,667,'2013-08-26 18:29:50'),(17,668,'2013-05-13 22:25:47'),(17,669,'2013-05-13 22:26:40'),(17,670,'2013-05-13 22:27:43'),(17,671,'2013-05-13 22:28:43'),(17,734,'2013-08-12 21:17:43'),(17,735,'2013-05-14 00:21:10'),(17,736,'2013-05-14 00:26:03'),(17,737,'2013-08-08 00:13:21'),(17,738,'2013-08-08 00:13:41'),(17,740,'2013-08-08 00:12:43'),(17,815,'2013-05-14 02:14:15'),(17,816,'2013-05-14 02:15:37'),(17,845,'2013-07-24 18:35:59'),(17,846,'2013-05-16 21:01:52'),(17,847,'2013-07-24 18:36:32'),(17,848,'2013-05-16 21:03:50'),(17,849,'2013-05-16 21:04:54'),(17,850,'2013-07-24 18:34:51'),(17,851,'2013-05-16 21:07:02'),(17,853,'2013-05-16 21:09:07'),(17,854,'2013-05-16 21:10:07'),(17,855,'2013-05-16 21:13:53'),(17,856,'2013-05-16 22:00:12'),(17,857,'2013-05-16 22:01:41'),(17,858,'2013-05-16 22:02:59'),(17,859,'2013-05-16 22:04:12'),(17,860,'2013-05-16 22:05:30'),(17,861,'2013-05-16 22:06:40'),(17,862,'2013-05-16 22:08:23'),(17,863,'2013-05-16 22:10:52'),(17,864,'2013-05-16 22:12:50'),(17,876,'2013-05-17 00:37:44'),(17,877,'2013-05-17 00:38:52'),(17,878,'2013-08-13 18:36:47'),(17,879,'2013-05-17 00:40:50'),(17,880,'2013-05-17 00:41:48'),(17,881,'2013-05-17 00:45:14'),(17,882,'2013-05-17 00:46:24'),(17,883,'2013-05-17 00:47:34'),(17,884,'2013-05-17 00:48:50'),(17,885,'2013-05-17 00:54:16'),(17,886,'2013-09-04 18:09:10'),(17,887,'2013-09-04 18:08:10'),(17,888,'2013-05-17 00:58:03'),(17,889,'2013-09-04 18:10:12'),(17,916,'2013-06-29 20:30:02'),(17,917,'2013-05-17 01:50:03'),(17,922,'2013-05-17 01:55:00'),(17,923,'2013-07-24 23:23:28'),(17,924,'2013-05-17 01:57:27'),(17,925,'2013-05-17 01:58:21'),(17,926,'2013-07-24 23:22:33'),(17,927,'2013-05-17 02:00:04'),(17,928,'2013-07-24 23:27:01'),(17,929,'2013-07-24 23:27:25'),(17,930,'2013-07-24 23:25:24'),(17,931,'2013-08-27 17:17:41'),(17,932,'2013-05-17 02:48:47'),(17,933,'2013-07-24 23:24:25'),(17,948,'2013-06-26 00:26:11'),(17,949,'2013-06-26 00:38:21'),(17,950,'2013-06-26 00:31:08'),(17,951,'2013-06-26 19:31:19'),(17,979,'2013-06-29 16:36:06'),(17,980,'2013-06-29 16:37:13'),(17,981,'2013-06-29 16:38:35'),(17,989,'2013-06-29 17:55:56'),(17,1008,'2013-06-29 20:12:20'),(17,1009,'2013-08-12 21:22:27'),(17,1010,'2013-06-29 20:17:24'),(17,1011,'2013-06-29 20:19:18'),(17,1012,'2013-06-29 20:22:00'),(17,1013,'2013-06-29 20:23:24'),(17,1014,'2013-06-29 20:28:32'),(17,1015,'2013-06-29 20:31:58'),(17,1016,'2013-06-29 20:33:11'),(17,1017,'2013-06-29 20:35:37'),(17,1018,'2013-06-29 20:36:26'),(17,1019,'2013-06-29 20:37:14'),(17,1020,'2013-06-29 20:38:00'),(17,1074,'2013-07-28 20:01:38'),(17,1075,'2013-07-22 18:18:02'),(17,1076,'2013-07-22 18:20:01'),(17,1077,'2013-07-22 18:21:42'),(17,1084,'2013-07-23 18:45:28'),(17,1099,'2013-09-04 16:14:03'),(17,1100,'2013-07-28 17:45:34'),(17,1120,'2013-09-03 19:57:21'),(17,1133,'2013-08-08 00:15:16'),(17,1146,'2013-08-23 21:26:15'),(17,1147,'2013-08-23 21:27:38'),(17,1148,'2013-08-23 21:28:58'),(17,1152,'2013-08-27 16:31:28'),(17,1164,'2013-09-11 17:16:10'),(18,1,'2013-05-14 00:27:47'),(18,6,'2013-04-30 17:33:48'),(18,22,'2013-08-23 21:23:45'),(18,29,'2013-07-24 19:09:41'),(18,30,'2013-07-24 19:08:47'),(18,31,'2013-04-30 19:01:39'),(18,32,'2013-04-30 18:59:17'),(18,33,'2013-04-30 19:04:03'),(18,34,'2013-07-24 19:11:13'),(18,35,'2013-04-30 19:05:08'),(18,36,'2013-07-24 19:10:30'),(18,73,'2013-07-28 18:30:40'),(18,75,'2013-07-28 18:31:12'),(18,76,'2013-07-28 18:34:26'),(18,77,'2013-05-09 20:43:44'),(18,78,'2013-08-23 22:58:21'),(18,79,'2013-08-23 22:59:14'),(18,80,'2013-08-23 22:59:39'),(18,81,'2013-08-23 22:57:34'),(18,82,'2013-08-23 22:58:00'),(18,83,'2013-05-14 00:24:29'),(18,84,'2013-05-14 00:23:36'),(18,85,'2013-05-14 00:22:09'),(18,86,'2013-05-14 00:22:48'),(18,87,'2013-05-16 22:25:08'),(18,88,'2013-05-16 23:55:27'),(18,89,'2013-05-16 21:18:52'),(18,90,'2013-05-16 21:19:38'),(18,91,'2013-05-16 22:24:01'),(18,92,'2013-08-12 21:03:06'),(18,93,'2013-05-16 22:19:10'),(18,99,'2013-07-28 18:10:34'),(18,115,'2013-07-31 23:58:31'),(18,127,'2013-05-16 23:56:16'),(18,128,'2013-05-16 21:52:44'),(18,129,'2013-05-16 23:19:03'),(18,130,'2013-08-12 21:10:50'),(18,131,'2013-08-12 20:10:06'),(18,132,'2013-08-12 21:14:04'),(18,133,'2013-08-12 21:13:24'),(18,134,'2013-08-12 21:00:01'),(18,135,'2013-08-12 21:11:52'),(18,136,'2013-05-16 23:23:54'),(18,137,'2013-09-03 19:32:41'),(18,138,'2013-08-12 21:06:48'),(18,139,'2013-05-16 23:20:05'),(18,140,'2013-09-03 19:32:10'),(18,141,'2013-08-12 21:14:48'),(18,142,'2013-05-16 22:20:22'),(18,143,'2013-06-29 20:15:43'),(18,144,'2013-05-16 23:21:15'),(18,145,'2013-05-16 21:55:51'),(18,146,'2013-05-16 23:59:58'),(18,147,'2013-07-15 14:55:49'),(18,148,'2013-05-16 23:26:13'),(18,149,'2013-05-16 23:27:25'),(18,150,'2013-05-16 23:32:50'),(18,151,'2013-05-16 23:30:44'),(18,152,'2013-05-16 23:28:25'),(18,153,'2013-08-12 21:29:20'),(18,154,'2013-08-12 21:28:24'),(18,155,'2013-08-12 21:28:53'),(18,156,'2013-05-16 21:15:35'),(18,157,'2013-08-12 21:24:27'),(18,158,'2013-08-12 21:23:50'),(18,159,'2013-05-17 00:35:52'),(18,160,'2013-08-12 21:25:08'),(18,161,'2013-05-17 00:31:42'),(18,162,'2013-05-17 00:29:19'),(18,163,'2013-05-17 00:17:49'),(18,164,'2013-05-17 00:08:23'),(18,165,'2013-08-12 21:20:38'),(18,166,'2013-05-17 00:20:26'),(18,167,'2013-05-17 00:04:37'),(18,168,'2013-05-17 00:05:48'),(18,169,'2013-05-17 00:07:14'),(18,179,'2013-05-09 00:23:37'),(18,180,'2013-05-09 00:32:06'),(18,181,'2013-07-28 22:07:19'),(18,182,'2013-05-09 00:31:25'),(18,183,'2013-07-28 22:08:28'),(18,184,'2013-07-28 22:07:52'),(18,185,'2013-05-09 00:28:25'),(18,186,'2013-05-09 00:29:31'),(18,187,'2013-05-09 00:27:46'),(18,188,'2013-07-28 22:09:03'),(18,189,'2013-05-09 00:26:03'),(18,190,'2013-05-09 00:24:33'),(18,191,'2013-05-09 00:25:16'),(18,192,'2013-05-09 00:32:46'),(18,193,'2013-07-28 22:06:48'),(18,199,'2013-07-24 17:28:42'),(18,200,'2013-07-24 17:28:03'),(18,201,'2013-07-24 17:29:06'),(18,202,'2013-07-24 17:27:32'),(18,210,'2013-05-17 01:34:13'),(18,211,'2013-05-17 01:34:58'),(18,212,'2013-07-28 18:50:50'),(18,215,'2013-05-17 01:43:57'),(18,217,'2013-05-17 01:45:10'),(18,235,'2013-05-09 00:44:51'),(18,236,'2013-05-09 00:45:46'),(18,237,'2013-05-09 00:46:41'),(18,238,'2013-05-09 00:47:33'),(18,239,'2013-05-09 00:48:15'),(18,240,'2013-05-09 00:48:55'),(18,241,'2013-05-09 00:49:36'),(18,242,'2013-05-09 00:50:22'),(18,243,'2013-05-09 00:51:05'),(18,244,'2013-05-09 00:51:46'),(18,245,'2013-05-09 00:52:28'),(18,246,'2013-05-09 00:53:15'),(18,252,'2013-08-01 00:54:03'),(18,253,'2013-08-01 00:53:08'),(18,254,'2013-08-01 00:52:41'),(18,255,'2013-08-01 00:50:51'),(18,256,'2013-08-01 00:49:14'),(18,257,'2013-08-01 00:49:58'),(18,258,'2013-08-01 00:50:25'),(18,259,'2013-05-09 20:36:50'),(18,260,'2013-05-09 20:37:31'),(18,261,'2013-07-28 17:47:29'),(18,262,'2013-05-09 20:38:55'),(18,272,'2013-07-24 23:09:33'),(18,273,'2013-07-26 19:09:11'),(18,274,'2013-05-03 00:07:17'),(18,275,'2013-07-26 19:09:43'),(18,276,'2013-05-03 00:08:59'),(18,277,'2013-05-03 00:09:38'),(18,278,'2013-05-03 00:10:23'),(18,279,'2013-05-03 00:11:28'),(18,280,'2013-05-03 00:12:41'),(18,281,'2013-05-03 00:13:40'),(18,282,'2013-05-03 00:14:34'),(18,283,'2013-05-03 00:15:20'),(18,284,'2013-07-26 19:11:18'),(18,285,'2013-07-26 19:11:48'),(18,286,'2013-07-26 19:12:16'),(18,287,'2013-07-26 19:12:50'),(18,288,'2013-07-26 19:13:21'),(18,325,'2013-05-17 00:03:07'),(18,326,'2013-07-28 22:18:53'),(18,327,'2013-07-28 22:25:38'),(18,328,'2013-08-21 19:46:52'),(18,329,'2013-04-18 20:14:24'),(18,330,'2013-07-28 22:16:10'),(18,385,'2013-04-15 00:57:01'),(18,386,'2013-04-15 00:59:34'),(18,387,'2013-04-15 01:01:45'),(18,388,'2013-07-24 19:37:16'),(18,389,'2013-04-15 01:06:14'),(18,390,'2013-04-15 01:08:24'),(18,391,'2013-06-29 17:46:37'),(18,392,'2013-04-15 01:11:46'),(18,400,'2013-08-13 19:31:22'),(18,410,'2013-08-01 00:43:22'),(18,411,'2013-08-01 00:43:48'),(18,412,'2013-08-01 00:44:11'),(18,413,'2013-08-01 00:42:16'),(18,414,'2013-08-01 00:42:42'),(18,415,'2013-04-15 02:09:56'),(18,416,'2013-07-28 18:01:52'),(18,450,'2013-04-16 18:48:02'),(18,451,'2013-08-08 01:12:29'),(18,452,'2013-08-08 01:13:24'),(18,453,'2013-04-18 19:44:58'),(18,454,'2013-04-18 19:49:22'),(18,455,'2013-04-18 19:51:36'),(18,456,'2013-04-18 19:55:20'),(18,458,'2013-04-18 19:59:17'),(18,460,'2013-04-18 20:04:12'),(18,461,'2013-04-18 20:05:32'),(18,465,'2013-04-18 20:15:48'),(18,492,'2013-04-29 22:37:11'),(18,493,'2013-04-29 22:38:34'),(18,494,'2013-04-29 22:41:47'),(18,501,'2013-04-30 00:32:43'),(18,502,'2013-07-24 23:08:00'),(18,503,'2013-04-30 00:36:13'),(18,507,'2013-04-30 00:42:33'),(18,508,'2013-08-01 00:44:41'),(18,509,'2013-08-01 00:45:03'),(18,510,'2013-07-24 23:26:24'),(18,516,'2013-04-30 13:18:14'),(18,517,'2013-08-08 00:29:29'),(18,518,'2013-04-30 13:21:25'),(18,519,'2013-04-30 13:36:18'),(18,520,'2013-08-26 19:56:12'),(18,522,'2013-04-30 13:44:04'),(18,523,'2013-08-08 00:30:41'),(18,524,'2013-08-08 00:31:46'),(18,525,'2013-06-26 00:32:13'),(18,526,'2013-06-26 00:32:46'),(18,527,'2013-06-26 00:33:04'),(18,528,'2013-04-30 13:59:34'),(18,529,'2013-04-30 14:06:11'),(18,530,'2013-04-30 14:09:22'),(18,534,'2013-08-01 18:29:00'),(18,535,'2013-04-30 17:49:09'),(18,536,'2013-07-24 17:48:33'),(18,537,'2013-07-24 17:48:00'),(18,538,'2013-07-24 17:48:56'),(18,541,'2013-04-30 19:13:15'),(18,542,'2013-07-28 18:54:34'),(18,543,'2013-07-28 18:55:10'),(18,544,'2013-07-28 18:57:09'),(18,555,'2013-04-30 19:49:59'),(18,563,'2013-04-30 20:19:25'),(18,565,'2013-04-30 20:22:01'),(18,570,'2013-07-24 18:26:07'),(18,571,'2013-05-02 23:08:27'),(18,572,'2013-05-02 23:10:12'),(18,573,'2013-05-02 23:11:20'),(18,574,'2013-05-02 23:12:38'),(18,575,'2013-05-02 23:13:57'),(18,576,'2013-05-02 23:15:06'),(18,577,'2013-07-24 18:22:17'),(18,578,'2013-07-24 18:21:28'),(18,590,'2013-09-03 17:39:39'),(18,601,'2013-05-08 22:01:22'),(18,602,'2013-05-08 22:02:45'),(18,603,'2013-05-08 22:04:01'),(18,604,'2013-05-08 22:05:32'),(18,605,'2013-05-08 22:06:58'),(18,606,'2013-05-08 22:13:42'),(18,625,'2013-05-09 00:38:50'),(18,652,'2013-07-28 18:42:27'),(18,653,'2013-07-28 18:41:34'),(18,656,'2013-07-28 18:39:37'),(18,657,'2013-07-28 18:36:53'),(18,658,'2013-05-13 22:14:04'),(18,659,'2013-07-28 18:35:53'),(18,660,'2013-05-13 22:17:10'),(18,661,'2013-05-13 22:18:09'),(18,662,'2013-05-13 22:19:09'),(18,663,'2013-05-13 22:20:02'),(18,664,'2013-08-26 18:28:18'),(18,665,'2013-08-26 18:27:39'),(18,666,'2013-08-26 18:28:58'),(18,667,'2013-08-26 18:29:50'),(18,668,'2013-05-13 22:25:47'),(18,669,'2013-05-13 22:26:40'),(18,670,'2013-05-13 22:27:43'),(18,671,'2013-05-13 22:28:43'),(18,672,'2013-05-13 22:30:02'),(18,700,'2013-05-13 23:20:40'),(18,701,'2013-05-13 23:21:41'),(18,702,'2013-05-13 23:22:35'),(18,734,'2013-08-12 21:17:43'),(18,735,'2013-05-14 00:21:10'),(18,736,'2013-05-14 00:26:03'),(18,737,'2013-08-08 00:13:21'),(18,738,'2013-08-08 00:13:41'),(18,740,'2013-08-08 00:12:43'),(18,845,'2013-07-24 18:35:59'),(18,846,'2013-05-16 21:01:52'),(18,847,'2013-07-24 18:36:32'),(18,848,'2013-05-16 21:03:50'),(18,849,'2013-05-16 21:04:54'),(18,850,'2013-07-24 18:34:51'),(18,851,'2013-05-16 21:07:02'),(18,853,'2013-05-16 21:09:07'),(18,854,'2013-05-16 21:10:07'),(18,855,'2013-05-16 21:13:53'),(18,856,'2013-05-16 22:00:12'),(18,857,'2013-05-16 22:01:41'),(18,858,'2013-05-16 22:02:59'),(18,859,'2013-05-16 22:04:12'),(18,860,'2013-05-16 22:05:30'),(18,861,'2013-05-16 22:06:40'),(18,862,'2013-05-16 22:08:23'),(18,863,'2013-05-16 22:10:52'),(18,864,'2013-05-16 22:12:50'),(18,876,'2013-05-17 00:37:44'),(18,877,'2013-05-17 00:38:52'),(18,878,'2013-08-13 18:36:47'),(18,879,'2013-05-17 00:40:50'),(18,880,'2013-05-17 00:41:48'),(18,881,'2013-05-17 00:45:14'),(18,882,'2013-05-17 00:46:24'),(18,883,'2013-05-17 00:47:34'),(18,884,'2013-05-17 00:48:50'),(18,885,'2013-05-17 00:54:16'),(18,886,'2013-09-04 18:09:10'),(18,887,'2013-09-04 18:08:10'),(18,888,'2013-05-17 00:58:03'),(18,889,'2013-09-04 18:10:12'),(18,891,'2013-05-17 01:03:22'),(18,916,'2013-06-29 20:30:02'),(18,917,'2013-05-17 01:50:03'),(18,948,'2013-06-26 00:26:11'),(18,949,'2013-06-26 00:38:21'),(18,950,'2013-06-26 00:31:08'),(18,969,'2013-06-27 23:37:02'),(18,970,'2013-06-27 23:38:25'),(18,979,'2013-06-29 16:36:06'),(18,980,'2013-06-29 16:37:13'),(18,981,'2013-06-29 16:38:35'),(18,983,'2013-06-29 17:48:12'),(18,984,'2013-06-29 17:49:17'),(18,985,'2013-06-29 17:50:27'),(18,986,'2013-08-12 21:09:29'),(18,987,'2013-06-29 17:52:54'),(18,988,'2013-06-29 17:53:45'),(18,989,'2013-06-29 17:55:56'),(18,990,'2013-06-29 18:04:02'),(18,991,'2013-06-29 18:06:11'),(18,992,'2013-06-29 18:07:46'),(18,993,'2013-06-29 18:10:01'),(18,994,'2013-06-29 18:12:20'),(18,995,'2013-06-29 18:15:23'),(18,996,'2013-06-29 18:18:30'),(18,997,'2013-06-29 18:20:19'),(18,1009,'2013-08-12 21:22:27'),(18,1010,'2013-06-29 20:17:24'),(18,1036,'2013-07-15 15:01:18'),(18,1037,'2013-07-15 15:02:25'),(18,1038,'2013-07-15 15:10:57'),(18,1039,'2013-07-15 15:12:04'),(18,1040,'2013-07-15 15:13:02'),(18,1041,'2013-07-15 15:15:17'),(18,1042,'2013-07-15 15:16:06'),(18,1043,'2013-07-15 15:16:59'),(18,1044,'2013-07-15 15:19:11'),(18,1045,'2013-07-15 15:21:22'),(18,1046,'2013-07-31 23:20:07'),(18,1047,'2013-07-15 15:25:26'),(18,1048,'2013-07-15 15:26:56'),(18,1049,'2013-07-15 15:28:09'),(18,1050,'2013-07-15 15:29:16'),(18,1051,'2013-07-15 15:30:50'),(18,1052,'2013-07-15 15:32:22'),(18,1053,'2013-07-15 15:33:36'),(18,1054,'2013-07-15 15:34:49'),(18,1055,'2013-07-15 15:36:45'),(18,1056,'2013-07-15 15:37:55'),(18,1057,'2013-07-15 15:39:02'),(18,1058,'2013-07-15 17:11:26'),(18,1086,'2013-08-26 16:06:14'),(18,1094,'2013-07-24 19:42:15'),(18,1096,'2013-07-24 19:42:39'),(18,1097,'2013-07-24 14:44:21'),(18,1098,'2013-07-24 14:45:01'),(18,1109,'2013-07-24 19:41:36'),(18,1120,'2013-09-03 19:57:21'),(19,62,'2013-04-30 13:13:34'),(19,78,'2013-08-23 22:58:21'),(19,79,'2013-08-23 22:59:14'),(19,80,'2013-08-23 22:59:39'),(19,81,'2013-08-23 22:57:34'),(19,82,'2013-08-23 22:58:00'),(19,115,'2013-07-31 23:58:31'),(19,183,'2013-07-28 22:08:28'),(19,222,'2013-07-24 19:25:39'),(19,326,'2013-07-28 22:18:53'),(19,327,'2013-07-28 22:25:38'),(19,329,'2013-04-18 20:14:24'),(19,330,'2013-07-28 22:16:10'),(19,362,'2013-04-14 23:54:47'),(19,363,'2013-07-24 19:32:06'),(19,364,'2013-04-14 23:59:40'),(19,376,'2013-08-30 20:00:54'),(19,377,'2013-08-30 20:01:25'),(19,378,'2013-04-15 00:41:39'),(19,379,'2013-07-24 19:21:37'),(19,380,'2013-04-15 00:46:27'),(19,381,'2013-07-28 23:11:53'),(19,382,'2013-04-15 00:51:27'),(19,383,'2013-07-28 23:08:27'),(19,384,'2013-07-28 23:11:20'),(19,385,'2013-04-15 00:57:01'),(19,386,'2013-04-15 00:59:34'),(19,387,'2013-04-15 01:01:45'),(19,388,'2013-07-24 19:37:16'),(19,389,'2013-04-15 01:06:14'),(19,390,'2013-04-15 01:08:24'),(19,391,'2013-06-29 17:46:38'),(19,393,'2013-08-05 19:44:49'),(19,395,'2013-06-29 19:36:31'),(19,396,'2013-08-01 00:07:09'),(19,397,'2013-08-01 00:07:50'),(19,398,'2013-08-01 00:08:17'),(19,399,'2013-08-01 00:08:53'),(19,402,'2013-04-15 01:37:55'),(19,403,'2013-04-15 01:42:30'),(19,404,'2013-04-15 01:42:50'),(19,405,'2013-07-24 23:03:02'),(19,406,'2013-04-15 01:45:50'),(19,408,'2013-04-15 01:50:51'),(19,409,'2013-07-24 19:22:29'),(19,410,'2013-08-01 00:43:22'),(19,412,'2013-08-01 00:44:11'),(19,413,'2013-08-01 00:42:16'),(19,414,'2013-08-01 00:42:42'),(19,415,'2013-04-15 02:09:56'),(19,416,'2013-07-28 18:01:52'),(19,419,'2013-04-15 02:17:48'),(19,420,'2013-07-28 23:06:26'),(19,434,'2013-08-01 00:55:32'),(19,435,'2013-08-01 00:56:54'),(19,436,'2013-08-01 00:56:07'),(19,437,'2013-08-01 00:57:39'),(19,449,'2013-04-16 17:19:19'),(19,450,'2013-04-16 18:48:02'),(19,451,'2013-08-08 01:12:29'),(19,453,'2013-04-18 19:44:58'),(19,454,'2013-04-18 19:49:22'),(19,455,'2013-04-18 19:51:36'),(19,456,'2013-04-18 19:55:20'),(19,457,'2013-04-18 19:57:14'),(19,458,'2013-04-18 19:59:17'),(19,459,'2013-04-18 20:01:01'),(19,460,'2013-04-18 20:04:12'),(19,461,'2013-04-18 20:05:32'),(19,465,'2013-04-18 20:15:48'),(19,511,'2013-04-30 13:09:00'),(19,512,'2013-04-30 13:10:51'),(19,514,'2013-07-24 18:06:42'),(19,515,'2013-04-30 13:16:22'),(19,628,'2013-07-24 17:59:00'),(19,638,'2013-05-09 01:05:46'),(19,800,'2013-07-24 18:07:28'),(19,801,'2013-07-24 18:07:04'),(19,802,'2013-05-14 01:52:39'),(19,806,'2013-05-14 01:55:55'),(19,841,'2013-07-31 22:44:43'),(19,842,'2013-07-31 22:45:16'),(19,843,'2013-07-31 22:45:44'),(19,844,'2013-07-31 22:46:13'),(19,1071,'2013-07-24 18:05:53'),(19,1072,'2013-07-24 18:04:45'),(19,1115,'2013-07-31 22:48:26'),(19,1116,'2013-07-31 22:49:46'),(19,1117,'2013-07-31 22:54:06'),(20,816,'2013-05-14 02:15:37'),(21,1,'2013-05-14 00:27:47'),(21,21,'2013-08-23 21:22:59'),(21,22,'2013-08-23 21:23:45'),(21,23,'2013-08-23 21:21:13'),(21,24,'2013-08-23 21:22:18'),(21,29,'2013-07-24 19:09:41'),(21,30,'2013-07-24 19:08:47'),(21,31,'2013-04-30 19:01:39'),(21,32,'2013-04-30 18:59:17'),(21,33,'2013-04-30 19:04:03'),(21,34,'2013-07-24 19:11:13'),(21,35,'2013-04-30 19:05:08'),(21,36,'2013-07-24 19:10:30'),(21,73,'2013-07-28 18:30:40'),(21,74,'2013-07-28 18:29:51'),(21,75,'2013-07-28 18:31:12'),(21,76,'2013-07-28 18:34:26'),(21,77,'2013-05-09 20:43:44'),(21,78,'2013-08-23 22:58:21'),(21,79,'2013-08-23 22:59:14'),(21,80,'2013-08-23 22:59:39'),(21,81,'2013-08-23 22:57:34'),(21,82,'2013-08-23 22:58:00'),(21,83,'2013-05-14 00:24:29'),(21,84,'2013-05-14 00:23:36'),(21,85,'2013-05-14 00:22:09'),(21,86,'2013-05-14 00:22:48'),(21,87,'2013-05-16 22:25:08'),(21,88,'2013-05-16 23:55:27'),(21,89,'2013-05-16 21:18:52'),(21,90,'2013-05-16 21:19:38'),(21,91,'2013-05-16 22:24:01'),(21,92,'2013-08-12 21:03:06'),(21,93,'2013-05-16 22:19:10'),(21,94,'2013-05-14 02:18:00'),(21,95,'2013-05-14 02:17:12'),(21,96,'2013-05-14 02:16:33'),(21,97,'2013-05-14 02:18:46'),(21,98,'2013-05-14 02:20:03'),(21,99,'2013-07-28 18:10:34'),(21,109,'2013-07-24 23:16:17'),(21,110,'2013-07-28 18:09:41'),(21,111,'2013-05-09 01:43:27'),(21,112,'2013-07-24 23:19:50'),(21,115,'2013-07-31 23:58:31'),(21,127,'2013-05-16 23:56:16'),(21,128,'2013-05-16 21:52:44'),(21,129,'2013-05-16 23:19:03'),(21,130,'2013-08-12 21:10:50'),(21,131,'2013-08-12 20:10:06'),(21,132,'2013-08-12 21:14:04'),(21,133,'2013-08-12 21:13:24'),(21,134,'2013-08-12 21:00:01'),(21,135,'2013-08-12 21:11:52'),(21,136,'2013-05-16 23:23:54'),(21,137,'2013-09-03 19:32:41'),(21,138,'2013-08-12 21:06:48'),(21,139,'2013-05-16 23:20:05'),(21,140,'2013-09-03 19:32:10'),(21,141,'2013-08-12 21:14:48'),(21,142,'2013-05-16 22:20:22'),(21,143,'2013-06-29 20:15:43'),(21,144,'2013-05-16 23:21:15'),(21,145,'2013-05-16 21:55:51'),(21,146,'2013-05-16 23:59:58'),(21,147,'2013-07-15 14:55:49'),(21,148,'2013-05-16 23:26:13'),(21,149,'2013-05-16 23:27:25'),(21,150,'2013-05-16 23:32:50'),(21,151,'2013-05-16 23:30:44'),(21,152,'2013-05-16 23:28:25'),(21,153,'2013-08-12 21:29:20'),(21,154,'2013-08-12 21:28:24'),(21,155,'2013-08-12 21:28:53'),(21,156,'2013-05-16 21:15:35'),(21,157,'2013-08-12 21:24:27'),(21,158,'2013-08-12 21:23:50'),(21,159,'2013-05-17 00:35:52'),(21,160,'2013-08-12 21:25:08'),(21,161,'2013-05-17 00:31:42'),(21,162,'2013-05-17 00:29:19'),(21,163,'2013-05-17 00:17:49'),(21,164,'2013-05-17 00:08:23'),(21,165,'2013-08-12 21:20:38'),(21,166,'2013-05-17 00:20:26'),(21,167,'2013-05-17 00:04:37'),(21,168,'2013-05-17 00:05:48'),(21,169,'2013-05-17 00:07:14'),(21,170,'2013-05-09 01:12:52'),(21,171,'2013-05-09 01:13:37'),(21,175,'2013-07-26 19:27:29'),(21,176,'2013-07-26 19:27:52'),(21,177,'2013-05-09 01:29:44'),(21,178,'2013-05-09 01:27:42'),(21,179,'2013-05-09 00:23:37'),(21,180,'2013-05-09 00:32:06'),(21,181,'2013-07-28 22:07:19'),(21,182,'2013-05-09 00:31:25'),(21,183,'2013-07-28 22:08:28'),(21,184,'2013-07-28 22:07:52'),(21,185,'2013-05-09 00:28:25'),(21,186,'2013-05-09 00:29:31'),(21,187,'2013-05-09 00:27:46'),(21,188,'2013-07-28 22:09:03'),(21,189,'2013-05-09 00:26:03'),(21,190,'2013-05-09 00:24:33'),(21,191,'2013-05-09 00:25:16'),(21,192,'2013-05-09 00:32:46'),(21,193,'2013-07-28 22:06:48'),(21,204,'2013-05-17 01:36:45'),(21,205,'2013-05-17 01:37:34'),(21,206,'2013-07-24 18:12:42'),(21,207,'2013-05-17 01:40:47'),(21,208,'2013-06-29 16:33:51'),(21,209,'2013-05-17 01:38:36'),(21,210,'2013-05-17 01:34:13'),(21,211,'2013-05-17 01:34:58'),(21,212,'2013-07-28 18:50:50'),(21,213,'2013-05-17 01:42:32'),(21,214,'2013-07-28 18:49:58'),(21,215,'2013-05-17 01:43:57'),(21,216,'2013-05-17 01:44:33'),(21,217,'2013-05-17 01:45:10'),(21,227,'2013-04-29 23:14:48'),(21,228,'2013-07-28 20:04:37'),(21,229,'2013-04-29 23:20:26'),(21,230,'2013-04-29 23:13:39'),(21,231,'2013-07-28 20:04:06'),(21,232,'2013-04-29 23:10:21'),(21,233,'2013-04-29 23:16:32'),(21,234,'2013-04-29 23:11:15'),(21,235,'2013-05-09 00:44:51'),(21,236,'2013-05-09 00:45:46'),(21,237,'2013-05-09 00:46:41'),(21,238,'2013-05-09 00:47:33'),(21,239,'2013-05-09 00:48:15'),(21,240,'2013-05-09 00:48:55'),(21,241,'2013-05-09 00:49:36'),(21,242,'2013-05-09 00:50:22'),(21,243,'2013-05-09 00:51:05'),(21,244,'2013-05-09 00:51:46'),(21,245,'2013-05-09 00:52:28'),(21,246,'2013-05-09 00:53:15'),(21,247,'2013-04-29 23:21:41'),(21,248,'2013-08-01 00:51:18'),(21,249,'2013-08-01 00:51:47'),(21,250,'2013-08-01 00:52:13'),(21,251,'2013-08-01 00:53:36'),(21,253,'2013-08-01 00:53:08'),(21,254,'2013-08-01 00:52:41'),(21,255,'2013-08-01 00:50:51'),(21,256,'2013-08-01 00:49:14'),(21,257,'2013-08-01 00:49:58'),(21,258,'2013-08-01 00:50:25'),(21,259,'2013-05-09 20:36:50'),(21,260,'2013-05-09 20:37:31'),(21,261,'2013-07-28 17:47:29'),(21,262,'2013-05-09 20:38:55'),(21,272,'2013-07-24 23:09:33'),(21,273,'2013-07-26 19:09:11'),(21,274,'2013-05-03 00:07:17'),(21,275,'2013-07-26 19:09:43'),(21,276,'2013-05-03 00:08:59'),(21,277,'2013-05-03 00:09:38'),(21,278,'2013-05-03 00:10:23'),(21,279,'2013-05-03 00:11:28'),(21,280,'2013-05-03 00:12:41'),(21,281,'2013-05-03 00:13:40'),(21,282,'2013-05-03 00:14:34'),(21,283,'2013-05-03 00:15:20'),(21,284,'2013-07-26 19:11:18'),(21,285,'2013-07-26 19:11:48'),(21,286,'2013-07-26 19:12:16'),(21,287,'2013-07-26 19:12:50'),(21,288,'2013-07-26 19:13:21'),(21,325,'2013-05-17 00:03:07'),(21,391,'2013-06-29 17:46:38'),(21,410,'2013-08-01 00:43:22'),(21,411,'2013-08-01 00:43:48'),(21,412,'2013-08-01 00:44:11'),(21,413,'2013-08-01 00:42:16'),(21,414,'2013-08-01 00:42:42'),(21,415,'2013-04-15 02:09:56'),(21,416,'2013-07-28 18:01:52'),(21,451,'2013-08-08 01:12:29'),(21,452,'2013-08-08 01:13:24'),(21,453,'2013-04-18 19:44:58'),(21,454,'2013-04-18 19:49:22'),(21,455,'2013-04-18 19:51:36'),(21,456,'2013-04-18 19:55:20'),(21,458,'2013-04-18 19:59:17'),(21,501,'2013-04-30 00:32:43'),(21,502,'2013-07-24 23:08:00'),(21,503,'2013-04-30 00:36:13'),(21,507,'2013-04-30 00:42:33'),(21,508,'2013-08-01 00:44:41'),(21,509,'2013-08-01 00:45:03'),(21,510,'2013-07-24 23:26:24'),(21,516,'2013-04-30 13:18:14'),(21,517,'2013-08-08 00:29:29'),(21,518,'2013-04-30 13:21:25'),(21,519,'2013-04-30 13:36:18'),(21,520,'2013-08-26 19:56:12'),(21,522,'2013-04-30 13:44:04'),(21,523,'2013-08-08 00:30:41'),(21,524,'2013-08-08 00:31:46'),(21,525,'2013-06-26 00:32:13'),(21,526,'2013-06-26 00:32:46'),(21,527,'2013-06-26 00:33:04'),(21,528,'2013-04-30 13:59:34'),(21,529,'2013-04-30 14:06:11'),(21,530,'2013-04-30 14:09:22'),(21,535,'2013-04-30 17:49:09'),(21,536,'2013-07-24 17:48:33'),(21,537,'2013-07-24 17:48:00'),(21,538,'2013-07-24 17:48:56'),(21,541,'2013-04-30 19:13:15'),(21,542,'2013-07-28 18:54:35'),(21,543,'2013-07-28 18:55:10'),(21,544,'2013-07-28 18:57:09'),(21,555,'2013-04-30 19:49:59'),(21,570,'2013-07-24 18:26:07'),(21,571,'2013-05-02 23:08:27'),(21,572,'2013-05-02 23:10:12'),(21,573,'2013-05-02 23:11:20'),(21,574,'2013-05-02 23:12:38'),(21,575,'2013-05-02 23:13:57'),(21,576,'2013-05-02 23:15:06'),(21,577,'2013-07-24 18:22:17'),(21,578,'2013-07-24 18:21:28'),(21,601,'2013-05-08 22:01:22'),(21,602,'2013-05-08 22:02:45'),(21,603,'2013-05-08 22:04:01'),(21,604,'2013-05-08 22:05:32'),(21,605,'2013-05-08 22:06:58'),(21,606,'2013-05-08 22:13:42'),(21,630,'2013-05-09 00:55:15'),(21,631,'2013-05-09 00:56:43'),(21,632,'2013-07-28 22:12:09'),(21,633,'2013-07-28 22:10:43'),(21,634,'2013-05-09 01:00:38'),(21,635,'2013-05-09 01:01:46'),(21,642,'2013-05-09 01:11:27'),(21,643,'2013-05-09 01:16:45'),(21,644,'2013-07-31 23:54:45'),(21,645,'2013-05-09 01:19:41'),(21,646,'2013-05-09 01:20:41'),(21,647,'2013-05-09 01:21:49'),(21,648,'2013-05-09 01:22:44'),(21,649,'2013-05-09 01:24:38'),(21,650,'2013-05-09 01:25:50'),(21,651,'2013-05-09 01:26:46'),(21,652,'2013-07-28 18:42:27'),(21,653,'2013-07-28 18:41:34'),(21,654,'2013-07-28 18:11:59'),(21,655,'2013-07-28 18:12:31'),(21,656,'2013-07-28 18:39:37'),(21,657,'2013-07-28 18:36:53'),(21,658,'2013-05-13 22:14:04'),(21,659,'2013-07-28 18:35:53'),(21,660,'2013-05-13 22:17:10'),(21,661,'2013-05-13 22:18:09'),(21,662,'2013-05-13 22:19:09'),(21,663,'2013-05-13 22:20:02'),(21,664,'2013-08-26 18:28:18'),(21,665,'2013-08-26 18:27:39'),(21,666,'2013-08-26 18:28:58'),(21,667,'2013-08-26 18:29:50'),(21,668,'2013-05-13 22:25:47'),(21,669,'2013-05-13 22:26:40'),(21,670,'2013-05-13 22:27:43'),(21,671,'2013-05-13 22:28:43'),(21,734,'2013-08-12 21:17:43'),(21,735,'2013-05-14 00:21:10'),(21,736,'2013-05-14 00:26:03'),(21,737,'2013-08-08 00:13:21'),(21,738,'2013-08-08 00:13:41'),(21,740,'2013-08-08 00:12:43'),(21,845,'2013-07-24 18:35:59'),(21,846,'2013-05-16 21:01:52'),(21,847,'2013-07-24 18:36:32'),(21,848,'2013-05-16 21:03:50'),(21,849,'2013-05-16 21:04:54'),(21,850,'2013-07-24 18:34:51'),(21,851,'2013-05-16 21:07:02'),(21,853,'2013-05-16 21:09:07'),(21,854,'2013-05-16 21:10:07'),(21,855,'2013-05-16 21:13:53'),(21,856,'2013-05-16 22:00:12'),(21,857,'2013-05-16 22:01:41'),(21,858,'2013-05-16 22:02:59'),(21,859,'2013-05-16 22:04:12'),(21,860,'2013-05-16 22:05:30'),(21,861,'2013-05-16 22:06:40'),(21,862,'2013-05-16 22:08:23'),(21,863,'2013-05-16 22:10:52'),(21,864,'2013-05-16 22:12:50'),(21,876,'2013-05-17 00:37:44'),(21,877,'2013-05-17 00:38:52'),(21,878,'2013-08-13 18:36:47'),(21,879,'2013-05-17 00:40:50'),(21,880,'2013-05-17 00:41:48'),(21,881,'2013-05-17 00:45:14'),(21,882,'2013-05-17 00:46:24'),(21,883,'2013-05-17 00:47:34'),(21,884,'2013-05-17 00:48:50'),(21,885,'2013-05-17 00:54:16'),(21,886,'2013-09-04 18:09:10'),(21,887,'2013-09-04 18:08:10'),(21,888,'2013-05-17 00:58:03'),(21,889,'2013-09-04 18:10:12'),(21,916,'2013-06-29 20:30:02'),(21,917,'2013-05-17 01:50:03'),(21,922,'2013-05-17 01:55:00'),(21,923,'2013-07-24 23:23:28'),(21,924,'2013-05-17 01:57:27'),(21,925,'2013-05-17 01:58:21'),(21,926,'2013-07-24 23:22:33'),(21,927,'2013-05-17 02:00:04'),(21,928,'2013-07-24 23:27:01'),(21,929,'2013-07-24 23:27:25'),(21,930,'2013-07-24 23:25:24'),(21,931,'2013-08-27 17:17:41'),(21,932,'2013-05-17 02:48:47'),(21,933,'2013-07-24 23:24:25'),(21,948,'2013-06-26 00:26:11'),(21,949,'2013-06-26 00:38:21'),(21,950,'2013-06-26 00:31:08'),(21,979,'2013-06-29 16:36:06'),(21,980,'2013-06-29 16:37:13'),(21,981,'2013-06-29 16:38:35'),(21,1008,'2013-06-29 20:12:20'),(21,1009,'2013-08-12 21:22:27'),(21,1010,'2013-06-29 20:17:24'),(21,1012,'2013-06-29 20:22:00'),(21,1013,'2013-06-29 20:23:24'),(21,1014,'2013-06-29 20:28:32'),(21,1015,'2013-06-29 20:31:58'),(21,1016,'2013-06-29 20:33:11'),(21,1074,'2013-07-28 20:01:38'),(21,1075,'2013-07-22 18:18:02'),(21,1076,'2013-07-22 18:20:01'),(21,1077,'2013-07-22 18:21:42'),(21,1084,'2013-07-23 18:45:28'),(21,1099,'2013-09-04 16:14:03'),(21,1100,'2013-07-28 17:45:34'),(21,1120,'2013-09-03 19:57:21'),(21,1133,'2013-08-08 00:15:16'),(21,1152,'2013-08-27 16:31:28'),(22,364,'2013-04-14 23:59:40'),(22,629,'2013-07-31 23:38:09'),(22,678,'2013-07-31 23:06:24'),(22,679,'2013-08-01 00:28:05'),(22,796,'2013-07-31 23:44:32'),(22,797,'2013-06-29 23:40:01'),(22,798,'2013-06-29 23:40:14'),(22,1021,'2013-06-29 23:34:54'),(22,1022,'2013-07-31 23:07:08'),(22,1118,'2013-07-31 23:10:31'),(22,1119,'2013-07-31 23:37:04'),(23,59,'2013-07-31 22:43:42'),(23,60,'2013-07-31 22:43:19'),(23,100,'2013-08-26 20:01:42'),(23,108,'2013-08-26 19:58:05'),(23,224,'2013-07-31 22:39:05'),(23,310,'2013-07-31 22:38:00'),(23,311,'2013-07-31 22:38:34'),(23,312,'2013-07-31 22:37:14'),(23,313,'2013-07-31 22:36:12'),(23,314,'2013-07-31 22:39:52'),(23,315,'2013-08-26 19:54:12'),(23,316,'2013-08-26 19:54:59'),(23,351,'2013-07-31 22:41:45'),(23,366,'2013-08-30 19:59:42'),(23,379,'2013-07-24 19:21:37'),(23,380,'2013-04-15 00:46:27'),(23,381,'2013-07-28 23:11:53'),(23,382,'2013-04-15 00:51:27'),(23,383,'2013-07-28 23:08:27'),(23,384,'2013-07-28 23:11:20'),(23,421,'2013-07-31 22:35:26'),(23,422,'2013-07-31 22:41:22'),(23,423,'2013-07-31 22:42:07'),(23,424,'2013-07-31 22:42:30'),(23,425,'2013-07-31 22:42:56'),(23,426,'2013-07-31 22:40:23'),(23,427,'2013-07-31 22:40:50'),(23,520,'2013-08-26 19:56:12'),(23,521,'2013-08-26 19:56:54'),(23,626,'2013-08-26 19:57:31'),(23,726,'2013-08-26 20:02:20'),(24,338,'2013-07-18 22:10:11'),(24,407,'2013-07-31 23:20:47'),(24,1161,'2013-09-03 17:54:39'),(24,1162,'2013-09-03 17:57:09'),(25,53,'2013-08-01 00:34:41'),(25,54,'2013-05-14 13:57:42'),(25,55,'2013-08-01 00:31:31'),(25,59,'2013-07-31 22:43:42'),(25,60,'2013-07-31 22:43:19'),(25,70,'2013-08-08 01:14:21'),(25,78,'2013-08-23 22:58:21'),(25,79,'2013-08-23 22:59:14'),(25,80,'2013-08-23 22:59:39'),(25,81,'2013-08-23 22:57:34'),(25,82,'2013-08-23 22:58:00'),(25,104,'2013-07-31 23:34:09'),(25,114,'2013-07-24 19:26:54'),(25,115,'2013-07-31 23:58:31'),(25,119,'2013-08-01 00:35:19'),(25,120,'2013-08-01 00:30:08'),(25,121,'2013-05-14 13:29:08'),(25,122,'2013-05-14 13:24:15'),(25,123,'2013-05-14 13:24:49'),(25,124,'2013-08-01 00:29:14'),(25,125,'2013-05-14 13:26:41'),(25,126,'2013-05-14 13:27:15'),(25,224,'2013-07-31 22:39:05'),(25,298,'2013-07-24 19:27:24'),(25,299,'2013-07-24 19:28:13'),(25,310,'2013-07-31 22:38:00'),(25,311,'2013-07-31 22:38:34'),(25,312,'2013-07-31 22:37:14'),(25,313,'2013-07-31 22:36:12'),(25,314,'2013-07-31 22:39:52'),(25,326,'2013-07-28 22:18:53'),(25,327,'2013-07-28 22:25:38'),(25,328,'2013-08-21 19:46:52'),(25,329,'2013-04-18 20:14:24'),(25,330,'2013-07-28 22:16:10'),(25,351,'2013-07-31 22:41:45'),(25,359,'2013-05-03 00:00:46'),(25,362,'2013-04-14 23:54:47'),(25,363,'2013-07-24 19:32:06'),(25,364,'2013-04-14 23:59:40'),(25,365,'2013-08-30 19:58:57'),(25,366,'2013-08-30 19:59:42'),(25,367,'2013-08-12 19:53:43'),(25,368,'2013-08-12 19:54:33'),(25,369,'2013-08-12 19:55:24'),(25,370,'2013-08-12 19:55:56'),(25,371,'2013-08-12 19:56:50'),(25,372,'2013-08-12 19:57:29'),(25,373,'2013-08-12 19:58:05'),(25,374,'2013-07-31 22:33:23'),(25,375,'2013-08-30 20:00:28'),(25,376,'2013-08-30 20:00:54'),(25,377,'2013-08-30 20:01:25'),(25,378,'2013-04-15 00:41:39'),(25,379,'2013-07-24 19:21:37'),(25,380,'2013-04-15 00:46:27'),(25,381,'2013-07-28 23:11:53'),(25,382,'2013-04-15 00:51:27'),(25,383,'2013-07-28 23:08:27'),(25,384,'2013-07-28 23:11:20'),(25,385,'2013-04-15 00:57:01'),(25,386,'2013-04-15 00:59:34'),(25,387,'2013-04-15 01:01:45'),(25,388,'2013-07-24 19:37:16'),(25,389,'2013-04-15 01:06:14'),(25,390,'2013-04-15 01:08:24'),(25,391,'2013-06-29 17:46:38'),(25,393,'2013-08-05 19:44:49'),(25,394,'2013-07-31 23:16:17'),(25,395,'2013-06-29 19:36:31'),(25,396,'2013-08-01 00:07:09'),(25,397,'2013-08-01 00:07:50'),(25,398,'2013-08-01 00:08:17'),(25,399,'2013-08-01 00:08:53'),(25,402,'2013-04-15 01:37:55'),(25,403,'2013-04-15 01:42:30'),(25,404,'2013-04-15 01:42:50'),(25,405,'2013-07-24 23:03:02'),(25,406,'2013-04-15 01:45:50'),(25,407,'2013-07-31 23:20:47'),(25,408,'2013-04-15 01:50:51'),(25,409,'2013-07-24 19:22:29'),(25,410,'2013-08-01 00:43:22'),(25,411,'2013-08-01 00:43:48'),(25,412,'2013-08-01 00:44:11'),(25,413,'2013-08-01 00:42:16'),(25,414,'2013-08-01 00:42:42'),(25,415,'2013-04-15 02:09:56'),(25,416,'2013-07-28 18:01:52'),(25,419,'2013-04-15 02:17:48'),(25,420,'2013-07-28 23:06:26'),(25,421,'2013-07-31 22:35:26'),(25,422,'2013-07-31 22:41:22'),(25,423,'2013-07-31 22:42:07'),(25,424,'2013-07-31 22:42:30'),(25,425,'2013-07-31 22:42:56'),(25,426,'2013-07-31 22:40:23'),(25,427,'2013-07-31 22:40:50'),(25,434,'2013-08-01 00:55:32'),(25,435,'2013-08-01 00:56:54'),(25,436,'2013-08-01 00:56:07'),(25,437,'2013-08-01 00:57:39'),(25,449,'2013-04-16 17:19:19'),(25,450,'2013-04-16 18:48:02'),(25,451,'2013-08-08 01:12:29'),(25,452,'2013-08-08 01:13:24'),(25,453,'2013-04-18 19:44:58'),(25,454,'2013-04-18 19:49:22'),(25,455,'2013-04-18 19:51:36'),(25,456,'2013-04-18 19:55:20'),(25,457,'2013-04-18 19:57:14'),(25,458,'2013-04-18 19:59:17'),(25,459,'2013-04-18 20:01:01'),(25,460,'2013-04-18 20:04:12'),(25,461,'2013-04-18 20:05:32'),(25,462,'2013-08-08 01:14:55'),(25,463,'2013-07-31 23:18:43'),(25,464,'2013-07-31 23:19:10'),(25,465,'2013-04-18 20:15:48'),(25,471,'2013-04-29 21:40:23'),(25,472,'2013-04-29 21:41:47'),(25,473,'2013-04-29 21:43:39'),(25,474,'2013-08-01 00:58:49'),(25,475,'2013-04-29 21:48:32'),(25,476,'2013-08-01 00:58:26'),(25,477,'2013-04-29 21:52:17'),(25,478,'2013-08-08 00:06:19'),(25,479,'2013-09-25 19:17:02'),(25,488,'2013-07-24 19:23:58'),(25,490,'2013-07-24 19:24:20'),(25,491,'2013-04-29 22:34:51'),(25,556,'2013-04-30 19:51:22'),(25,557,'2013-04-30 19:53:14'),(25,569,'2013-07-24 19:27:47'),(25,584,'2013-05-02 23:41:39'),(25,585,'2013-05-02 23:42:36'),(25,586,'2013-05-02 23:43:31'),(25,591,'2013-05-02 23:51:48'),(25,593,'2013-05-02 23:56:22'),(25,594,'2013-05-02 23:57:26'),(25,595,'2013-07-24 19:26:16'),(25,596,'2013-05-03 00:03:47'),(25,741,'2013-07-24 19:17:38'),(25,748,'2013-05-14 00:52:30'),(25,753,'2013-05-14 01:00:34'),(25,833,'2013-08-01 00:40:17'),(25,834,'2013-05-14 13:34:51'),(25,835,'2013-08-01 00:33:46'),(25,836,'2013-05-14 13:50:28'),(25,837,'2013-08-01 19:36:02'),(25,838,'2013-08-01 00:35:56'),(25,839,'2013-08-01 00:36:49'),(25,840,'2013-08-01 00:37:34'),(25,841,'2013-07-31 22:44:43'),(25,842,'2013-07-31 22:45:16'),(25,843,'2013-07-31 22:45:44'),(26,199,'2013-07-24 17:28:42'),(26,200,'2013-07-24 17:28:03'),(26,201,'2013-07-24 17:29:06'),(26,202,'2013-07-24 17:27:32'),(26,403,'2013-04-15 01:42:30'),(26,404,'2013-04-15 01:42:50'),(26,405,'2013-07-24 23:03:02'),(26,410,'2013-08-01 00:43:22'),(26,411,'2013-08-01 00:43:49'),(26,413,'2013-08-01 00:42:16'),(26,414,'2013-08-01 00:42:42'),(26,415,'2013-04-15 02:09:56'),(26,416,'2013-07-28 18:01:52'),(26,489,'2013-04-29 22:32:24'),(26,492,'2013-04-29 22:37:11'),(26,493,'2013-04-29 22:38:34'),(26,494,'2013-04-29 22:41:47'),(26,502,'2013-07-24 23:08:00'),(26,503,'2013-04-30 00:36:13'),(26,504,'2013-04-30 00:37:52'),(26,505,'2013-04-30 00:38:59'),(26,506,'2013-07-24 20:22:24'),(26,563,'2013-04-30 20:19:25'),(26,564,'2013-07-24 23:00:20'),(26,565,'2013-04-30 20:22:01'),(26,566,'2013-07-24 22:59:32'),(26,567,'2013-04-30 20:24:05'),(26,568,'2013-04-30 20:25:03'),(26,587,'2013-07-24 22:40:19'),(26,588,'2013-07-24 22:35:44'),(26,589,'2013-07-24 22:41:30'),(26,592,'2013-05-02 23:53:46'),(26,744,'2013-07-24 17:33:43'),(26,745,'2013-05-14 00:45:50'),(26,746,'2013-07-24 17:34:35'),(26,747,'2013-07-22 19:37:02'),(26,794,'2013-07-28 19:55:45'),(26,795,'2013-06-29 19:29:41'),(26,799,'2013-05-14 01:49:36'),(26,818,'2013-07-24 23:10:30'),(26,819,'2013-07-24 23:11:15'),(26,820,'2013-05-14 02:23:04'),(26,935,'2013-05-17 02:52:03'),(26,936,'2013-07-24 23:11:55'),(26,937,'2013-05-17 02:53:41'),(26,938,'2013-07-24 23:12:54'),(26,939,'2013-07-24 23:13:40'),(26,940,'2013-05-17 02:56:13'),(26,1058,'2013-07-15 17:11:26'),(26,1079,'2013-07-22 19:48:55'),(26,1080,'2013-07-24 17:38:41'),(26,1081,'2013-07-22 19:46:53'),(26,1082,'2013-07-22 19:48:06'),(26,1083,'2013-07-22 19:49:45'),(26,1101,'2013-07-24 17:37:02'),(26,1110,'2013-07-24 23:02:24'),(26,1111,'2013-07-24 23:04:35'),(26,1112,'2013-07-24 23:05:34'),(26,1113,'2013-07-24 23:06:51'),(27,5,'2013-04-30 14:23:22'),(27,6,'2013-04-30 17:33:48'),(27,21,'2013-08-23 21:22:59'),(27,22,'2013-08-23 21:23:45'),(27,23,'2013-08-23 21:21:13'),(27,24,'2013-08-23 21:22:18'),(27,45,'2013-07-24 18:39:26'),(27,46,'2013-07-24 18:43:53'),(27,47,'2013-04-29 23:02:51'),(27,48,'2013-07-24 18:02:27'),(27,49,'2013-08-19 19:12:14'),(27,50,'2013-07-24 18:03:44'),(27,51,'2013-07-24 18:03:18'),(27,52,'2013-07-24 18:04:12'),(27,53,'2013-08-01 00:34:41'),(27,54,'2013-05-14 13:57:42'),(27,55,'2013-08-01 00:31:31'),(27,62,'2013-04-30 13:13:34'),(27,69,'2013-07-28 23:16:21'),(27,71,'2013-07-28 22:15:00'),(27,72,'2013-07-28 22:15:22'),(27,100,'2013-08-26 20:01:42'),(27,101,'2013-07-31 23:42:17'),(27,102,'2013-05-02 23:39:21'),(27,103,'2013-07-24 18:09:31'),(27,104,'2013-07-31 23:34:09'),(27,105,'2013-07-31 23:35:03'),(27,106,'2013-07-31 23:35:32'),(27,113,'2013-07-24 18:09:03'),(27,114,'2013-07-24 19:26:54'),(27,117,'2013-07-24 17:51:21'),(27,118,'2013-07-24 17:26:30'),(27,119,'2013-08-01 00:35:19'),(27,120,'2013-08-01 00:30:08'),(27,121,'2013-05-14 13:29:08'),(27,122,'2013-05-14 13:24:15'),(27,123,'2013-05-14 13:24:49'),(27,124,'2013-08-01 00:29:14'),(27,125,'2013-05-14 13:26:41'),(27,126,'2013-05-14 13:27:15'),(27,194,'2013-07-24 19:15:55'),(27,195,'2013-07-24 19:15:21'),(27,196,'2013-07-24 19:14:52'),(27,197,'2013-07-24 19:14:12'),(27,199,'2013-07-24 17:28:42'),(27,200,'2013-07-24 17:28:03'),(27,201,'2013-07-24 17:29:06'),(27,202,'2013-07-24 17:27:32'),(27,203,'2013-07-24 19:12:42'),(27,218,'2013-05-17 03:07:19'),(27,219,'2013-05-08 21:59:33'),(27,220,'2013-05-08 21:58:39'),(27,221,'2013-07-31 23:50:19'),(27,222,'2013-07-24 19:25:39'),(27,223,'2013-07-28 22:14:21'),(27,225,'2013-07-28 23:20:21'),(27,226,'2013-05-13 22:38:23'),(27,227,'2013-04-29 23:14:48'),(27,228,'2013-07-28 20:04:37'),(27,229,'2013-04-29 23:20:26'),(27,230,'2013-04-29 23:13:39'),(27,231,'2013-07-28 20:04:06'),(27,232,'2013-04-29 23:10:21'),(27,233,'2013-04-29 23:16:32'),(27,234,'2013-04-29 23:11:15'),(27,247,'2013-04-29 23:21:41'),(27,248,'2013-08-01 00:51:18'),(27,249,'2013-08-01 00:51:47'),(27,250,'2013-08-01 00:52:13'),(27,251,'2013-08-01 00:53:36'),(27,252,'2013-08-01 00:54:03'),(27,253,'2013-08-01 00:53:08'),(27,254,'2013-08-01 00:52:41'),(27,255,'2013-08-01 00:50:51'),(27,256,'2013-08-01 00:49:14'),(27,257,'2013-08-01 00:49:58'),(27,258,'2013-08-01 00:50:25'),(27,296,'2013-05-13 23:17:22'),(27,297,'2013-08-13 19:32:04'),(27,298,'2013-07-24 19:27:24'),(27,299,'2013-07-24 19:28:13'),(27,300,'2013-08-30 20:02:41'),(27,301,'2013-07-28 23:18:25'),(27,304,'2013-05-08 22:35:41'),(27,308,'2013-05-02 23:54:53'),(27,315,'2013-08-26 19:54:12'),(27,316,'2013-08-26 19:54:59'),(27,317,'2013-07-24 19:30:52'),(27,318,'2013-08-13 19:33:39'),(27,320,'2013-07-24 19:31:22'),(27,321,'2013-08-30 20:06:47'),(27,322,'2013-05-17 03:09:40'),(27,323,'2013-07-24 19:30:32'),(27,328,'2013-08-21 19:46:52'),(27,338,'2013-07-18 22:10:11'),(27,339,'2013-09-26 19:19:52'),(27,340,'2013-09-26 19:20:24'),(27,341,'2013-09-26 19:20:49'),(27,342,'2013-09-26 19:19:27'),(27,343,'2013-08-01 00:10:50'),(27,344,'2013-08-01 00:10:17'),(27,345,'2013-07-31 23:50:44'),(27,352,'2013-07-28 23:23:27'),(27,353,'2013-05-13 23:02:07'),(27,354,'2013-05-13 23:02:39'),(27,355,'2013-07-28 23:21:45'),(27,356,'2013-07-28 23:22:08'),(27,357,'2013-07-28 23:22:35'),(27,358,'2013-07-28 23:23:02'),(27,359,'2013-05-03 00:00:46'),(27,360,'2013-08-01 00:09:46'),(27,376,'2013-08-30 20:00:54'),(27,377,'2013-08-30 20:01:25'),(27,393,'2013-08-05 19:44:49'),(27,394,'2013-07-31 23:16:17'),(27,395,'2013-06-29 19:36:31'),(27,396,'2013-08-01 00:07:09'),(27,397,'2013-08-01 00:07:50'),(27,398,'2013-08-01 00:08:17'),(27,399,'2013-08-01 00:08:53'),(27,466,'2013-06-30 17:33:58'),(27,467,'2013-07-24 17:21:31'),(27,468,'2013-06-30 17:33:07'),(27,469,'2013-04-29 21:37:15'),(27,470,'2013-04-29 21:38:39'),(27,471,'2013-04-29 21:40:23'),(27,472,'2013-04-29 21:41:47'),(27,473,'2013-04-29 21:43:39'),(27,474,'2013-08-01 00:58:49'),(27,475,'2013-04-29 21:48:32'),(27,476,'2013-08-01 00:58:26'),(27,477,'2013-04-29 21:52:17'),(27,478,'2013-08-08 00:06:19'),(27,479,'2013-09-25 19:17:02'),(27,488,'2013-07-24 19:23:58'),(27,489,'2013-04-29 22:32:24'),(27,490,'2013-07-24 19:24:20'),(27,491,'2013-04-29 22:34:51'),(27,492,'2013-04-29 22:37:11'),(27,493,'2013-04-29 22:38:34'),(27,494,'2013-04-29 22:41:47'),(27,496,'2013-07-24 18:48:08'),(27,497,'2013-07-24 18:48:33'),(27,498,'2013-04-29 22:52:25'),(27,499,'2013-04-29 22:54:31'),(27,500,'2013-04-29 22:57:44'),(27,511,'2013-04-30 13:09:00'),(27,512,'2013-04-30 13:10:51'),(27,513,'2013-07-24 18:44:48'),(27,514,'2013-07-24 18:06:42'),(27,515,'2013-04-30 13:16:22'),(27,516,'2013-04-30 13:18:14'),(27,517,'2013-08-08 00:29:29'),(27,518,'2013-04-30 13:21:25'),(27,519,'2013-04-30 13:36:18'),(27,520,'2013-08-26 19:56:12'),(27,521,'2013-08-26 19:56:54'),(27,522,'2013-04-30 13:44:04'),(27,523,'2013-08-08 00:30:41'),(27,524,'2013-08-08 00:31:46'),(27,525,'2013-06-26 00:32:14'),(27,526,'2013-06-26 00:32:46'),(27,527,'2013-06-26 00:33:04'),(27,528,'2013-04-30 13:59:34'),(27,529,'2013-04-30 14:06:11'),(27,530,'2013-04-30 14:09:22'),(27,534,'2013-08-01 18:29:00'),(27,535,'2013-04-30 17:49:09'),(27,536,'2013-07-24 17:48:33'),(27,537,'2013-07-24 17:48:00'),(27,538,'2013-07-24 17:48:56'),(27,539,'2013-04-30 19:09:56'),(27,540,'2013-07-28 22:13:51'),(27,545,'2013-07-24 18:17:14'),(27,546,'2013-07-24 18:17:44'),(27,547,'2013-07-24 18:18:15'),(27,548,'2013-07-24 18:18:38'),(27,549,'2013-04-30 19:36:56'),(27,550,'2013-07-28 23:16:53'),(27,551,'2013-07-28 23:17:22'),(27,552,'2013-04-30 19:41:15'),(27,553,'2013-07-24 18:16:21'),(27,554,'2013-04-30 19:48:05'),(27,555,'2013-04-30 19:49:59'),(27,556,'2013-04-30 19:51:22'),(27,557,'2013-04-30 19:53:14'),(27,558,'2013-04-30 19:54:08'),(27,559,'2013-04-30 20:10:27'),(27,560,'2013-04-30 20:11:42'),(27,561,'2013-07-24 19:32:35'),(27,562,'2013-07-24 18:07:56'),(27,563,'2013-04-30 20:19:25'),(27,564,'2013-07-24 23:00:20'),(27,565,'2013-04-30 20:22:01'),(27,566,'2013-07-24 22:59:32'),(27,567,'2013-04-30 20:24:05'),(27,568,'2013-04-30 20:25:03'),(27,569,'2013-07-24 19:27:47'),(27,579,'2013-05-02 23:20:53'),(27,580,'2013-05-02 23:22:16'),(27,581,'2013-05-02 23:23:24'),(27,582,'2013-05-02 23:24:44'),(27,583,'2013-08-08 00:33:27'),(27,584,'2013-05-02 23:41:39'),(27,585,'2013-05-02 23:42:36'),(27,586,'2013-05-02 23:43:31'),(27,590,'2013-09-03 17:39:39'),(27,591,'2013-05-02 23:51:48'),(27,592,'2013-05-02 23:53:46'),(27,593,'2013-05-02 23:56:22'),(27,594,'2013-05-02 23:57:26'),(27,595,'2013-07-24 19:26:16'),(27,596,'2013-05-03 00:03:47'),(27,597,'2013-07-24 19:13:37'),(27,598,'2013-05-08 21:54:19'),(27,599,'2013-05-08 21:55:37'),(27,600,'2013-05-08 21:57:06'),(27,607,'2013-07-24 19:28:32'),(27,608,'2013-05-08 22:31:15'),(27,609,'2013-05-08 22:32:45'),(27,610,'2013-05-08 22:33:54'),(27,611,'2013-05-08 22:34:46'),(27,612,'2013-07-28 22:30:25'),(27,613,'2013-07-28 22:29:55'),(27,614,'2013-07-28 22:31:05'),(27,615,'2013-07-28 22:31:40'),(27,616,'2013-05-08 23:32:15'),(27,617,'2013-08-07 23:25:45'),(27,618,'2013-08-13 19:33:07'),(27,619,'2013-05-08 23:44:15'),(27,620,'2013-05-09 00:18:30'),(27,625,'2013-05-09 00:38:50'),(27,626,'2013-08-26 19:57:31'),(27,627,'2013-07-24 17:58:06'),(27,637,'2013-05-09 01:03:29'),(27,638,'2013-05-09 01:05:46'),(27,674,'2013-08-05 19:45:51'),(27,676,'2013-07-28 18:46:09'),(27,677,'2013-05-13 22:37:02'),(27,680,'2013-05-13 22:41:52'),(27,681,'2013-07-28 23:19:49'),(27,682,'2013-07-28 23:18:48'),(27,683,'2013-07-28 23:19:12'),(27,684,'2013-05-13 22:48:20'),(27,685,'2013-08-30 20:04:47'),(27,686,'2013-07-24 17:56:17'),(27,687,'2013-08-30 20:04:28'),(27,688,'2013-07-15 14:39:22'),(27,689,'2013-08-30 20:05:36'),(27,690,'2013-08-30 20:05:14'),(27,691,'2013-05-13 23:04:14'),(27,695,'2013-08-08 01:17:08'),(27,696,'2013-08-08 01:17:36'),(27,697,'2013-08-08 01:18:17'),(27,698,'2013-08-12 20:02:31'),(27,699,'2013-05-13 23:19:18'),(27,703,'2013-07-28 19:56:48'),(27,720,'2013-05-13 23:44:09'),(27,721,'2013-05-13 23:44:59'),(27,722,'2013-08-13 19:32:30'),(27,723,'2013-07-24 23:29:47'),(27,724,'2013-05-13 23:50:30'),(27,725,'2013-07-31 23:43:17'),(27,726,'2013-08-26 20:02:20'),(27,727,'2013-08-01 00:11:54'),(27,728,'2013-07-31 23:40:59'),(27,741,'2013-07-24 19:17:38'),(27,742,'2013-07-24 19:17:11'),(27,743,'2013-05-14 00:35:00'),(27,748,'2013-05-14 00:52:30'),(27,753,'2013-05-14 01:00:34'),(27,793,'2013-08-01 00:46:42'),(27,794,'2013-07-28 19:55:45'),(27,795,'2013-06-29 19:29:41'),(27,804,'2013-07-28 19:55:04'),(27,805,'2013-07-24 17:40:40'),(27,817,'2013-05-14 02:21:00'),(27,821,'2013-07-31 23:49:49'),(27,822,'2013-07-31 23:51:21'),(27,823,'2013-05-14 02:28:22'),(27,824,'2013-07-28 23:05:38'),(27,828,'2013-08-01 00:38:55'),(27,829,'2013-05-14 13:21:00'),(27,830,'2013-08-01 00:39:42'),(27,831,'2013-05-14 13:22:34'),(27,832,'2013-05-14 13:23:34'),(27,833,'2013-08-01 00:40:17'),(27,834,'2013-05-14 13:34:51'),(27,835,'2013-08-01 00:33:46'),(27,836,'2013-05-14 13:50:28'),(27,837,'2013-08-01 19:36:02'),(27,838,'2013-08-01 00:35:56'),(27,839,'2013-08-01 00:36:49'),(27,840,'2013-08-01 00:37:34'),(27,841,'2013-07-31 22:44:43'),(27,842,'2013-07-31 22:45:16'),(27,843,'2013-07-31 22:45:44'),(27,844,'2013-07-31 22:46:13'),(27,852,'2013-05-16 21:07:57'),(27,871,'2013-05-16 23:43:18'),(27,872,'2013-05-16 23:44:20'),(27,873,'2013-05-16 23:45:11'),(27,874,'2013-05-16 23:46:31'),(27,875,'2013-05-16 23:49:15'),(27,890,'2013-05-17 01:00:48'),(27,892,'2013-08-07 23:19:46'),(27,893,'2013-05-17 01:06:54'),(27,894,'2013-05-17 01:08:22'),(27,895,'2013-07-28 18:02:48'),(27,896,'2013-05-17 01:10:31'),(27,897,'2013-05-17 01:12:00'),(27,918,'2013-07-24 18:10:28'),(27,934,'2013-07-31 23:53:50'),(27,941,'2013-05-17 02:58:12'),(27,942,'2013-05-17 02:59:10'),(27,943,'2013-05-17 03:00:12'),(27,944,'2013-05-17 03:01:00'),(27,945,'2013-05-17 03:02:19'),(27,946,'2013-05-17 03:03:09'),(27,947,'2013-07-24 19:32:54'),(27,948,'2013-06-26 00:26:11'),(27,949,'2013-06-26 00:38:21'),(27,950,'2013-06-26 00:31:08'),(27,955,'2013-06-26 19:45:39'),(27,956,'2013-06-26 19:47:14'),(27,957,'2013-06-26 19:48:23'),(27,958,'2013-06-26 19:50:45'),(27,959,'2013-07-24 18:36:57'),(27,960,'2013-06-26 19:55:10'),(27,982,'2013-08-30 20:00:05'),(27,1006,'2013-07-19 18:26:10'),(27,1007,'2013-08-16 15:08:19'),(27,1024,'2013-07-24 17:22:59'),(27,1025,'2013-06-30 18:00:00'),(27,1028,'2013-06-30 18:21:55'),(27,1029,'2013-07-24 18:44:18'),(27,1033,'2013-08-16 15:07:56'),(27,1034,'2013-07-15 14:49:08'),(27,1035,'2013-07-15 14:51:34'),(27,1059,'2013-07-15 17:52:01'),(27,1060,'2013-07-24 19:25:16'),(27,1070,'2013-07-18 18:53:35'),(27,1078,'2013-07-28 23:09:22'),(27,1085,'2013-08-01 19:36:23'),(27,1087,'2013-08-26 16:05:47'),(27,1090,'2013-07-24 14:34:23'),(27,1091,'2013-07-24 14:35:51'),(27,1092,'2013-07-24 14:36:47'),(27,1093,'2013-07-24 14:38:16'),(27,1110,'2013-07-24 23:02:24'),(27,1114,'2013-07-28 22:28:52'),(27,1121,'2013-08-01 00:03:21'),(27,1123,'2013-08-21 19:43:56'),(27,1124,'2013-08-05 19:49:52'),(27,1125,'2013-08-05 19:51:43'),(27,1126,'2013-08-05 19:54:22'),(27,1127,'2013-08-05 19:58:32'),(27,1128,'2013-08-05 19:57:59'),(27,1129,'2013-08-05 19:59:49'),(27,1135,'2013-08-08 01:45:53'),(27,1136,'2013-08-08 01:47:05'),(27,1149,'2013-08-23 22:39:32'),(28,71,'2013-07-28 22:15:00'),(28,72,'2013-07-28 22:15:22'),(28,951,'2013-06-26 19:31:19'),(28,952,'2013-06-26 19:38:45'),(28,953,'2013-06-26 19:40:17'),(28,954,'2013-08-08 00:32:33'),(28,960,'2013-06-26 19:55:10'),(28,1132,'2013-08-08 00:12:03'),(29,1030,'2013-07-24 17:51:57'),(29,1035,'2013-07-15 14:51:34'),(30,607,'2013-07-24 19:28:32'),(30,685,'2013-08-30 20:04:47'),(30,686,'2013-07-24 17:56:17'),(30,687,'2013-08-30 20:04:28'),(30,688,'2013-07-15 14:39:22'),(30,689,'2013-08-30 20:05:36'),(30,690,'2013-08-30 20:05:14'),(30,1034,'2013-07-15 14:49:08'),(30,1035,'2013-07-15 14:51:34'),(31,428,'2013-09-11 19:38:57'),(31,429,'2013-08-23 19:21:08'),(31,430,'2013-09-11 18:36:16'),(31,431,'2013-09-11 19:40:41'),(31,432,'2013-09-11 19:40:12'),(31,433,'2013-08-23 19:01:13'),(31,438,'2013-09-11 18:37:00'),(31,439,'2013-08-23 18:55:47'),(31,440,'2013-09-11 19:39:39'),(31,441,'2013-08-23 18:57:04'),(31,442,'2013-09-11 19:38:03'),(31,443,'2013-09-11 19:41:39'),(31,444,'2013-09-11 19:41:10'),(31,445,'2013-09-11 19:43:57'),(31,446,'2013-08-23 19:45:28'),(31,447,'2013-08-23 19:48:15'),(31,448,'2013-09-11 19:44:38'),(31,1137,'2013-08-23 19:23:53'),(31,1138,'2013-08-23 19:25:41'),(31,1139,'2013-09-11 19:43:17'),(31,1140,'2013-09-11 19:42:44'),(31,1141,'2013-08-23 19:47:47'),(31,1142,'2013-08-23 19:50:25'),(31,1143,'2013-08-23 19:51:05'),(31,1144,'2013-08-23 19:51:43'),(31,1145,'2013-08-23 19:52:23'),(32,1073,'2013-08-26 16:02:06'),(32,1086,'2013-08-26 16:06:14'),(32,1087,'2013-08-26 16:05:47'),(32,1088,'2013-08-26 16:16:27'),(33,78,'2013-08-23 22:58:21'),(33,79,'2013-08-23 22:59:14'),(33,80,'2013-08-23 22:59:39'),(33,81,'2013-08-23 22:57:34'),(33,82,'2013-08-23 22:58:00'),(34,623,'2013-09-03 17:24:02'),(34,1157,'2013-09-03 17:23:30'),(34,1158,'2013-09-03 17:25:02'),(35,339,'2013-09-26 19:19:52'),(35,340,'2013-09-26 19:20:24'),(35,341,'2013-09-26 19:20:49'),(35,342,'2013-09-26 19:19:27');
/*!40000 ALTER TABLE `fornecedorproduto` ENABLE KEYS */;
UNLOCK TABLES;

--
-- Table structure for table `login`
--

DROP TABLE IF EXISTS `login`;
/*!40101 SET @saved_cs_client     = @@character_set_client */;
/*!40101 SET character_set_client = utf8 */;
CREATE TABLE `login` (
  `cd_login` int(4) NOT NULL AUTO_INCREMENT,
  `nm_login` varchar(20) DEFAULT NULL,
  `nm_senha` varchar(100) DEFAULT NULL,
  `cd_usuario` int(4) DEFAULT NULL,
  PRIMARY KEY (`cd_login`),
  KEY `login_ibfk_1` (`cd_usuario`),
  CONSTRAINT `login_ibfk_1` FOREIGN KEY (`cd_usuario`) REFERENCES `usuario` (`cd_usuario`) ON DELETE SET NULL ON UPDATE SET NULL
) ENGINE=InnoDB AUTO_INCREMENT=2 DEFAULT CHARSET=latin1;
/*!40101 SET character_set_client = @saved_cs_client */;

--
-- Dumping data for table `login`
--

LOCK TABLES `login` WRITE;
/*!40000 ALTER TABLE `login` DISABLE KEYS */;
INSERT INTO `login` VALUES (1,'admin','21232f297a57a5a743894a0e4a801fc3',1);
/*!40000 ALTER TABLE `login` ENABLE KEYS */;
UNLOCK TABLES;

--
-- Table structure for table `markup`
--

DROP TABLE IF EXISTS `markup`;
/*!40101 SET @saved_cs_client     = @@character_set_client */;
/*!40101 SET character_set_client = utf8 */;
CREATE TABLE `markup` (
  `vl_markup` double(6,2) NOT NULL DEFAULT '0.50',
  PRIMARY KEY (`vl_markup`),
  UNIQUE KEY `vl_markup_UNIQUE` (`vl_markup`)
) ENGINE=InnoDB DEFAULT CHARSET=latin1;
/*!40101 SET character_set_client = @saved_cs_client */;

--
-- Dumping data for table `markup`
--

LOCK TABLES `markup` WRITE;
/*!40000 ALTER TABLE `markup` DISABLE KEYS */;
INSERT INTO `markup` VALUES (0.55);
/*!40000 ALTER TABLE `markup` ENABLE KEYS */;
UNLOCK TABLES;

--
-- Table structure for table `notafiscal`
--

DROP TABLE IF EXISTS `notafiscal`;
/*!40101 SET @saved_cs_client     = @@character_set_client */;
/*!40101 SET character_set_client = utf8 */;
CREATE TABLE `notafiscal` (
  `cd_nota_fiscal` int(7) NOT NULL AUTO_INCREMENT,
  `numero_nota_fiscal` varchar(200) DEFAULT NULL,
  `cd_tipo_nota_fiscal` int(7) NOT NULL,
  PRIMARY KEY (`cd_nota_fiscal`),
  KEY `cd_tipo_nota_fiscal` (`cd_tipo_nota_fiscal`),
  CONSTRAINT `fk_notafiscal_tiponotafiscal1` FOREIGN KEY (`cd_tipo_nota_fiscal`) REFERENCES `tiponotafiscal` (`cd_tipo_nota_fiscal`) ON DELETE NO ACTION ON UPDATE NO ACTION
) ENGINE=InnoDB AUTO_INCREMENT=216 DEFAULT CHARSET=latin1;
/*!40101 SET character_set_client = @saved_cs_client */;

--
-- Dumping data for table `notafiscal`
--

LOCK TABLES `notafiscal` WRITE;
/*!40000 ALTER TABLE `notafiscal` DISABLE KEYS */;
INSERT INTO `notafiscal` VALUES (6,'0009642',1),(7,'0009642',1),(8,'16932',1),(9,'000.049.017',1),(10,'000.049.017',1),(11,'19.054',1),(12,'19.053',1),(13,'312141',1),(14,'0081698',1),(15,'018586',1),(16,'000.389.414',1),(17,'000000617',1),(18,'000.001.950',1),(19,'319828',1),(20,'000.050.938',1),(21,'000.043.235',1),(22,'000.038.653',1),(23,'324533',1),(24,'884',1),(25,'0322266',1),(26,'306468',1),(27,'017324',1),(28,'0300547',1),(29,'001601',1),(30,'0000000000001',2),(31,'000000000000002',2),(32,'0000000000003',2),(33,'000.054.597',1),(34,'000.003.210',1),(35,'0086486',1),(36,'000060191',1),(37,'345402',1),(38,'345402',1),(39,'00000000004',2),(40,'54704',1),(41,'55582',1),(42,'020083',1),(43,'0000000000005',2),(44,'000000006',2),(45,'00000000007',2),(46,'00000000008c',2),(47,'00000000009',2),(48,'0000000009',2),(49,'01',2),(50,'00000000000010',2),(51,'000000011',2),(52,'00000000012',2),(53,'000000000000012',2),(54,'000000013',2),(55,'0000000014',2),(56,'00000014',2),(57,'0000015',2),(58,'0000000015',2),(59,'000000000016',2),(60,'0000016',2),(61,'02',2),(62,'0000000016',2),(63,'00000017',2),(64,'0000000017',2),(65,'000000018',2),(66,'000000018',2),(67,'00000017',2),(68,'000000019',2),(69,'000000000020',2),(70,'03 LB',2),(71,'04 CM',2),(72,'000000021',2),(73,'000000022',2),(74,'000000024',2),(75,'000000024',2),(76,'05LB',2),(77,'0000000024',2),(78,'00000000025',2),(79,'000000017',2),(80,'000000000000028',2),(81,'000000029',2),(82,'000000030',2),(83,'00000000031',2),(84,'06 CM',2),(85,'0000000032',2),(86,'00000000032',2),(87,'00000000033',2),(88,'0000000000034',2),(89,'0000000000035',2),(90,'0000000036',2),(91,'00000000036',2),(92,'00000039',2),(93,'318,65',2),(94,'717,50',2),(95,'525,40',2),(96,'1296,00',2),(97,'609,20',2),(98,'330,00',2),(99,'193,30',2),(100,'776,40',2),(101,'245,30',2),(102,'06 CM',2),(103,'446,80',2),(104,'457,80',2),(105,'421,00',2),(106,'374,45',2),(107,'848,75',2),(108,'260,10',2),(109,'175,25',2),(110,'314,20',2),(111,'344,80',2),(112,'CM',2),(113,'226,80',2),(114,'LB',2),(115,'257,50',2),(116,'331,50',2),(117,'204,00',2),(118,'197,00',2),(119,'332,10',2),(120,'LB',2),(121,'468,00',2),(122,'230,00',2),(123,'187,25',2),(124,'527,30',2),(125,'640,50',2),(126,'LB',2),(127,'886,75',2),(128,'1191,75',2),(129,'211,00',2),(130,'520,00',2),(131,'1296,50',2),(132,'334,20',2),(133,'398,80',2),(134,'454,50',2),(135,'512,60',2),(136,'000003722',1),(137,'000.398.519',1),(138,'0.0005.517',1),(139,'20.286',1),(140,'335368',1),(141,'000.040.434',1),(142,'022097',1),(143,'274,00',2),(144,'891,50',2),(145,'274,70',2),(146,'403,60',2),(147,'381,30',2),(148,'135,00',2),(149,'99,80',2),(150,'430,45',2),(151,'CM 38,00',2),(152,'323,50',2),(153,'000.413.412',1),(154,'',1),(155,'612,50',2),(156,'276,10',2),(157,'364,20',2),(158,'603,50',2),(159,'518,40',2),(160,'352,50',2),(161,'355121',1),(162,'000.415.984',1),(163,'42 peças',1),(164,'000004190',1),(165,'0354468',1),(166,'000.004.041',1),(167,'000.011.354',1),(168,'0010716',1),(169,'355760',1),(170,'000098844',1),(171,'LB 65,00',2),(172,'CM 429,20',2),(173,'155,00',2),(174,'281,15',2),(175,'613,00',2),(176,'354,60',2),(177,'576,70',2),(178,'572,00',2),(179,'279,90',2),(180,'418,30',2),(181,'588,40',2),(182,'024895',1),(183,'000.057.540',1),(184,'000.043.365',1),(185,'284,60',2),(186,'590,00',2),(187,'000.003.087',1),(188,'000001159',1),(189,'000.009.407',1),(190,'221,75',2),(191,'545,90',2),(192,'521,20',2),(193,'590,90',2),(194,'471,60',2),(195,'396,00',2),(196,'480,00',2),(197,'1231,90',2),(198,'737,00',2),(199,'350,05',2),(200,'527,30',2),(201,'CM 421,00',2),(202,'LB 68,00',2),(203,'333,00',2),(204,'000004339',1),(205,'1030',1),(206,'366970',1),(207,'382,50',2),(208,'285,20',2),(209,'799,70',2),(210,'501,70',2),(211,'247,50',2),(212,'463,20',2),(213,'CM 673,80',2),(214,'203,00',2),(215,'000042782',1);
/*!40000 ALTER TABLE `notafiscal` ENABLE KEYS */;
UNLOCK TABLES;

--
-- Table structure for table `pais`
--

DROP TABLE IF EXISTS `pais`;
/*!40101 SET @saved_cs_client     = @@character_set_client */;
/*!40101 SET character_set_client = utf8 */;
CREATE TABLE `pais` (
  `cd_pais` int(4) NOT NULL AUTO_INCREMENT,
  `nm_pais` varchar(60) DEFAULT NULL,
  `sigla` varchar(2) DEFAULT NULL,
  PRIMARY KEY (`cd_pais`)
) ENGINE=InnoDB AUTO_INCREMENT=2 DEFAULT CHARSET=latin1;
/*!40101 SET character_set_client = @saved_cs_client */;

--
-- Dumping data for table `pais`
--

LOCK TABLES `pais` WRITE;
/*!40000 ALTER TABLE `pais` DISABLE KEYS */;
INSERT INTO `pais` VALUES (1,'Brasil','BR');
/*!40000 ALTER TABLE `pais` ENABLE KEYS */;
UNLOCK TABLES;

--
-- Table structure for table `pedido`
--

DROP TABLE IF EXISTS `pedido`;
/*!40101 SET @saved_cs_client     = @@character_set_client */;
/*!40101 SET character_set_client = utf8 */;
CREATE TABLE `pedido` (
  `cd_pedido` int(4) NOT NULL AUTO_INCREMENT,
  `data_pedido` datetime DEFAULT NULL,
  `valor_pedido` float(6,2) DEFAULT NULL,
  `isPago` tinyint(1) DEFAULT NULL,
  `isRecebido` tinyint(1) DEFAULT NULL,
  `cd_fornecedor` int(4) DEFAULT NULL,
  `descricao` varchar(200) DEFAULT NULL,
  `cd_nota_fiscal` int(7) DEFAULT NULL,
  PRIMARY KEY (`cd_pedido`),
  KEY `pedido_ibfk_1` (`cd_fornecedor`),
  KEY `pedido_ibfk_2` (`cd_nota_fiscal`),
  CONSTRAINT `pedido_ibfk_1` FOREIGN KEY (`cd_fornecedor`) REFERENCES `fornecedor` (`cd_fornecedor`) ON DELETE SET NULL ON UPDATE SET NULL,
  CONSTRAINT `pedido_ibfk_2` FOREIGN KEY (`cd_nota_fiscal`) REFERENCES `notafiscal` (`cd_nota_fiscal`) ON DELETE SET NULL ON UPDATE SET NULL
) ENGINE=InnoDB AUTO_INCREMENT=64 DEFAULT CHARSET=latin1;
/*!40101 SET character_set_client = @saved_cs_client */;

--
-- Dumping data for table `pedido`
--

LOCK TABLES `pedido` WRITE;
/*!40000 ALTER TABLE `pedido` DISABLE KEYS */;
INSERT INTO `pedido` VALUES (5,'2013-03-12 00:00:00',453.00,1,1,13,NULL,8),(6,'2013-03-25 00:00:00',523.88,1,1,4,NULL,10),(7,'2013-04-05 00:00:00',26.13,1,1,9,NULL,11),(8,'2013-04-05 00:00:00',800.20,1,1,9,NULL,12),(9,'2013-04-05 00:00:00',619.15,1,1,10,NULL,13),(10,'2013-04-16 00:00:00',968.96,1,1,18,NULL,14),(11,'2013-04-16 00:00:00',691.00,1,1,1,NULL,15),(12,'2013-04-16 00:00:00',434.16,1,1,27,NULL,16),(13,'2013-04-17 00:00:00',825.90,1,1,17,NULL,17),(14,'2013-04-17 20:44:25',872.55,1,1,22,NULL,18),(15,'2013-04-25 00:00:00',1113.24,1,1,10,NULL,19),(16,'2013-04-30 00:00:00',3562.82,1,1,4,NULL,20),(17,'2013-05-02 00:00:00',319.10,1,1,2,NULL,21),(18,'2013-05-07 00:00:00',481.00,1,1,14,NULL,22),(19,'2013-05-09 00:00:00',915.10,1,1,10,NULL,23),(20,'2013-05-09 00:00:00',339.00,1,1,19,NULL,24),(21,'0020-05-15 00:00:00',702.90,1,1,8,NULL,25),(22,'2013-03-19 00:00:00',367.32,1,1,10,NULL,26),(23,'2013-03-13 00:00:00',434.32,1,1,1,NULL,27),(24,'2013-03-12 00:00:00',786.22,1,1,8,NULL,28),(25,'2013-06-28 00:00:00',330.00,1,1,29,NULL,29),(26,'2013-06-28 00:00:00',1330.12,1,1,4,NULL,33),(27,'2013-07-03 00:00:00',433.70,1,1,30,NULL,34),(28,'2013-07-01 00:00:00',1482.20,1,1,18,NULL,35),(29,'2013-06-29 00:00:00',1114.34,1,1,5,NULL,36),(30,'2013-07-10 00:00:00',1488.20,1,1,10,NULL,37),(31,'2013-07-10 00:00:00',133.00,1,1,10,NULL,38),(32,'2013-03-28 00:00:00',780.82,1,1,5,NULL,40),(33,'2013-04-16 00:00:00',1730.46,1,1,5,NULL,41),(34,'2013-05-20 00:00:00',794.00,1,1,1,NULL,42),(35,'2013-05-22 00:00:00',2400.10,1,1,17,NULL,136),(36,'2013-05-23 00:00:00',356.87,1,1,27,NULL,137),(37,'2013-05-28 00:00:00',262.51,1,1,28,NULL,138),(38,'2013-05-29 00:00:00',1214.16,1,1,9,NULL,139),(39,'2013-06-11 00:00:00',875.53,1,1,10,NULL,140),(40,'2013-06-18 00:00:00',430.30,1,1,14,NULL,141),(41,'2013-06-28 00:00:00',891.00,1,1,1,NULL,142),(42,'2013-08-02 00:00:00',834.60,1,1,19,NULL,154),(43,'2013-07-29 00:00:00',687.91,1,1,27,NULL,153),(44,'2013-08-08 00:00:00',902.68,1,1,10,NULL,161),(45,'2013-08-08 00:00:00',356.20,1,1,27,NULL,162),(46,'2013-08-02 00:00:00',940.00,1,1,31,NULL,163),(47,'2013-08-14 00:00:00',2496.00,1,1,17,NULL,164),(48,'2013-08-20 00:00:00',755.67,1,1,8,NULL,165),(49,'2013-08-13 00:00:00',496.20,1,1,33,NULL,166),(50,'2013-07-04 00:00:00',369.59,1,1,32,NULL,167),(51,'2013-08-14 00:00:00',1405.25,1,1,6,NULL,168),(52,'2013-08-09 00:00:00',610.50,1,1,10,NULL,169),(53,'2013-08-14 00:00:00',1001.80,1,1,23,NULL,170),(54,'2013-08-21 13:33:19',986.00,0,1,1,NULL,182),(55,'2013-08-22 13:46:08',1179.10,0,1,4,NULL,183),(56,'2013-08-26 00:00:00',540.58,0,1,14,NULL,184),(57,'2013-08-29 00:00:00',289.20,0,1,34,NULL,187),(58,'2013-08-08 00:00:00',506.50,1,1,3,NULL,188),(59,'2013-08-26 00:00:00',1018.40,0,1,24,NULL,189),(60,'2013-09-09 00:00:00',929.10,0,1,17,NULL,204),(61,'2013-09-09 00:00:00',371.52,1,1,19,NULL,205),(62,'2013-09-12 00:00:00',1699.44,0,1,10,NULL,206),(63,'2013-09-16 00:00:00',1692.00,0,1,35,NULL,215);
/*!40000 ALTER TABLE `pedido` ENABLE KEYS */;
UNLOCK TABLES;

--
-- Table structure for table `pedidoproduto`
--

DROP TABLE IF EXISTS `pedidoproduto`;
/*!40101 SET @saved_cs_client     = @@character_set_client */;
/*!40101 SET character_set_client = utf8 */;
CREATE TABLE `pedidoproduto` (
  `cd_pedido` int(11) NOT NULL DEFAULT '0',
  `cd_pedidoproduto` int(11) NOT NULL AUTO_INCREMENT,
  `cd_produto` int(11) NOT NULL DEFAULT '0',
  `qtde_produto` int(11) NOT NULL DEFAULT '1',
  `vl_produto` float(6,2) NOT NULL DEFAULT '0.00',
  PRIMARY KEY (`cd_pedidoproduto`) USING BTREE,
  KEY `FK_PEDIDOPRODUTO_PRODUTO` (`cd_produto`),
  KEY `FK_PEDIDOPRODUTO_PEDIDO` (`cd_pedido`),
  CONSTRAINT `FK_PEDIDOPRODUTO_PEDIDO` FOREIGN KEY (`cd_pedido`) REFERENCES `pedido` (`cd_pedido`) ON DELETE NO ACTION ON UPDATE NO ACTION,
  CONSTRAINT `FK_PEDIDOPRODUTO_PRODUTO` FOREIGN KEY (`cd_produto`) REFERENCES `produto` (`cd_produto`) ON DELETE NO ACTION ON UPDATE NO ACTION
) ENGINE=InnoDB AUTO_INCREMENT=616 DEFAULT CHARSET=latin1;
/*!40101 SET character_set_client = @saved_cs_client */;

--
-- Dumping data for table `pedidoproduto`
--

LOCK TABLES `pedidoproduto` WRITE;
/*!40000 ALTER TABLE `pedidoproduto` DISABLE KEYS */;
INSERT INTO `pedidoproduto` VALUES (5,14,907,3,17.00),(5,15,908,3,20.00),(5,16,903,8,8.00),(5,17,900,5,8.00),(5,18,902,5,8.00),(5,19,901,4,8.00),(5,20,898,4,8.00),(5,21,756,10,6.00),(5,22,764,4,6.00),(5,23,773,4,10.00),(5,24,769,1,10.00),(6,25,970,1,29.80),(6,26,969,1,29.80),(6,27,809,4,10.99),(6,28,967,4,19.88),(6,29,971,1,149.80),(6,30,968,1,191.00),(7,31,845,1,26.13),(8,32,79,1,70.24),(8,33,78,3,70.24),(8,34,81,3,70.24),(8,35,740,12,4.50),(8,36,208,3,9.83),(8,37,980,3,9.83),(8,38,206,2,20.46),(8,39,205,2,20.46),(8,40,602,1,22.74),(8,41,601,1,22.74),(8,42,606,1,22.74),(8,43,605,1,22.74),(8,44,604,1,22.74),(9,45,373,400,0.07),(9,46,299,100,0.76),(9,47,379,4,6.72),(9,48,895,6,7.33),(9,49,941,30,0.66),(9,50,943,30,1.93),(9,51,330,6,13.25),(9,52,308,1,21.43),(9,53,674,6,38.17),(9,54,313,96,0.39),(10,55,985,1,25.91),(10,56,984,1,25.91),(10,57,983,1,25.91),(10,58,988,1,25.91),(10,59,987,1,25.91),(10,60,986,1,25.91),(10,61,989,1,27.59),(10,62,391,4,46.88),(10,63,990,1,44.39),(10,64,991,1,94.52),(10,65,992,1,94.52),(10,66,993,2,31.50),(10,67,994,1,39.38),(10,68,995,1,53.33),(10,69,996,1,66.68),(10,70,997,1,142.57),(11,71,1,15,7.00),(11,72,736,10,14.00),(11,73,998,3,28.00),(11,74,999,3,40.00),(11,75,1000,1,22.00),(11,76,1001,1,22.00),(11,77,1003,1,22.00),(11,78,1002,1,22.00),(11,79,1004,6,19.00),(11,80,1005,1,40.00),(12,81,396,36,1.68),(12,82,397,24,2.03),(12,83,489,2,11.83),(12,84,488,2,11.83),(12,85,490,2,11.83),(12,86,550,20,0.26),(12,87,69,30,0.26),(12,88,1006,5,2.62),(12,89,687,1,10.53),(12,90,685,3,10.42),(12,91,686,3,10.53),(12,92,690,1,13.96),(12,93,689,2,13.96),(12,94,688,2,13.96),(12,95,1007,1,33.43),(12,96,203,10,3.21),(12,97,795,3,6.39),(13,98,161,2,25.00),(13,99,162,2,25.00),(13,100,1011,1,9.50),(13,101,189,2,19.50),(13,102,191,1,19.50),(13,103,183,1,21.70),(13,104,184,4,21.70),(13,105,185,3,21.70),(13,106,93,1,15.20),(13,107,161,1,21.00),(13,108,1008,1,15.20),(13,109,1010,1,15.20),(13,110,143,1,15.20),(13,111,142,1,15.20),(13,112,1012,1,25.00),(13,113,644,1,25.00),(13,114,1013,1,25.00),(13,115,651,1,39.00),(13,116,649,1,32.00),(13,117,602,1,23.40),(13,118,606,1,23.40),(13,119,605,2,23.40),(13,120,929,4,5.50),(13,121,928,4,5.50),(13,122,927,4,5.50),(13,123,1014,3,5.50),(13,124,1017,1,6.50),(13,125,1018,1,6.50),(13,126,1019,1,6.50),(13,127,1020,1,6.50),(13,128,1015,1,7.10),(13,129,916,1,7.00),(13,130,1016,1,7.10),(13,131,949,1,9.00),(13,132,527,1,9.00),(14,133,798,6,7.00),(14,134,678,25,12.54),(14,135,1022,6,26.32),(14,136,679,15,15.75),(14,137,1021,6,20.48),(15,138,805,4,11.96),(15,139,585,200,0.08),(15,140,70,40,9.18),(15,141,360,1320,0.49),(15,142,222,10,3.54),(16,143,1023,2,649.00),(16,144,484,2,196.80),(16,145,487,2,184.00),(16,146,401,13,69.80),(16,147,731,5,49.50),(16,148,419,8,18.69),(16,149,967,10,19.88),(17,150,417,3,69.70),(17,151,453,4,27.50),(18,152,113,40,7.65),(18,153,103,10,17.50),(19,154,1024,4,13.25),(19,155,468,5,7.50),(19,156,339,20,10.99),(19,157,340,10,10.99),(19,158,341,20,10.99),(19,159,585,500,0.08),(19,160,683,20,0.91),(19,161,684,15,0.91),(19,162,553,5,11.67),(19,163,315,5,13.47),(19,164,316,5,15.51),(20,165,376,72,3.90),(20,166,377,12,4.85),(21,167,1025,2,43.28),(21,168,300,20,2.25),(21,169,298,250,0.82),(21,170,942,30,1.32),(21,171,944,30,1.89),(21,172,821,500,0.21),(21,173,496,100,0.73),(21,174,722,12,5.67),(21,175,345,300,0.08),(22,176,1028,2,13.75),(22,177,118,12,4.72),(22,178,680,10,0.91),(22,179,681,10,0.91),(22,180,684,10,0.91),(22,181,307,3,4.72),(22,182,399,12,1.41),(22,183,811,2,50.00),(22,184,339,10,12.48),(23,185,99,15,27.00),(23,186,895,4,7.33),(24,187,53,10,0.43),(24,188,104,12,4.57),(24,189,549,20,1.77),(24,190,554,50,1.57),(24,191,1029,200,0.14),(24,192,696,500,0.07),(24,193,304,5,6.37),(24,194,726,10,3.51),(24,195,941,15,0.58),(24,196,539,20,1.77),(24,197,821,200,1.17),(24,198,119,20,0.43),(24,199,49,20,0.51),(24,200,614,1,33.33),(24,201,113,20,7.65),(25,202,1030,10,33.00),(26,203,487,1,184.00),(26,204,481,3,96.50),(26,205,971,1,149.80),(26,206,400,8,82.00),(26,207,752,3,16.94),(27,208,607,4,69.00),(27,209,1034,1,24.00),(27,210,1035,1,32.00),(27,211,688,3,8.80),(27,212,689,3,8.80),(27,213,690,3,8.80),(27,214,686,3,7.50),(28,215,985,1,25.91),(28,216,1055,1,17.62),(28,217,1056,2,11.15),(28,218,1057,2,13.56),(28,219,1058,4,11.47),(28,220,392,8,58.43),(28,221,1054,1,31.82),(28,222,1053,1,31.82),(28,223,1052,1,31.82),(28,224,1036,1,48.41),(28,225,1037,1,48.41),(28,226,1051,1,39.85),(28,227,1050,1,19.56),(28,228,1049,1,29.13),(28,229,1048,1,24.63),(28,230,1047,1,21.30),(28,231,1046,1,23.13),(28,232,1045,1,144.78),(28,233,1038,1,31.13),(28,234,1039,1,31.13),(28,235,1040,1,31.13),(28,236,1041,1,48.31),(28,237,1042,1,48.31),(28,238,1043,1,48.31),(28,239,1044,4,29.26),(28,240,983,1,25.91),(29,241,710,2,50.62),(29,242,709,2,50.62),(29,243,708,1,50.62),(29,244,978,2,44.48),(29,245,707,2,44.48),(29,246,705,2,44.48),(29,247,716,3,91.19),(29,248,715,1,91.19),(29,249,718,1,108.37),(29,250,712,1,121.23),(30,251,369,700,0.05),(30,252,222,40,5.94),(30,253,824,750,0.27),(30,254,53,150,0.39),(30,255,805,4,11.96),(30,256,1059,4,2.88),(30,257,682,45,0.97),(30,258,723,20,5.69),(30,259,340,20,13.04),(30,260,218,10,9.50),(30,261,105,12,1.45),(30,262,106,12,2.32),(30,263,409,6,38.15),(30,264,301,400,0.04),(30,265,316,5,15.25),(30,266,310,60,0.26),(31,267,1060,5,26.60),(32,268,715,4,81.72),(32,269,714,3,81.73),(32,270,718,1,97.13),(32,271,707,2,33.57),(32,272,978,1,44.48),(33,273,1063,4,98.40),(33,274,1062,2,98.40),(33,275,1061,1,98.40),(33,276,1064,1,116.15),(33,277,1065,1,116.15),(33,278,1066,1,116.15),(33,279,719,2,108.37),(33,280,718,1,108.37),(33,281,978,2,44.48),(33,282,707,1,44.48),(33,283,1068,1,66.71),(33,284,1069,1,66.71),(33,285,710,1,50.62),(33,286,709,1,50.62),(34,287,75,10,15.00),(34,288,268,4,7.00),(34,289,270,10,7.00),(34,290,570,3,12.00),(34,291,850,3,40.00),(34,292,848,2,40.00),(34,293,932,4,13.00),(34,294,92,1,21.00),(34,295,127,1,21.00),(34,296,132,1,21.00),(34,297,133,1,21.00),(34,298,138,1,21.00),(34,299,141,1,21.00),(34,300,961,2,11.00),(34,301,962,2,11.00),(34,302,963,2,11.00),(34,303,208,2,11.00),(34,304,966,2,11.00),(34,305,965,2,11.00),(35,306,23,7,23.60),(35,307,21,4,23.60),(35,308,22,4,23.60),(35,309,232,4,28.00),(35,310,231,4,28.00),(35,311,541,4,37.40),(35,312,542,2,37.40),(35,313,543,2,37.40),(35,314,544,1,37.40),(35,315,35,4,49.90),(35,316,34,3,49.90),(35,317,33,2,49.90),(35,318,31,5,67.90),(35,319,30,5,67.90),(35,320,29,1,67.90),(35,321,131,3,9.50),(35,322,89,3,9.50),(35,323,87,2,17.90),(35,324,130,3,17.90),(35,325,652,3,31.00),(35,326,653,1,31.00),(35,327,667,1,19.00),(36,328,52,20,0.59),(36,329,554,2,2.13),(36,330,955,12,11.93),(36,331,956,1,18.42),(36,332,957,1,22.80),(36,333,722,5,8.86),(36,334,723,1,8.86),(36,335,703,1,6.04),(36,336,958,3,10.51),(36,337,837,10,0.36),(36,338,1085,10,0.37),(36,339,959,20,1.20),(36,340,960,1,34.40),(37,341,951,2,35.40),(37,342,954,1,158.40),(37,343,952,6,4.72),(37,344,953,1,4.99),(38,345,30,1,83.34),(38,346,33,1,62.14),(38,347,29,1,83.34),(38,348,31,1,83.34),(38,349,35,1,62.14),(38,350,206,6,20.46),(38,351,416,35,7.93),(38,352,276,2,32.69),(38,353,275,3,32.69),(38,354,273,2,32.69),(38,355,79,3,70.24),(39,356,52,50,0.65),(39,357,53,50,0.39),(39,358,101,12,2.62),(39,359,726,12,5.24),(39,360,728,12,2.62),(39,361,727,12,5.24),(39,362,947,20,2.82),(39,363,118,25,4.72),(39,364,117,22,2.78),(39,365,753,16,1.50),(39,366,219,20,0.68),(39,367,220,20,0.82),(39,368,203,15,2.55),(39,369,197,24,3.57),(39,370,194,24,4.98),(39,371,551,12,8.49),(40,372,113,30,8.51),(40,373,103,10,17.50),(41,374,99,5,27.00),(41,375,999,2,40.00),(41,376,73,12,15.00),(41,377,74,4,15.00),(41,378,1032,2,27.00),(41,379,1031,2,27.00),(41,380,510,8,10.00),(41,381,933,5,15.00),(41,382,932,4,13.00),(41,383,961,2,11.00),(41,384,962,2,11.00),(41,385,963,2,11.00),(41,386,964,2,11.00),(41,387,965,2,11.00),(41,388,966,1,11.00),(42,389,377,36,6.00),(42,390,841,48,2.60),(42,391,842,48,2.65),(42,392,843,24,2.60),(42,393,1115,12,3.80),(42,394,1116,12,2.90),(42,395,511,12,8.70),(42,396,512,6,11.90),(42,397,1117,3,16.00),(43,398,397,12,2.19),(43,399,399,12,1.75),(43,400,674,3,45.08),(43,401,1123,1,73.20),(43,402,1124,8,15.01),(43,403,1125,22,3.96),(43,404,1126,4,13.91),(43,405,1127,2,19.37),(43,406,1128,2,19.37),(43,407,1129,1,19.37),(43,408,1135,3,14.50),(43,409,1136,2,14.50),(44,410,298,300,0.76),(44,411,299,200,0.76),(44,412,837,20,0.37),(44,413,1085,20,0.37),(44,414,119,40,0.41),(44,415,1024,6,14.38),(44,416,467,6,8.75),(44,417,468,10,8.13),(44,418,45,200,0.15),(44,419,674,5,42.56),(44,420,226,20,0.88),(44,421,225,20,0.55),(45,422,1123,2,73.20),(45,423,328,6,3.80),(45,424,344,150,0.64),(45,425,343,100,0.85),(45,426,1078,100,0.06),(46,427,443,3,22.00),(46,428,444,4,22.00),(46,429,432,4,22.00),(46,430,431,2,22.00),(46,431,1138,2,22.00),(46,432,1139,3,22.00),(46,433,1140,2,22.00),(46,434,1141,2,22.00),(46,435,440,1,24.00),(46,436,439,3,24.00),(46,437,438,3,24.00),(46,438,442,1,24.00),(46,439,430,1,22.00),(46,440,429,2,22.00),(46,441,428,2,22.00),(46,442,1137,1,22.00),(46,443,1142,1,22.00),(46,444,1143,2,22.00),(46,445,1144,2,22.00),(46,446,1145,1,22.00),(47,447,525,3,12.00),(47,448,526,4,12.00),(47,449,527,4,12.00),(47,450,949,3,12.00),(47,451,190,2,23.00),(47,452,191,2,23.00),(47,453,189,6,23.00),(47,454,188,2,23.00),(47,455,185,6,21.00),(47,456,186,6,21.00),(47,457,184,6,21.00),(47,458,181,4,25.00),(47,459,182,4,25.00),(47,460,180,5,25.00),(47,461,179,2,25.00),(47,462,1077,5,28.00),(47,463,1074,5,28.00),(47,464,1076,6,28.00),(47,465,1075,5,28.00),(47,466,1146,1,41.00),(47,467,1147,1,46.00),(47,468,1148,1,48.00),(47,469,232,2,30.00),(47,470,131,2,12.00),(47,471,89,2,12.00),(47,472,128,5,12.00),(47,473,90,4,12.00),(47,474,140,4,12.00),(47,475,145,3,12.00),(47,476,137,6,12.00),(47,477,134,4,12.00),(47,478,206,4,19.50),(47,479,207,4,19.50),(48,480,1149,100,0.59),(48,481,49,200,0.53),(48,482,48,300,0.53),(48,483,50,200,0.53),(48,484,52,50,0.59),(48,485,345,500,0.12),(48,486,682,100,1.16),(48,487,680,50,0.86),(48,488,681,50,0.86),(48,489,812,3,11.39),(49,490,79,2,82.70),(49,491,78,2,82.70),(49,492,81,2,82.70),(50,493,1073,1,93.45),(50,494,1088,8,7.48),(50,495,1086,1,85.05),(50,496,1087,1,131.25),(51,497,645,2,23.25),(51,498,667,2,17.50),(51,499,666,3,17.50),(51,500,665,2,17.50),(51,501,241,3,22.00),(51,502,239,2,22.00),(51,503,238,4,19.00),(51,504,237,4,19.00),(51,505,235,4,19.00),(51,506,236,2,19.00),(51,507,246,3,19.00),(51,508,245,3,19.00),(51,509,243,3,19.00),(51,510,244,3,19.00),(51,511,247,3,23.00),(51,512,248,2,23.00),(51,513,258,2,23.00),(51,514,257,2,23.00),(51,515,256,1,23.00),(51,516,254,2,24.00),(51,517,253,2,24.00),(51,518,251,2,24.00),(51,519,252,1,24.00),(51,520,268,1,9.25),(51,521,269,2,9.25),(51,522,270,2,9.25),(51,523,20,15,9.00),(51,524,272,2,26.50),(52,525,221,500,0.90),(52,526,345,1000,0.12),(52,527,47,50,0.81),(53,528,315,16,11.74),(53,529,424,20,2.07),(53,530,423,20,1.21),(53,531,520,29,4.14),(53,532,521,9,4.14),(53,533,626,36,1.66),(53,534,316,16,13.32),(53,535,108,24,6.02),(53,536,100,12,6.65),(53,537,726,24,3.12),(53,538,351,20,0.95),(54,539,1152,2,19.00),(54,540,577,3,19.00),(54,541,578,2,19.00),(54,542,998,2,28.00),(54,543,999,4,40.00),(54,544,99,5,27.00),(54,545,112,3,55.00),(54,546,75,4,15.00),(54,547,74,1,15.00),(54,548,73,4,15.00),(54,549,1,8,7.00),(54,550,930,2,13.00),(54,551,850,1,40.00),(54,552,848,1,40.00),(54,553,849,1,40.00),(55,554,487,2,184.00),(55,555,971,2,149.80),(55,556,481,5,96.50),(55,557,455,2,14.50),(56,558,1153,50,4.08),(56,559,1154,5,12.88),(56,560,1155,10,5.12),(56,561,1156,1,55.98),(56,562,103,10,16.50),(57,563,1158,48,2.41),(57,564,1157,72,2.41),(58,565,390,12,9.99),(58,566,388,12,9.99),(58,567,387,6,11.49),(58,568,1159,2,15.99),(58,569,590,12,7.99),(58,570,1160,1,19.99),(58,571,389,5,9.99),(59,572,407,5,98.04),(59,573,1161,5,83.80),(59,574,1162,10,10.92),(60,575,23,4,25.00),(60,576,21,5,25.00),(60,577,886,2,30.00),(60,578,887,2,30.00),(60,579,888,1,31.80),(60,580,889,1,31.80),(60,581,90,4,12.00),(60,582,130,5,13.50),(60,583,87,3,13.50),(60,584,129,7,13.50),(60,585,91,7,13.50),(60,586,139,2,13.50),(60,587,144,3,13.50),(60,588,136,5,13.50),(60,589,135,3,13.50),(61,590,376,60,3.40),(61,591,377,12,4.90),(61,592,364,24,2.50),(61,593,1115,12,4.06),(62,594,370,500,0.05),(62,595,372,500,0.05),(62,596,982,200,0.10),(62,597,298,200,0.76),(62,598,300,12,2.05),(62,599,597,6,4.10),(62,600,461,12,19.49),(62,601,460,12,17.88),(62,602,321,6,3.15),(62,603,320,20,3.15),(62,604,318,6,3.15),(62,605,366,100,0.07),(62,606,368,100,0.10),(62,607,945,60,2.85),(62,608,548,20,9.46),(62,609,946,60,3.24),(62,610,330,6,13.25),(62,611,811,2,38.45),(62,612,549,50,3.02),(63,613,339,50,11.28),(63,614,340,60,11.28),(63,615,341,40,11.28);
/*!40000 ALTER TABLE `pedidoproduto` ENABLE KEYS */;
UNLOCK TABLES;

--
-- Table structure for table `pessoa`
--

DROP TABLE IF EXISTS `pessoa`;
/*!40101 SET @saved_cs_client     = @@character_set_client */;
/*!40101 SET character_set_client = utf8 */;
CREATE TABLE `pessoa` (
  `cd_pessoa` int(6) NOT NULL AUTO_INCREMENT,
  `nm_pessoa` varchar(60) DEFAULT NULL,
  `RG` varchar(20) DEFAULT NULL,
  `CPF` varchar(20) DEFAULT NULL,
  `data_nascimento` date DEFAULT NULL,
  `sexo` varchar(2) DEFAULT NULL,
  `nm_endereco` varchar(100) DEFAULT NULL,
  `numero_endereco` varchar(20) DEFAULT NULL,
  `bairro` varchar(100) DEFAULT NULL,
  `complemento` varchar(100) DEFAULT NULL,
  `CEP` varchar(20) DEFAULT NULL,
  `cd_cidade` int(6) DEFAULT NULL,
  `cd_estado_civil` int(7) DEFAULT NULL,
  `telefone_fixo1` varchar(20) DEFAULT NULL,
  `telefone_fixo2` varchar(20) DEFAULT NULL,
  `telefone_celular1` varchar(20) DEFAULT NULL,
  `telefone_celular2` varchar(20) DEFAULT NULL,
  `email` varchar(100) DEFAULT NULL,
  PRIMARY KEY (`cd_pessoa`),
  KEY `pessoa_ibfk_1` (`cd_estado_civil`),
  KEY `pessoa_ibfk_2` (`cd_cidade`),
  CONSTRAINT `pessoa_ibfk_1` FOREIGN KEY (`cd_estado_civil`) REFERENCES `estadocivil` (`cd_estado_civil`) ON DELETE SET NULL ON UPDATE SET NULL,
  CONSTRAINT `pessoa_ibfk_2` FOREIGN KEY (`cd_cidade`) REFERENCES `cidade` (`cd_cidade`) ON DELETE NO ACTION ON UPDATE NO ACTION
) ENGINE=InnoDB AUTO_INCREMENT=5 DEFAULT CHARSET=latin1;
/*!40101 SET character_set_client = @saved_cs_client */;

--
-- Dumping data for table `pessoa`
--

LOCK TABLES `pessoa` WRITE;
/*!40000 ALTER TABLE `pessoa` DISABLE KEYS */;
INSERT INTO `pessoa` VALUES (1,'Administrador','443726255','23454736252','1986-10-01','M','Endereço Teste','123','Jussara','Nenhum','112928272',79,1,'121232123','12312314','12413434','43413413','Adml@gmail.com'),(2,'Consumidor','123456','12345678','2013-05-17','M','ksmpein','11','df\'','11\'','45566878',79,1,'34657','3246','2335','2435','dfvfthrth'),(3,'Centro Médico de Itanhaém','8888899000998','00988789099','2013-07-18','M','kkijijijiji','888','centro','8888','11740-000',4960,1,'13 3426 2151','444444','44444','44444','444444'),(4,'LaborCentro','493059309','0909090','2013-07-18','M','komoijoi','0000','kjnkjn','00000','11740-000',4960,1,'13 3426 3430','33333','333333','333333','33333');
/*!40000 ALTER TABLE `pessoa` ENABLE KEYS */;
UNLOCK TABLES;
/*!50003 SET @saved_cs_client      = @@character_set_client */ ;
/*!50003 SET @saved_cs_results     = @@character_set_results */ ;
/*!50003 SET @saved_col_connection = @@collation_connection */ ;
/*!50003 SET character_set_client  = utf8 */ ;
/*!50003 SET character_set_results = utf8 */ ;
/*!50003 SET collation_connection  = utf8_general_ci */ ;
/*!50003 SET @saved_sql_mode       = @@sql_mode */ ;
/*!50003 SET sql_mode              = 'STRICT_TRANS_TABLES,STRICT_ALL_TABLES,NO_ZERO_IN_DATE,NO_ZERO_DATE,ALLOW_INVALID_DATES,ERROR_FOR_DIVISION_BY_ZERO,TRADITIONAL,NO_AUTO_CREATE_USER,NO_ENGINE_SUBSTITUTION' */ ;
DELIMITER ;;
/*!50003 CREATE*/ /*!50017 DEFINER=`root`@`localhost`*/ /*!50003 TRIGGER `insertClientePessoa` AFTER INSERT ON `pessoa` FOR EACH ROW BEGIN
insert into cliente(data_cadastro, cd_pessoa) values (curDate(),NEW.cd_pessoa);
END */;;
DELIMITER ;
/*!50003 SET sql_mode              = @saved_sql_mode */ ;
/*!50003 SET character_set_client  = @saved_cs_client */ ;
/*!50003 SET character_set_results = @saved_cs_results */ ;
/*!50003 SET collation_connection  = @saved_col_connection */ ;
/*!50003 SET @saved_cs_client      = @@character_set_client */ ;
/*!50003 SET @saved_cs_results     = @@character_set_results */ ;
/*!50003 SET @saved_col_connection = @@collation_connection */ ;
/*!50003 SET character_set_client  = utf8 */ ;
/*!50003 SET character_set_results = utf8 */ ;
/*!50003 SET collation_connection  = utf8_general_ci */ ;
/*!50003 SET @saved_sql_mode       = @@sql_mode */ ;
/*!50003 SET sql_mode              = 'STRICT_TRANS_TABLES,STRICT_ALL_TABLES,NO_ZERO_IN_DATE,NO_ZERO_DATE,ALLOW_INVALID_DATES,ERROR_FOR_DIVISION_BY_ZERO,TRADITIONAL,NO_AUTO_CREATE_USER,NO_ENGINE_SUBSTITUTION' */ ;
DELIMITER ;;
/*!50003 CREATE*/ /*!50017 DEFINER=`root`@`localhost`*/ /*!50003 TRIGGER `deleteLoginUsuarioPessoa` AFTER DELETE ON `pessoa` FOR EACH ROW BEGIN
DELETE FROM login where cd_usuario is null;
END */;;
DELIMITER ;
/*!50003 SET sql_mode              = @saved_sql_mode */ ;
/*!50003 SET character_set_client  = @saved_cs_client */ ;
/*!50003 SET character_set_results = @saved_cs_results */ ;
/*!50003 SET collation_connection  = @saved_col_connection */ ;

--
-- Table structure for table `produto`
--

DROP TABLE IF EXISTS `produto`;
/*!40101 SET @saved_cs_client     = @@character_set_client */;
/*!40101 SET character_set_client = utf8 */;
CREATE TABLE `produto` (
  `cd_produto` int(7) NOT NULL AUTO_INCREMENT,
  `nome` varchar(60) NOT NULL,
  `descricao` varchar(100) DEFAULT NULL,
  `marca` varchar(20) DEFAULT NULL,
  `cor` varchar(20) DEFAULT NULL,
  `codigo_barras` varchar(60) DEFAULT NULL,
  `valor_compra` float(6,2) DEFAULT NULL,
  `valor_venda` float(6,2) DEFAULT NULL,
  `qtde_estoque` int(7) DEFAULT NULL,
  `cd_farmaceutico` varchar(50) NOT NULL DEFAULT '',
  `valor_venda_atacado` float(6,2) DEFAULT NULL,
  `tamanho` varchar(8) DEFAULT NULL,
  PRIMARY KEY (`cd_produto`),
  UNIQUE KEY `idx_codigo_farmaceutico` (`cd_farmaceutico`)
) ENGINE=InnoDB AUTO_INCREMENT=1166 DEFAULT CHARSET=latin1;
/*!40101 SET character_set_client = @saved_cs_client */;

--
-- Dumping data for table `produto`
--

LOCK TABLES `produto` WRITE;
/*!40000 ALTER TABLE `produto` DISABLE KEYS */;
INSERT INTO `produto` VALUES (1,'Munhequeira Neoprene','Tamanho único','Take Care','preta','00000000000',7.00,15.00,16,'NO 123',15.00,'PP'),(5,'Colchão d´água Caixa de ovo ','oooooo','perfect','azul','000000',64.99,150.00,0,'CS 0036',150.00,'PP'),(6,'Colchão d´água Tubular Hospitalar','ooooo','perfect','azul','0000',66.99,150.00,1,'CS 0033',150.00,'PP'),(7,'Cadeira Rodas Free Metalico','OOOOO','JAGUARIBE','--','0000',463.00,960.00,1,'MV 1724',950.00,'PP'),(20,'Faixa Elástica','OOOOO','MARIMAR','BEGE','000000',9.00,20.00,16,'FP814',18.00,'PP'),(21,'Faixa Elást.Abdominal 25cm M','000000','Marimar','bege','00000',25.00,60.00,6,'FP 209M',55.00,'M'),(22,'Faixa Elást.Abdominal 25cm P','oooooo','Marimar','bege','00000',23.60,55.00,0,'FP 209P',48.00,'P'),(23,'Faixa Elást. Abdominal 25cm G','OOOOO','Marimar','BEGE','00000',25.00,60.00,2,'FP 209G',55.00,'G'),(24,'Faixa Elást.Abdominal 25cm GG','ooooooo','Marimar','bege','0000',20.00,55.00,0,'FP 209GG',36.36,'GG'),(29,'Colete Putti Elástico P','ooooooo','Marimar','bege','000000',83.34,170.00,2,'FP 905P',136.00,'P'),(30,'Colete Putti Elástico M','oooooo','Marimar','bege','00000',83.34,170.00,3,'FP 905M',136.00,'M'),(31,'Colete Putti Elástico G','ooooo','Marimar','BEGE','00000',83.34,170.00,5,'FP 905G',136.00,'G'),(32,'Colete Putti Elástico GG','oooooo','Marimar','bege','00000',76.25,150.00,2,'FP 905GG',138.64,'GG'),(33,'Colete Putti Lombosacro P','oooooo','Marimar','bege','00000',62.14,130.00,3,'FP 906P',112.00,'P'),(34,'Colete Putti Lombosacro M','ooooo','Marimar','BEGE','00000',49.90,130.00,3,'FP 906M',112.00,'M'),(35,'Colete Putti Lombosacro G','oooooo','Marimar','BEGE','00000',62.14,130.00,5,'FP 906G',112.00,'G'),(36,'Colete Putti Lombosacro GG','ooooo','Marimar','bege','00000',62.50,130.00,1,'FP 906GG',113.64,'GG'),(41,'Muleta Axilar Madeira P','oooooooooo','Carci','--','00000',35.00,80.00,4,'PR 0004',63.64,'P'),(42,'Muleta Axilar Madeira M','OOOO','Carci','--','0000',35.00,90.00,3,'PR 0001',63.64,'M'),(43,'Muleta Axilar Madeira G ','oooooo','Carci','--','00000',35.00,90.00,0,'PR 0003',63.64,'G'),(45,'Lâmina Bisturi N23','OOOO','Cirurgica Fernandes','--','0000',0.15,0.50,152,'CS0230',0.50,'PP'),(46,'Lâmina Bisturi N15','ooooo','Cirurgica Fernandes','--','0000',0.15,0.50,129,'CS0229',0.27,'PP'),(47,'Cateter Tipo óculos','ooooooo','X','--','0000',0.81,1.80,57,'CS 0022',1.50,'PP'),(48,'Cateter IV N18','ooooo','X','--','0000',0.53,1.50,278,'CS 0447',1.00,'PP'),(49,'Cateter IV N16','00000','Solidor','--','00000',0.53,1.50,199,'CS 0448',1.00,'PP'),(50,'Cateter IV N22','ooooo','Solidor','--','0000',0.53,1.50,174,'CS 0456',1.00,'PP'),(51,'Cateter IV N20','oooo','MediCateter','--','0000',0.46,1.50,72,'CS 0446',1.50,'PP'),(52,'Cateter IV N24','ooooo','Solidor','--','0000',0.59,1.50,99,'CS 0457',1.20,'PP'),(53,'Sonda Uretral N10','OOOOO','Cirurgica Fernandes','--','000',0.39,1.00,170,'CS0207',1.00,'PP'),(54,'Sonda Uretral N20','OOOO','Cirurgica Fernandes','--','000',0.60,1.00,19,'CS0113',1.09,'PP'),(55,'Sonda Uretral N8','ooooo','Cirurgica Fernandes','--','00000',0.32,1.00,2,'CS0166',0.58,'PP'),(58,'Atadura Crepe 20cm ','OOOOO','Polarfix','--','0000',6.70,1.20,36,'CS 0118',1.10,'PP'),(59,'Atadura Rayon','OOOO','Polarfix','--','0000',2.20,6.00,23,'CS 0091',6.00,'PP'),(60,'Atadura Morim 8cm','OOOO','x','--','0000',0.35,1.30,32,'CS 0438',0.64,'PP'),(62,'Cloreixidine Aquoso Almotolia','OOOOOO','X','--','0000',1.70,4.00,0,'CS 0294',3.09,'PP'),(64,'Ponteira para Andador','OOOOO','X','PRETO','00000',2.49,5.00,14,'CS 0325',4.53,'PP'),(65,'Ponteira para Bengala','ooooo','x','--','00000',1.00,2.50,6,'CS0315',1.82,'PP'),(66,'Ponteira para Muleta Madeira','OOOOO','X','--','00000',2.50,5.00,0,'CS0316',4.55,'PP'),(67,'Ponteira 7/8 para Muleta Aluminio Grossa ','OOOO','X','--','00000',2.00,4.00,5,'CS0318',3.64,'PP'),(68,'Ponteira Muleta Canadense Fina 3/4','oooooooo','x','--','00000',2.00,4.00,7,'CS0317',3.64,'PP'),(69,'Coletor Urina Infantil Feminino','OOOO','X','--','0000',0.26,0.60,21,'CS 0132',0.50,'PP'),(70,'Bolsa Colostomia Recort c/Placa','00000','X','--','0000',9.18,20.00,27,'CV0882',17.33,'PP'),(71,'Colchão Caixa de Ovos 4cm','OOOOO','X','--','00000',24.00,50.00,7,'CS 0304',45.00,'PP'),(72,'Colchão Caixa de Ovos 6cm','ooooo','x','--','0000',39.00,75.00,5,'CS 0073',70.91,'PP'),(73,'Joelheira Curta c/ Sup. Rotula M','OOOO','X','--','0000',15.00,30.00,12,'PA 702M',23.64,'M'),(74,'Joelheira Curta c/ Sup. Rotula P','OOOOO','X','--','0000',15.00,30.00,7,'PA 702P',23.64,'PP'),(75,'Joelheira Curta c/ Sup. Rotula G','ooooo','x','--','0000',15.00,30.00,12,'PA 702G',23.64,'G'),(76,'Joelheira Curta c/ Sup. Rotula GG','oooo','x','--','0000',13.00,30.00,10,'PA 702GG',23.64,'GG'),(77,'Joelheira Curta c/ Sup. Rotula PP','oooo','x','--','0000',13.00,30.00,1,'PA 702PP',23.64,'PP'),(78,'Bota Imobilizadora Torn. Sples M','ooooo','x','---','000',82.70,170.00,1,'FP 612M',170.00,'M'),(79,'Bota Imobilizadora Torn. Sples P','ooooo','x','--','0000',82.70,170.00,3,'FP 612P',170.00,'P'),(80,'Bota Imobilizadora Torn. Sples PP','oooo','x','--','0000',48.00,140.00,0,'FP 612PP',87.27,'PP'),(81,'Bota Imobilizadora Torn. Sples G','ooooo','x','--','0000',82.70,170.00,3,'FP 612G',150.00,'G'),(82,'Bota Imobilizadora Torn. Sples GG','oooo','x','--','0000',48.00,140.00,4,'FP 612GG',87.27,'GG'),(83,'Munhequeira c/ Apoio Polegar P','ooooo','x','--','0000',13.00,26.00,0,'FP 2405P',26.00,'P'),(84,'Munhequeira com Apoio Polegar M','oooooo','Marimar','--','00000',13.00,30.00,1,'FP 2405M',26.00,'M'),(85,'Munhequeira c/ Apoio Polegar G','ooooo','x','--','00000',13.00,30.00,2,'FP 2405G',26.00,'G'),(86,'Munhequeira c/ Apoio Polegar GG','OOOO','X','--','00000',13.00,30.00,2,'CH 01GG',26.00,'GG'),(87,'Tala Lona Direito GG','oooooooo','x','--','0000',13.50,28.00,5,'GL 4257DGG',27.00,'GG'),(88,'Tala Neoprene Direito GG','ooooo','x','--','00000',21.00,42.00,1,'FP 2410DGG',42.00,'GG'),(89,'Tala Bidin Direito GG','ooooo','x','--','0000',12.00,24.00,4,'GL 4249DGG',24.00,'GG'),(90,'Tala Bidin Direito P','oooo','x','--','000',12.00,25.00,7,'GL 4249DP',24.00,'P'),(91,'Tala Lona Direito P','ooooo','x','--','0000',13.50,28.00,7,'GL 4257DP',27.00,'P'),(92,'Tala Neoprene Direito P','OOOOO','X','--','00000',21.00,42.00,2,'FP 2410DP',42.00,'P'),(93,'Tala Elástica p/ Punho Direito P','ooooo','x','--','0000',15.20,35.00,2,'GL 360DP',30.00,'P'),(94,'Sandália p/ Gesso G','OOOOOO','X','--','00000',16.00,30.00,1,'FP 606G',29.09,'G'),(95,'Sandália p/ Gesso GG','ooooo','x','--','oooo',16.00,30.00,2,'FP 606GG',29.09,'GG'),(96,'Sandália p/ Gesso M','ooooo','x','--','0000',16.00,30.00,1,'FP 606M',29.09,'M'),(97,'Sandália p/ Gesso P','oooooo','X','--','00000',16.00,30.00,0,'FP 606P',29.09,'P'),(98,'Sandália p/ Gesso Infantil','OOOOO','X','--','00000',9.00,30.00,2,'FP 606PP',16.36,'PP'),(99,'Joelheira Ajustável Neoprene','OOOOO','X','--','0000',27.00,55.00,7,'NO 412',36.36,'M'),(100,'Micropore 10x10','oooo','x','--','0000',6.65,14.00,12,'CS 1010',14.00,'PP'),(101,'Micropore 2,5x10','oooo','x','--','0000',2.62,5.50,12,'CS 0016',3.64,'PP'),(102,'Curativo Hidrofilm 10x15','oooooo','X','--','0000',7.40,15.00,1,'CV 0909',13.45,'PP'),(103,'Curativo Hidrocoll 15x15','00000','x','--','0000',16.50,40.00,4,'CV 0891',35.00,'PP'),(104,'Esparadrapo 10x4,5','ooooo','x','--','0000',4.57,12.00,4,'CS 0015',7.36,'PP'),(105,'Esparadrapo 2,5x4,5','oooo','x','--','0000',1.45,3.50,6,'CS 0463',2.45,'PP'),(106,'Esparadrapo 5x4,5','ooooo','x','--','0000',2.32,5.00,12,'CS 0460',4.36,'PP'),(108,'Dersani 200ml','ooooo','x','--','00000',6.02,15.00,30,'CS 0025',15.00,'PP'),(109,'Joelheira Articulada Neopr G','ooooo','x','--','0000',44.00,130.00,2,'GL 474G',80.00,'G'),(110,'Joelheira Articulada Neopr GG','ooooo','x','--','0000',60.00,130.00,3,'GL 474GG',109.09,'GG'),(111,'Joelheira Articulada Neopr P','ooooo','x','--','00000',20.00,130.00,3,'GL 474P',36.36,'P'),(112,'Joelheira Articulada Neopr M','ooooo','x','--','0000',55.00,130.00,4,'GL 474M',100.00,'M'),(113,'Curativo Duoderm Fino 10x10','oooooo','x','--','000',8.51,17.00,5,'CV 0804',17.00,'PP'),(114,'Equipo p/ Dieta','oooooo','x','--','0000',0.86,1.80,98,'CS 0045',1.80,'PP'),(115,'Bengala Bastão','ooooo','x','--','0000',9.00,30.00,6,'PR 0002',16.36,'PP'),(116,'Curativo Duoderm CGF 10X10','OOOOO','X','--','0000',12.60,40.00,18,'CV 0801',35.00,'PP'),(117,'Pera p/ Ap. Pressão','OOOOO','X','--','00000',2.78,6.00,20,'CS 0334',5.18,'PP'),(118,'Manguito Adulto','OOOOO','X','--','00000',4.72,10.00,18,'CS 0323',9.09,'PP'),(119,'Sonda Uretral N12','OOOOO','X','--','0000',0.41,1.00,9,'CS 0208',0.67,'PP'),(120,'Sonda Folley N18','OOOOO','X','--','0000',2.26,5.00,20,'CS 0215',4.11,'PP'),(121,'Sonda Folley N24','OOOOO','X','--','00000',0.70,5.00,2,'CS 0224',1.27,'PP'),(122,'Sonda Folley N12','OOOO','X','--','--',1.40,5.00,6,'CS 0449',2.55,'PP'),(123,'Sonda Folley N14','OOOO','X','--','0000',2.24,5.00,5,'CS 0217',4.07,'PP'),(124,'Sonda Folley N16','00000','X','--','0000',2.40,5.00,16,'CS 0214',4.36,'PP'),(125,'Sonda Folley N20','OOOOO','X','--','0000',0.48,5.00,9,'CS 0220',0.87,'PP'),(126,'Sonda Folley N22','0000','X','--','0000',2.25,5.00,5,'CS 0222',4.09,'PP'),(127,'Tala Neoprene Direito M','OOOOO','X','--','0000',21.00,42.00,5,'FP 2410DM',38.18,'M'),(128,'Tala Bidin Direito M','OOOOO','X','--','0000',12.00,24.00,5,'GL 4249DM',24.00,'M'),(129,'Tala Lona Direito M','OOOO','X','--','0000',13.50,28.00,8,'GL 4257DM',27.00,'M'),(130,'Tala Lona Direito G','OOOO','X','--','0000',13.50,28.00,8,'GL 4257DG',26.00,'G'),(131,'Tala Bidin Direito G','OOOOO','X','--','0000',12.00,24.00,5,'GL 4249DG',24.00,'G'),(132,'Tala Neoprene Direito G','OOOO','X','--','0000',21.00,42.00,4,'FP 2410DG',38.18,'G'),(133,'Tala Neoprene Esquerdo P','OOOOO','X','--','0000',21.00,42.00,3,'FP 2410EP',38.18,'P'),(134,'Tala Bidin Esquerdo P','OOOOO','X','--','0000',12.00,24.00,4,'GL 4249EP',24.00,'P'),(135,'Tala Lona Esquerdo P','OOOOO','X','--','0000',13.50,28.00,5,'GL 4257EP',27.00,'P'),(136,'Tala Lona Esquerdo M','OOOOO','X','--','000',13.50,28.00,6,'GL 4257EM',27.00,'M'),(137,'Tala Bidin Esquerdo M','OOOO','X','--','00000',12.00,24.00,4,'GL 4249EM',24.00,'M'),(138,'Tala Neoprene Esquerdo M','OOOOO','X','--','0000',21.00,42.00,6,'FP 2410EM',30.98,'M'),(139,'Tala Lona Esquerdo G','OOOOO','X','---','00000',13.50,28.00,4,'GL 4257EG',27.00,'G'),(140,'Tala Bidin Esquerdo G','OOOOO','X','--','0000',12.00,24.00,6,'GL 4249EG',24.00,'G'),(141,'Tala Neoprene Esquero G','OOOOO','X','--','0000',21.00,42.00,0,'FP 2410EG',36.36,'G'),(142,'Tala Elástica p/ punho Esquerdo G','OOOOO','X','--','0000',15.20,35.00,2,'GL 360EG',30.00,'G'),(143,'Tala Elástica p/ Punho Esquerdo M','OOOO','X','---','00000',15.20,35.00,1,'GL 360EM',30.00,'M'),(144,'Tala Lona Esquerdo GG','OOOOO','X','--','0000',13.50,28.00,4,'GL 4257EGG',27.00,'GG'),(145,'Tala Bidin Esquerdo GG','OOOOO','X','--','00000',12.00,24.00,6,'GL 4249EGG',24.00,'GG'),(146,'Tala Neoprene Esquerdo GG','OOOO','X','---','0000',20.00,42.00,3,'FP 2410EGG',36.36,'GG'),(147,'Tala Lona Longa  Direito G','OOOOO','X','----','0000',20.00,42.00,5,'GL 4287DG',36.36,'G'),(148,'Tala Lona Longa Direito M','OOOOOO','X','--','00000',11.00,42.00,3,'GL 4287DM',20.00,'M'),(149,'Tala Lona Longa Direito P','OOOOO','X','--','0000',11.00,42.00,1,'GL 4287DP',20.00,'P'),(150,'Tala Lona Longa Esquero P','OOOO','X','--','0000',12.00,42.00,4,'GL 4287EP',21.82,'P'),(151,'Tala Lona Longa Esquerdo M','OOOO','X','--','0000',12.00,42.00,2,'GL 4287EM',21.82,'M'),(152,'Tala Lona Longa Esquerdo G','OOO','X','--','000',20.00,42.00,2,'GL 4287EG',36.36,'G'),(153,'Tala Ampla Bilateral P','ooo','x','--','000',32.50,65.00,1,'FP 2426P',59.09,'P'),(154,'Tala Ampla Bilateral M','OOOO','X','--','0000',32.50,65.00,0,'FP 2426M',59.09,'M'),(155,'Tala Ampla Bilateral G','OOOO','X','--','0000',32.50,65.00,1,'FP 2426G',65.00,'G'),(156,'Tala Ampla Bilateral GG','OOOO','X','--','000',32.50,65.00,1,'FP 2426GG',59.09,'GG'),(157,'Tala Lona p/ Punho Polegar Esquerdo G','oooo','x','--','0000',21.00,45.00,3,'FP 420EG ',38.18,'G'),(158,'Tala Lona p/ Punho Polegar Esquerdo M','OOOO','X','--','OOOO',21.00,45.00,0,'FP 420EM',38.18,'M'),(159,'Tala Lona p/ Punho Polegar Esquero P','OOOO','X','--','0000',21.00,45.00,1,'FP 420EP',38.18,'P'),(160,'Tala Lona p/ Punho Polegar Direito P','OOOO','X','--','0000',21.00,45.00,2,'FP 420DP',38.18,'P'),(161,'Tala Lona p/ Punho Polegar Direito M','OOOO','X','--','0000',21.00,60.00,3,'FP 420DM',50.00,'M'),(162,'Tala Lona p/ Punho Polegar Direito G','OOOO','X','--','0000',25.00,60.00,2,'FP 420DG',50.00,'G'),(163,'Tala Neoprene p/ Punho Polegar Esquerdo GG','OOOO','X','--','000',29.00,60.00,2,'FP 2412EGG',52.73,'GG'),(164,'Tala Neoprene p/ Punho Polegar Esquerdo G','OOOO','X','--','000',29.00,60.00,0,'FP 2412EG',52.73,'G'),(165,'Tala Neoprene p/ Punho Polegar Esquerdo P','OOOO','X','--','0000',29.00,60.00,2,'FP 2412EP',52.73,'P'),(166,'Tala Neoprene p/ Punho Polegar Esquerdo M','OOOO','X','--','000',29.00,60.00,1,'FP 2412EM',52.73,'M'),(167,'Tala Neoprene p/ Punho Polegar Direito GG','OOOO','X','---','000',29.00,60.00,1,'FP 2412DGG',52.73,'GG'),(168,'Tala Neoprene p/ Punho Polegar Direito M','OOOO','X','--','0000',29.00,60.00,1,'FP 2412DM',52.73,'M'),(169,'Tala Neoprene p/ Punho Polegar Direito P','OOOO','X','--','0000',29.00,60.00,0,'FP 2412DP',52.73,'P'),(170,'Imobilizador Joelho Simples ES 50','OOOO','X','--','0000',43.00,100.00,1,'FP 503ES50',78.18,'PP'),(171,'Imobilizador Joelho Simples ES 60','OOOO','X','--','0000',43.00,100.00,0,'FP 503ES60',78.18,'PP'),(172,'Imobilizador Joelho Simples LG 60','OOOO','X','--','000',43.00,100.00,1,'FP 503LG60',78.18,'PP'),(173,'Imobilizador Joelho Simples LG 70','OOOO','X','--','--',43.00,100.00,1,'FP 503LG70',78.18,'PP'),(174,'Imobilizador Joelho Simples LG 50','OOOO','X','--','0000',43.00,100.00,1,'FP 503LG50',78.18,'PP'),(175,'Imobilizador Parcial Joelho GG','OOOO','X','--','0000',26.00,55.00,2,'FP 503GG',47.27,'GG'),(176,'Imobilizador Parcial Joelho M','OOOO','X','---','0000',26.00,55.00,4,'FP 503M',47.27,'M'),(177,'Imobilizador Parcial Joelho P','OOOO','X','--','000',26.00,55.00,1,'FP 503P',47.27,'P'),(178,'Imobilizador Parcial Joelho G','OOOO','X','--','0000',26.00,55.00,2,'FP 503G',47.27,'G'),(179,'Faixa Toracia Elastica 25cm P','OOO','X','--','000',25.00,55.00,3,'OP 125P',50.00,'P'),(180,'Faixa Toracica Elastica 25cm M','oooo','x','--','0000',25.00,55.00,7,'OP 125M',50.00,'M'),(181,'Faixa Toracica Elastica 25cm G','OOOO','X','--','0000',25.00,55.00,6,'OP 125G',50.00,'G'),(182,'Faixa Toracica Elastica 25cm GG','OOOO','X','--','0000',25.00,55.00,6,'OP 125GG',50.00,'GG'),(183,'Faixa Toracia Elastica 20cm P','OOOO','X','--','0000',21.70,45.00,0,'OP 0105P',45.00,'P'),(184,'Faixa Toracica Elastica 20cm M','OOOO','X','--','0000',21.00,50.00,6,'OP 0105M',50.00,'M'),(185,'Faixa Toracica Elastica 20cm G','OOOO','X','--','0000',21.00,50.00,8,'OP 0105G',50.00,'G'),(186,'Faixa Toracica Elastica 20cm GG','OOOO','X','--','0000',21.00,50.00,6,'OP 0105GG',50.00,'GG'),(187,'Faixa Toracica Elastica 15cm PP','OOOO','X','--','0000',15.00,40.00,3,'OP 115PP',27.27,'PP'),(188,'Faixa Toracica Elastica 15cm P','OOOO','X','--','0000',23.00,50.00,4,'OP 115P',50.00,'P'),(189,'Faixa Toracica Elastica 15cm M','OOOO','X','--','000',23.00,50.00,7,'OP 115M',50.00,'M'),(190,'Faixa Toracica Elastica 15cm G','OOOO','X','--','0000',23.00,50.00,4,'OP 115G',50.00,'G'),(191,'Faixa Toracica Elastica 15cm GG','OOOO','X','--','0000',23.00,50.00,4,'OP 115GG',50.00,'GG'),(192,'Faixa Toracica Feminina P','OOOO','X','--','0000',16.50,40.00,2,'FP 205FP',30.00,'P'),(193,'Faixa Toracica Masculino P','OOO','X','--','0000',16.50,40.00,2,'FP 205MP',30.00,'P'),(194,'Papel Lençol 70 Branco','OOOO','X','BRANCO','0000',4.98,14.00,15,'CS 0013',14.00,'PP'),(195,'Papel Lençol 70 Pardo','oooo','x','PARDO','0000',4.71,10.00,31,'CS 0103',8.56,'PP'),(196,'Papel Lençol 50 Branco','OOOO','X','BRANCO','0000',4.57,10.00,21,'CS 0014',8.31,'PP'),(197,'Papel Lençol 50 Pardo','OOOO','X','PARDO','0000',3.57,8.00,35,'CS 0102',7.30,'PP'),(199,'Calcanheira Silicone p.azul M','OOOO','X','--','0000',20.00,45.00,4,'CS 4613M',36.36,'M'),(200,'Calcanheira Silicone p.azul G','OOOO','X','--','0000',20.00,45.00,0,'CS 4613G',36.36,'G'),(201,'Calcanheira Silicone p.azul P','OOOO','X','--','0000',20.00,45.00,1,'CS 4613P',36.36,'P'),(202,'Calcanheira Silicone p.azul GG','OOOO','X','--','0000',20.00,45.00,0,'CS 4613GG',36.36,'GG'),(203,'Papagaio Plástico','oooo','x','--','0000',2.55,6.00,14,'CS 0233',4.22,'PP'),(204,'Tipoia Luxo G','OOOO','X','--','000',20.46,42.00,1,'FP 302G',37.20,'G'),(205,'Tipoia Luxo GG','OOOO','X','--','0000',20.46,42.00,3,'FP 302GG',37.20,'GG'),(206,'Tipoia Luxo M','OOOO','X','--','0000',19.50,42.00,2,'FP 302M',40.00,'M'),(207,'Tipoia Luxo P','OOOO','X','--','0000',19.50,42.00,3,'FP 302P',40.00,'P'),(208,'Tipoia Simples M','0000','x','--','0000',11.00,22.00,3,'FP 306',20.00,'PP'),(209,'Tipoia Infantil','oooo','x','--','0000',18.00,40.00,1,'FP 302i',32.73,'PP'),(210,'Tipoia Dupla G','OOOO','X','--','0000',15.00,35.00,0,'FP 303G',27.27,'G'),(211,'Tipoia Dupla GG','OOOO','X','--','0000',14.50,35.00,1,'FP 303GG',26.36,'GG'),(212,'Tipoia Dupla P','OOOO','X','--','0000',15.00,35.00,1,'FP 303P',27.27,'P'),(213,'Tipoia Tela Velpeau G','OOOO','X','--','0000',8.00,25.00,0,'FP 311AG',14.55,'G'),(214,'Tipoia Tela Velpeau GG','OOOO','X','--','000',8.60,25.00,2,'FP 311AGG',15.64,'GG'),(215,'Tipoia Tela Velpeau M','OOOO','X','--','0000',8.00,25.00,0,'FP 311AM',14.55,'M'),(216,'Tipoia Tela Velpeau P','000','X','--','0000',9.00,25.00,0,'FP 311AP',16.36,'P'),(217,'Tipoia Tela Velpeau PP','OOOO','X','--','000',8.60,25.00,2,'FP 311APP',15.64,'PP'),(218,'Umidificador sem Extensão','oooo','x','--','0000',9.50,20.00,9,'CS 0403',13.87,'PP'),(219,'Especulo Vaginal Descartavel P','oooo','x','--','000',0.68,2.00,33,'CS 0218',1.57,'P'),(220,'Especulo Vaginal Descartavel M','OOOO','X','--','000',0.82,2.00,35,'CS 0212',1.57,'M'),(221,'Seringa 20ml ','ooo','x','--','0000',0.90,1.80,615,'CS 0151',0.90,'PP'),(222,'Gel p/ Ultrasson L','OOOO','X','--','0000',5.94,10.00,35,'CS 0249',10.00,'PP'),(223,'Coletex 3L','OOOO','X','--','0000',1.17,3.00,30,'CS 0182',2.13,'P'),(224,'Atadura Elastica 10cm','OOOO','X','--','000',0.61,2.00,19,'CS 0302',1.11,'PP'),(225,'Lençol Desc. Elast. Fino','OOO','X','--','000',0.55,2.00,22,'CS 0339',1.13,'PP'),(226,'Lençol Desc. Elast. Grosso','oooo','x','--','0000',0.88,3.00,19,'CS 0326',3.00,'PP'),(227,'Cinta Elástica Lombar s/b  G','OOOO','X','--','0000',28.00,65.00,1,'FP 201 S/G',50.91,'G'),(228,'Cinta Elastica Lombar S/B M','OOOO','X','--','0000',28.75,70.00,6,'FP 201 S/M',50.91,'M'),(229,'Cinta Elastica Lombar S/B P','OOOO','X','--','0000',28.00,65.00,3,'FP 201 S/P',50.91,'P'),(230,'Cinta Elastica Lombar C/B P','OOOO','X','--','0000',28.00,65.00,3,'FP 201 C/P',50.91,'P'),(231,'Cinta Elastica Lombar C/B M','OOOO','X','--','OOOO',28.00,65.00,2,'FP 201 C/M',58.00,'M'),(232,'Cinta Elastica Lombar C/B G','OOOO','X','--','0000',30.00,65.00,6,'FP 201 C/G',60.00,'G'),(233,'Cinta Elastica Lombar S/B GG','OOO','X','--','0000',28.00,65.00,3,'FP 201 S/GG',50.91,'GG'),(234,'Cinta Elastica Lombar C/B GG','OOOOO','X','--','0000',28.00,65.00,3,'FP 201 C/GG',50.91,'GG'),(235,'Funda p/ Hernia Inginal Direito G','OOOO','X','--','0000',19.00,50.00,5,'FP 704DG',40.00,'G'),(236,'Funda p/ Hernia Inginal Direito GG','OOOO','X','--','0000',19.00,50.00,4,'FP 704DGG',40.00,'GG'),(237,'Funda p/ Hernia Inginal Direito M','OOOO','X','--','0000',19.00,50.00,5,'FP 704DM',40.00,'M'),(238,'Funda p/ Hernia Inginal Direito P','OOOO','X','--','0000',19.00,50.00,6,'FP 704DP',40.00,'P'),(239,'Funda p/ Hernia Inginal Dupla G','OOOO','X','--','0000',22.00,50.00,3,'FP 702G',44.00,'G'),(240,'Funda p/ Hernia Inginal Dupla GG','OOOO','X','--','0000',19.00,40.00,3,'FP 702GG',34.55,'GG'),(241,'Funda p/ Hernia Inginal Dupla M','OOOO','X','--','0000',22.00,50.00,3,'FP 702M',44.00,'M'),(242,'Funda p/ Hernia Inginal Dupla P','OOOO','X','--','0000',19.00,40.00,4,'FP 702P',34.55,'P'),(243,'Funda p/ Hernia Inginal Esquerdo G','OOOO','X','--','0000',19.00,50.00,4,'FP 704EG',40.00,'G'),(244,'Funda p/ Hernia Inginal Esquerdo GG','OOOO','X','--','0000',19.00,50.00,5,'FP 704EGG',40.00,'GG'),(245,'Funda p/ Hernia Inginal Esquerdo M','OOOO','X','--','000',19.00,50.00,3,'FP 704EM',40.00,'M'),(246,'Funda p/ Hernia Inginal Esquerdo P','OOOO','X','--','0000',19.00,50.00,4,'FP 704EP',40.00,'P'),(247,'Cinta Funda Direito G','OOOO','X','--','000',23.00,50.00,3,'FP 713DG',46.00,'G'),(248,'Cinta Funda Direito GG','OOOO','X','--','000',23.00,50.00,5,'FP 713DGG',46.00,'GG'),(249,'Cinta Funda Direito M','OOOO','X','--','0000',19.00,40.00,3,'FP 713DM',34.55,'M'),(250,'Cinta Funda Direito P','OOO','X','--','000',19.00,40.00,1,'FP 713DP',34.55,'P'),(251,'Cinta Funda Dupla G','OOOO','X','--','0000',24.00,50.00,6,'FP 713DPG',48.00,'G'),(252,'Cinta Funda Dupla GG','oooo','x','--','000',24.00,50.00,7,'FP 713DPGG',48.00,'GG'),(253,'Cinta Funda Dupla M','OOOO','X','--','000',24.00,50.00,5,'FP 713DPM',48.00,'M'),(254,'Cinta Funda Dupla P','OOOO','X','--','0000',24.00,50.00,7,'FP 713DPP',48.00,'P'),(255,'Cinta Funda Esquerdo G','OOOO','X','--','0000',20.00,40.00,3,'FP 713EG',36.36,'G'),(256,'Cinta Funda Esquerdo GG','OOOO','X','--','0000',23.00,50.00,5,'FP 713EGG',46.00,'GG'),(257,'Cinta Funda Esquerdo M','OOOO','X','--','0000',23.00,50.00,7,'FP 713EM',46.00,'M'),(258,'Cinta Funda Esquerdo P','OOOOO','X','--','0000',23.00,50.00,4,'FP 713EP',46.00,'P'),(259,'Joelheira com Tiras e Velcro G','OOOO','X','--','0000',37.38,75.00,1,'FP 2315G',67.96,'G'),(260,'Joelheira com Tiras e Velcro GG','OOOOO','X','--','000',37.38,75.00,3,'FP 2315GG',67.96,'GG'),(261,'Joelheira com Tiras e Velcro M','OOOO','X','--','0000',37.38,75.00,2,'FP 2315M',67.96,'M'),(262,'Joelheira com Tiras e Velcro P','OOOO','X','--','0000',37.38,75.00,2,'FP 2315P',67.96,'P'),(268,'Suporte Escrotal P','OOOO','X','--','0000',9.25,20.00,7,'FP 715P',20.00,'P'),(269,'Suporte Escrotal M','OOOOO','X','--','00000',9.25,20.00,6,'FP 715M',20.00,'M'),(270,'Suporte Escrotal G','OOOOO','X','--','0000',9.25,20.00,7,'FP 715G',20.00,'G'),(271,'Suporte Escrotal GG','OOOO','X','--','0000',10.00,20.00,0,'FP 715GG',18.18,'GG'),(272,'Cinta para Gestante','ooooo','x','x','00000',26.50,55.00,6,'FP 903',55.00,'PP'),(273,'Espaldeira Brim G','OOOOO','X','--','00000',32.69,70.00,1,'FP 204G',65.00,'G'),(274,'Espaldeira Brim GG','OOOOO','X','--','0000',25.00,50.00,2,'FP 204GG',45.45,'GG'),(275,'Espaldeira Brim M','OOOO','X','--','00000',32.69,70.00,1,'FP 204M',65.00,'M'),(276,'Espaldeira Brim P','OOOOO','X','--','0000',32.69,70.00,2,'FP 204P',65.00,'P'),(277,'Espaldeira Brim PP','OOOOO','X','--','0000',25.00,50.00,1,'FP 204PP',45.45,'PP'),(278,'Espaldeira  Elastica Lombar','ooooo','x','--','0000',14.00,30.00,1,'GL 170',25.45,'PP'),(279,'Espaldeira Plus G','OOOOO','X','--','00000',22.40,40.00,5,'FP 211G',40.73,'G'),(280,'Espaldeira Plus GG','OOOOO','X','--','00000',22.40,40.00,2,'FP 211GG',40.73,'GG'),(281,'Espaldeira Plus M','ooooo','x','--','0000',22.40,40.00,1,'FP 211M',40.73,'M'),(282,'Espaldeira Plus P','OOOOO','X','--','00000',22.40,40.00,2,'FP 211P',40.73,'P'),(283,'Espaldeira Plus PP','OOOOO','X','--','00000',22.00,30.00,2,'FP 211PP',40.00,'PP'),(284,'Espaldeira Simples G','OOOOO','X','--','00000',10.50,30.00,3,'FP 203G',19.09,'G'),(285,'Espaldeira Simples M','OOOOO','X','---','00000',13.00,30.00,4,'FP 203M',23.64,'M'),(286,'Espaldeira Simples P','OOOOO','X','--','0000',15.00,30.00,1,'FP 203P',27.27,'P'),(287,'Espaldeira Simples GG','OOOOO','X','--','000000',15.00,30.00,4,'FP 203GG',27.27,'GG'),(288,'Espaldeira Simples PP','OOOOO','X','--','000000',15.00,30.00,4,'FP 203PP',27.27,'PP'),(289,'Colete Pós-Cirurgico 3 M/G','OOOOO','X','--','00000',32.00,70.00,1,'SV 170-3MG',70.00,'M'),(290,'Colete Pós-Cirurgico 3 PM','OOOOO','X','--','00000',29.00,60.00,0,'SV 170-3PM',60.00,'P'),(291,'Colete Pós-Cirurgico 4 MG','OOOOOO','X','--','00000',41.00,82.00,2,'SV 170-4MG',82.00,'M'),(292,'Colete Pós-Cirurgico 4 PM','OOOOO','X','--','000000',31.84,75.00,1,'SV 170-4PM',75.00,'P'),(293,'Colete Pós-Cirurgico 4 EG','OOOOOO','X','--','00000',46.00,90.00,1,'SV 170-4EG',90.00,'GG'),(296,'Máscara Inalador Infantil','oooooo','NS','--','00000',2.38,5.00,7,'CS 0389',4.33,'PP'),(297,'Máscara Inalador Adulto','00000','NS','--','00000',2.38,5.00,8,'CS 0388',4.33,'PP'),(298,'Escalpe Assepto 23G','OOOOOO','BD','--','00000',0.76,1.70,290,'CS 0137',1.60,'PP'),(299,'Escalpe Assepto 25G','OOOOO','BD','--','00000',0.76,1.70,294,'CS 0136',1.50,'PP'),(300,'Espátula de Madeira','00000','x','--','00000',2.05,6.00,15,'CS 0242',4.50,'PP'),(301,'Gorro Descartável','OOOOO','X','--','00000',0.04,0.20,381,'CS 0171',0.07,'PP'),(304,'Esteto Solidor/Tecline','OOOOO','solidor/tecline','--','00000',6.37,22.00,1,'AP 0003',15.00,'PP'),(307,'Manguito Adulto 1 Via','000000','X','--','00000',4.72,10.00,3,'CSI 0323',8.58,'PP'),(308,'Duoderm Gel 15G','OOOOOO','Hidroactive Gel','--','0000',21.43,45.00,0,'CV 790',38.96,'PP'),(310,'Atadura de Crepe 6X4,5','OOOOO','neve','--','00000',0.26,1.10,57,'CS 0105',0.44,'PP'),(311,'Atadura de Crepe 8X4,5','OOOOO','NEVE','--','00000',0.32,1.10,78,'CS 0106',1.10,'PP'),(312,'Atadura de Crepe 12X4,5','OOOOO','NEVE','--','00000',0.49,1.60,77,'CS 0108',0.89,'PP'),(313,'Atadura de Crepe 10X4,5','OOOOO','NEVE','--','0000',0.39,1.50,68,'CS 0107',0.75,'PP'),(314,'Atadura Elástica 15cm','ooooo','NEVE','--','00000',0.91,3.00,29,'CS 0307',1.65,'PP'),(315,'Compressa de Gaze 11 Fios','PCTE COM 500','POLARFIX','--','00000',11.74,26.00,19,'CS 0152',26.00,'PP'),(316,'Compressa de Gaze 13 Fios','PCTE COM 500','POLARFIX','--','0000',13.32,32.00,12,'CS 0153',28.00,'PP'),(317,'Uripen N6 C/ Extensão','oooo','URO-CONTROL','--','0000',1.51,4.00,8,'CS 0056',4.00,'G'),(318,'Uripen N6 C/4','OOOOOO','URO-CONTROL','--','00000',3.15,7.00,13,'CS 0068',6.00,'G'),(319,'Uripen N5 C/2','OOOOO','URO-CONTROL','--','00000',2.50,4.00,0,'CS 0042',4.55,'M'),(320,'Uripen N5 C/4','OOOOO','URO-CONTROL','--','00000',3.15,7.00,19,'CS 0066',7.00,'M'),(321,'Uripen N4 C/4','OOOOO','URO-CONTROL','--','00000',3.15,7.00,10,'CS 0065',7.00,'P'),(322,'Uripen N4 C/2','OOOOO','URO-CONTROL','--','00000',2.25,4.00,0,'CS 0069',4.09,'P'),(323,'Uripen N5 C/ Extensão','OOOOO','URO-CONTROL','--','00000',1.51,4.00,4,'CS 0055',2.75,'M'),(324,'Colete Pós Cirurgico 5EGG','OOOOO','X','--','00000',71.00,140.00,1,'SV 170-5EGG',129.09,'GGG'),(325,'Tala Neoprene p/ Punho Polegar Direito G','OOOOO','MARIMAR','--','00000',33.35,66.00,0,'FP 2412DG',60.64,'G'),(326,'Bolsa de Gel Soft Mercur M','ooo','mercur','--','00000',12.04,20.00,1,'CS 0021',15.00,'M'),(327,'Bolsa Gel Soft GelBag','OOOOO','MERCUR','--','00000',7.00,15.00,2,'CS 0027',12.73,'P'),(328,'Bolsa Gel Pequena 300ml','ooooo','gelakent','--','00000',3.80,8.00,6,'CS 0006',8.00,'P'),(329,'Bolsa de Gel Média 600ML','OOOO','TERMOGEL','--','OOOOO',5.33,14.00,0,'CS 0008',12.00,'M'),(330,'Bolsa de Gel Grande 1L','0000','GELBAG','--','00000',13.25,27.00,7,'CS 0138',25.00,'G'),(338,'Inalador Nevoni','oooo','Nevoni','----','0000',107.68,215.00,0,'AP 410',195.78,'PP'),(339,'Luva Proced. P','00000','Supermax','--','00000',11.28,28.00,53,'CS 0017',26.55,'P'),(340,'Luva Proced. M','OOOOO','Supermax','--','00000',11.28,28.00,64,'CS 0018',26.55,'M'),(341,'Luva Proced. G','ooooo','Supermax','--','00000',11.28,28.00,60,'CS 0019',26.55,'G'),(342,'Luva Proced. PP','OOOOO','Supermax','--','000000',14.60,28.00,10,'CS 0020',26.55,'PP'),(343,'Frasco Dieta Enteral 500ml','ooooo','Biobase','--','0000',0.85,1.50,120,'CS 0243',1.20,'G'),(344,'Frasco Dieta Enteral 300ml','oooooo','Biobase','--','0000',0.64,1.50,83,'CS 0104',0.93,'PP'),(345,'Seringa 3ml','OOOOO','SR','--','00000',0.12,0.70,1310,'CS 0147',0.30,'PP'),(351,'Atadura Gessada 12cm','00000','NEVE','--','00000',0.95,2.40,20,'CS 5012',2.00,'PP'),(352,'Malha Tubular N4','OOOOO','Msó','--','00000',2.31,6.00,2,'CS 0374',4.20,'PP'),(353,'Malha Tubular N6','OOOOO','Msó','--','00000',3.24,7.00,3,'CS 0376',5.89,'PP'),(354,'Malha Tubular N8','OOOOO','Msó','--','0000',3.35,8.00,3,'CS 0375',6.09,'PP'),(355,'Malha Tubular N10','OOOO','Msó','--','0000',4.20,10.00,3,'CS 0382',7.64,'PP'),(356,'Malha Tubular N12','OOOOO','Msó','--','00000',5.35,11.00,9,'CS 0377',11.00,'PP'),(357,'Malha Tubular N15','ooooo','Msó','--','00000',7.17,14.00,9,'CS 0384',13.04,'PP'),(358,'Malha Tubular N20','OOOOO','Msó','--','000000',6.70,18.00,3,'CS 0379',12.18,'PP'),(359,'Equipo p/ Soro','ooooo','X','--','000000',0.42,1.80,52,'CS 0049',0.76,'P'),(360,'Compressa Gaze Est. c/10','PCTE COM 10','DESCARPAK','--','0000',0.49,1.20,1327,'CS 0067',0.78,'PP'),(361,'Abridor de Boca','0000','X','--','000000',21.00,42.00,4,'FP 3431',38.00,'PP'),(362,'Abridor de Gesso Wolff','OOOOO','X','--','000000',48.00,96.00,1,'IN 0003',87.00,'PP'),(363,'Adaptador Traqueia','OOOOO','X','--','00000',0.85,1.70,18,'CS 0396',1.50,'PP'),(364,'Água Oxigenada 10V','OOOOO','X','--','00000',2.50,6.00,23,'LT 0004',5.00,'GG'),(365,'Agulha 13X3 ','OOOOOO','BD','---','0000',0.10,0.30,383,'CS0001',0.20,'PP'),(366,'Agulha 20X5,5','OOOOO','BD','--','0000',0.07,0.20,407,'CS 0003',0.13,'PP'),(367,'Agulha 13X4,5','OOOO						','BD','--','000',0.05,0.20,727,'CS 0002',0.10,'PP'),(368,'Agulha 25X6','OOOOO','BD','--','000',0.10,0.25,195,'CS 0004',0.20,'PP'),(369,'Agulha 25X7','OOOOO','BD','--','000',0.05,0.15,588,'CS 0005',0.15,'PP'),(370,'Agulha 25X8','OOOOO','BD','--','000',0.05,0.15,600,'CS 0007',0.10,'PP'),(371,'Agulha 30X7','OOOOO','BD','--','00000',0.05,0.20,503,'CS 0009',0.10,'PP'),(372,'Agulha 30X8','OOOOO','BD','--','0000',0.05,0.15,630,'CS 0010',0.10,'PP'),(373,'Agulha 40X1,2','OOOOO','BD','--','0000',0.07,0.20,12,'CS 0011',0.15,'PP'),(374,'Agulha Gengival 30G','00000','CT','--','0000',0.12,0.50,0,'CS 0201',0.24,'PP'),(375,'Agulha para Caneta Insulina','OOOOO','BD','--','00000',0.48,1.00,0,'CS 0226',0.80,'PP'),(376,'Alcool 70%','OOOOO','X','--','00000',3.40,10.00,55,'LT 0001',7.80,'PP'),(377,'Alcool Absoluto','OOOOO','x','--','0000',4.90,12.00,38,'LT 0009',10.00,'PP'),(378,'Alcool Isopr Almot','OOOOO','X','--','0000',1.76,3.50,2,'CS 0227',3.00,'PP'),(379,'Algodão Hidr 500G','OOOOO','POLARFIX','--','0000',6.72,15.00,5,'CS 0012',13.00,'PP'),(380,'Algodão Ortop 10X1 DZ','OOOOO		','POLARFIX','--','0000',3.32,10.00,5,'CS 0257',6.00,'PP'),(381,'Algodão Ortop 12X1 DZ','00000','POLARFIX','--','0000',2.50,11.00,7,'CS 0258',5.00,'PP'),(382,'Algodão Ortop 15X1 DZ','OOOOO','POLARFIX','--','0000',5.00,12.00,5,'CS 0259',10.00,'PP'),(383,'Algodão Ortop 20X1 DZ','OOOOOO','POLARFIX','--','0000',6.20,14.00,3,'CS 0260',12.00,'PP'),(384,'Algodão Ortop 8X1 DZ','OOOO','POLARFIX','--','0000',2.39,6.00,5,'CS 0255',4.00,'PP'),(385,'Almofada Cad. Rodas','OOOOO','X','--','0000',13.00,26.00,4,'JB 1798',24.00,'PP'),(386,'Almofada D´água CX Ovos','OOOOOO','X','--','0000',10.00,25.00,0,'CS 0363',20.00,'PP'),(387,'Almofada D´Água Higienica','OOOOO','x','--','0000',11.49,30.00,6,'CS 0313',24.00,'PP'),(388,'Almofada D´Água Quadrad. c/ furo','OOOOO','X','--','00000',9.99,30.00,10,'CS 0310',25.00,'PP'),(389,'Almofada D´Água Quadrad s/ Furo','OOOOOO','X','--','0000',9.99,30.00,4,'CS 0309',25.00,'PP'),(390,'Almofada D´Água Red c/ Furo','OOOOO','X','--','0000',9.99,30.00,11,'CS 0308',25.00,'PP'),(391,'Almofada Antiescaras Gel ','0000','X','--','0000',46.88,70.00,4,'CS 0365',65.00,'PP'),(392,'Almofada Mercur','OOOO','MERCUR','--','00000',58.43,120.00,8,'CS 2139',116.00,'PP'),(393,'Almotolia Plast. 125ml','OOOOOO','X','--','0000',0.68,1.50,31,'CS 0256',1.30,'PP'),(394,'Almotolia Ambar Grande','OOOOO','X','--','00000',0.95,3.00,1,'CS 0292',2.50,'PP'),(395,'Almotolia Ambar Peq','OOOOOOOOO','X','--','00000',0.90,2.50,12,'CS 0291',2.00,'PP'),(396,'Almotolia Bico Curvo 250','OOOOO','x','--','00000',1.68,4.00,37,'CS 0231',3.50,'PP'),(397,'Almotolia Bico Curvo 500','0000','x','--','00000',2.19,5.00,35,'CS 0250',4.00,'PP'),(398,'Almotolia Plast 250ml','OOOO','x','--','0000',1.05,2.50,9,'CS 0239',2.00,'PP'),(399,'Almotolia Plast 500ml','OOOOO','x','--','0000',1.75,4.50,30,'CS 0241',3.10,'PP'),(400,'Andador Alumínio Reforçado Articulado','OOOO','X','--','0000',82.00,175.00,6,'JB 0189',164.00,'G'),(401,'Andador Simples','OOOOO','X','--','00000',69.80,145.00,11,'JB 0178',140.00,'PP'),(402,'Anel Adaptador p/ copo desc','OOOOO','X','--','0000',0.35,0.70,10,'CS 0393',0.50,'PP'),(403,'Anel Digital G','OOOO','X','--','0000',6.00,12.00,2,'CS 3002',10.00,'PP'),(404,'Anel Digital M','OOOOO','X','--','00000',6.00,12.00,2,'CS 3001',10.00,'PP'),(405,'Anel Digital P','OOOOO','X','--','0000',6.00,12.00,4,'CS 3000',10.00,'PP'),(406,'Angulo com Mola','OOOOO','X','--','0000',8.00,20.00,5,'PN 427',16.00,'PP'),(407,'Ap Pressão Digital','OOOOO','OMRON','--','00000',98.04,230.00,5,'AP 2109',200.00,'PP'),(408,'Ap Pressão Sankey','OOOO','SANKEY','--','00000',62.50,125.00,2,'PN 0108',100.00,'PP'),(409,'AP Pressão Solidor','OOOOO','SOLIDOR','--','00000',38.15,85.00,4,'PN 0109',76.00,'PP'),(410,'Apoio AntiEquino G','OOOO','X','--','0000',11.00,22.00,0,'FP 816G',18.00,'G'),(411,'Apoio AntiEquino M','OOOOO','X','--','0000',14.00,22.00,5,'FP 816 M',18.00,'M'),(412,'Apoio AntiEquino P','OOOOO','X','--','00000',11.00,22.00,1,'FP 816 P',17.00,'P'),(413,'Apoio AntiEquino Sples G','OOOOO','X','--','00000',4.20,10.00,3,'PA 525 G',8.00,'G'),(414,'Apoio AntiEquino Sples M','OOOOO','X','--','0000',7.20,14.00,4,'PA 525 M',12.00,'M'),(415,'Apoio Metatarsal Silicone','OOO','x','--','00000',11.00,22.00,0,'CS 3020',20.00,'P'),(416,'Apoio p/ Calcanhar','OOOO','x','--','0000',7.93,16.00,31,'CH 0100',12.00,'P'),(417,'Apoio Sanitário Sit IV','OOOO','X','--','0000',69.70,145.00,0,'MV SIT4',139.00,'M'),(418,'Assento Encosto Nylon Cad Rodas','OOOOO','X','--','0000',13.00,26.00,4,'MV 5706',22.00,'M'),(419,'Assento p/ Cad Banho','OOOO','X','--','0000',18.69,40.00,5,'CS 1014',35.00,'M'),(420,'Assento Encosto p/ Cad Rodas Curvim','OOOOO','X','--','0000',38.00,80.00,1,'MV 5705',72.00,'M'),(421,'Atadura Crepe 15X4,5','OOOOO','POLARFIX','--','00000',0.52,1.20,106,'CS 0109',1.00,'G'),(422,'Atadura Gessada 10cm','OOOOO','x','--','00000',1.41,3.00,0,'CS 5010',2.80,'P'),(423,'Atadura Gessada 15cm','OOOOO','POLARFIX','--','00000',1.21,4.00,20,'CS 5015',3.00,'M'),(424,'Atadura Gessada 20cm','OOOOO','POLARFIX','--','0000',2.07,7.00,20,'CS 5020',6.00,'G'),(425,'Atadura Gessada 8cm','OOOO','POLARFIX','--','0000',0.91,2.00,0,'CS 5008',1.80,'P'),(426,'Atadura Elástica 20cm','OOOO','neve','--','0000',1.30,2.60,12,'CS 0312',2.30,'G'),(427,'Atadura Elástica 8cm','OOOO','neve','--','0000',0.50,1.10,35,'CS 0327',1.00,'P'),(428,'Avental Femin MC Microfibra G','OOOOO','x','--','0000',22.00,50.00,3,'AV 003G',44.00,'G'),(429,'Avental Femin MC Microfibra M','OOOO','X','--','0000',22.00,50.00,2,'AV 003GG',44.00,'GG'),(430,'Avental Femin MC Microfibra P','OOOO','X','--','0000',22.00,50.00,0,'AV 003M',44.00,'M'),(431,'Avental Femin ML Oxford GG','OOOO','X','--','0000',22.00,50.00,1,'AV 003P',44.00,'P'),(432,'Avental Femin ML Oxford G','OOOO','X','--','00000',22.00,50.00,5,'AV 004M',44.00,'M'),(433,'Avental Femin ML Oxford PP','OOOO','X','--','0000',30.00,50.00,0,'AV 004P',50.00,'P'),(434,'Avental Desc M/C','OOOOO','X','--','0000',0.90,3.00,16,'CS 0167',2.30,'M'),(435,'Avental Desc M/L Fino','OOOOO','X','--','0000',1.10,3.00,26,'CS 0169',2.20,'M'),(436,'Avental Desc M/L Grosso','OOOOOO','x','--','0000',1.50,3.00,20,'CS 0160',2.70,'M'),(437,'Avental Desc S/M','OOOOO','X','--','0000',0.70,1.50,14,'CS 0170',1.40,'M'),(438,'Avental Femin ML Microfibra Botao G','OOOOOO','X','--','00000',24.00,50.00,2,'AV 001G',48.00,'G'),(439,'Avental Femin ML Microfibra Botao M','OOOOOOOOOO','M','--','00000',24.00,50.00,3,'AV 001M',48.00,'M'),(440,'Avental Femin ML Microfibra Botao P','OOOOOOOOOO','X','--','0000',24.00,50.00,0,'AV 001P',48.00,'P'),(441,'Avental Femin ML Microfibra Botão PP','OOOOOO','X','BRANCO','00000',30.00,50.00,0,'AV 002G',60.00,'G'),(442,'Avental Femin ML Microfibra Botão GG','OOOOOO','X','BRANCO','00000',24.00,50.00,2,'AV 002M',48.00,'M'),(443,'Avental Femin ML Oxford P','OOOOOO','X','BRANCO','00000',22.00,50.00,1,'AV 002P',44.00,'P'),(444,'Avental Femin ML Oxford M','OOOOOO','X','BRANCO','00000',22.00,50.00,4,'CS 0085',44.00,'M'),(445,'Avental ML Unisex G','OOOOO','x','BRANCO','00000',35.00,50.00,0,'AV 005G',65.00,'G'),(446,'Avental ML Unisex GG','00000','X','BRANCO','00000',35.00,50.00,1,'AV 005GG',65.00,'GG'),(447,'Avental ML Unisex M','OOOOO','X','BRANCO','00000',35.00,70.00,0,'AV 005M',65.00,'M'),(448,'Avental ML Unisex P','OOOOO','X','BRANCO','00000',30.00,70.00,2,'AV 005P',60.00,'P'),(449,'Avental SM Azul','OOOOO','X','AZUL','00000',1.40,3.00,8,'CS 0173',3.00,'M'),(450,'Barra Pintada','OOOOO','X','BRCO','00000',28.00,60.00,0,'MV 0040',55.00,'M'),(451,'Barra Apoio 40cm','OOOOO','X','--','00000',44.00,90.00,2,'MV 8321',80.00,'P'),(452,'Barra Apoio 60cm','OOOOO','X','--','OOOOO',50.00,100.00,1,'MV 8320',90.00,'M'),(453,'Bengala 4 Pontas','OOOOOO','X','--','00000',27.50,90.00,0,'JB 0191',80.00,'M'),(454,'Bengala 4 Pnts Apoio Braço','OOOOO','X','--','000000',28.90,90.00,0,'MV 0005',80.00,'M'),(455,'Bengala Aluminio','oooooo','x','--','00000',14.50,30.00,1,'JB 0188',30.00,'M'),(456,'Bengala Dobrável','OOOOO','X','--','00000',28.00,60.00,2,'MV 0006',50.00,'M'),(457,'Benzina Retificada','OOOOOO','X','--','000000',8.00,16.00,0,'LT 0006',15.00,'M'),(458,'Bermuda Térmica','OOOOOO','X','--','00000',20.00,40.00,3,'NO S15',40.00,'M'),(459,'Bisturi Descartável','OOOOO','X','--','00000',0.94,2.00,0,'CS 0198',1.50,'M'),(460,'Bolsa de água quente 1L','OOOOO','X','--','00000',17.88,36.00,12,'CS 0475',36.00,'M'),(461,'Bolsa de água quente 2L','OOOOO','X','--','00000',19.49,42.00,12,'CS 0474',38.00,'G'),(462,'Bolsa de Colost Desc 35','OOOOO','X','--','0000',3.50,6.00,90,'CS 0130',6.00,'P'),(463,'Bolsa de Colost Desc 40','OOOOO','X','---','00000',4.38,9.00,3,'CS 0128',8.00,'M'),(464,'Bolsa de Colost Desc 45','oooooo','x','--','00000',4.27,9.00,9,'CS 0126',8.00,'G'),(465,'Bolsa de Gelo','OOOOO','X','--','0000',16.76,32.00,0,'CS 0476',30.00,'M'),(466,'Braçadeira c/ Manguito Obeso VELCRO','oooooo','x','--','000000',25.25,52.50,2,'CS 0039',50.00,'GG'),(467,'Braçadeira Fecho Presilhas Metal','OOOOO','X','--','000000',8.75,20.00,7,'CS 0331',20.00,'M'),(468,'Braçadeira Velcro','oooooo','x','--','00000',8.13,16.00,11,'CS 0332',15.00,'M'),(469,'Braçadeira c/ Manguito Adolescente','OOOOOO','X','--','00000',4.00,8.00,1,'CS 0329',8.00,'P'),(470,'Braçadeira Infantil','ooooo','x','--','ooooo',6.38,15.00,2,'CS 0330',12.00,'PP'),(471,'Bulbo de Borracha N10','OOOOOOOOO','X','--','00000000',5.22,12.00,3,'CS 0180',10.00,'M'),(472,'Bulbo de Borracha N12','OOOOO','X','--','00000',6.00,13.00,1,'CS 0181',12.00,'G'),(473,'Bulbo de Borracha N2','OOOOO','X','--','000000',2.80,5.00,2,'CS 0172',4.50,'PP'),(474,'Bulbo de Borracha N4','OOOOOO','X','--','00000',2.55,6.00,4,'CS 0177',5.00,'P'),(475,'Bulbo de Borracha N6','OOOOO','X','--','000000',3.60,8.00,5,'CS 0176',7.00,'M'),(476,'Bulbo de Borracha N8','OOOOO','X','--','00000',4.60,10.00,8,'CS 0179',8.00,'G'),(477,'Cabeçote Branco','OOOOO','X','--','00000',0.30,0.90,11,'CS 0394',0.70,'M'),(478,'Cabo de Bisturi N3','OOOOO','X','--','00000',3.80,8.00,6,'IN 0025',7.00,'M'),(479,'Cabo de Bisturi N4','OOOOO','X','--','000000',4.00,8.00,2,'IN 0026',7.00,'M'),(480,'Cadeira Banho Braço Remov.','OOOOO','X','--','000000',164.00,400.00,0,'MV 00POPLX',370.00,'M'),(481,'Cadeira Banho Popular','OOOOOO','X','--','00000',96.50,200.00,4,'MV 00POP',194.00,'M'),(482,'Cadeira Rodas Alumin LIGHT','OOOOOO','X','--','000000',610.00,1500.00,0,'MV 0375',1220.00,'M'),(483,'Cadeira Rodas 1009Curvim','OOOOOO','X','--','00000',174.00,420.00,0,'MV 1009C',350.00,'M'),(484,'Cadeira Rodas 1009Nylon','OOOOO','X','--','000000',196.80,410.00,1,'MV 1009N',392.00,'M'),(485,'Cadeira Rodas Pneus Inflaveis','00000','X','--','00000',212.00,460.00,0,'MV 1009PI',420.00,'M'),(486,'Cadeira Banho Dobravel','OOOOO','X','--','000000',169.00,400.00,1,'MV 00DB',380.00,'M'),(487,'Cadeira Banho Obeso','OOOOO','X','--','00000',184.00,380.00,2,'MV BIG',368.00,'G'),(488,'Calça Plástica G','OOOOO','X','--','00000',11.83,35.00,0,'CS 0047',25.00,'G'),(489,'Calça Plástica GG','OOOO','X','--','00000',11.83,35.00,3,'CS 0050',25.00,'GG'),(490,'Calça Plástica M','OOOOO','X','--','0000',11.83,35.00,0,'CS 0044',25.00,'M'),(491,'Calça Plástica P','OOOOO','X','--','000000',18.00,40.00,1,'CS 0052',28.00,'P'),(492,'Calcanheira Sil. s/borda G','OOOOOO','X','--','0000',17.00,35.00,1,'CS 4618G',34.00,'G'),(493,'Calcanheira Sil. s/borda M','OOOOO','X','--','00000',17.00,35.00,1,'CS 4618M',34.00,'M'),(494,'Calcanheira Sil. s/borda P','OOOOO','X','--','000000',17.00,35.00,1,'CS 4618P',34.00,'P'),(495,'Camara Aro 24','OOOOO','X','--','000000',10.80,20.00,2,'MV 6204',20.00,'M'),(496,'Campo Operatório 23X25','ooooo','x','--','000000',0.73,1.60,20,'CS 0187',1.50,'G'),(497,'Campo Operatório Grande','OOOOO','X','--','00000',0.70,1.20,27,'CS 0188',1.10,'G'),(498,'Canula Traqueostomia N6','OOOOO','X','--','00000',17.00,30.00,1,'CS 0613',25.00,'M'),(499,'Canula Traqueostomia Desc 6','OOOOO','X','--','00000',15.00,30.00,2,'CS 0616',30.00,'M'),(500,'Canula Traqueostomia Desc 7','OOOO','X','--','00000',15.00,30.00,2,'CS 0617',30.00,'M'),(501,'Cinta Metatarsal Grde','oooo','x','--','0000',9.00,20.00,2,'FP 603G',15.00,'G'),(502,'Cinta Metatarsal M','OOOO','X','--','0000',9.00,20.00,2,'FP 603M',15.00,'M'),(503,'Cinta Metatarsal P','OOOO','X','--','00000',9.00,20.00,3,'FP 603P',15.00,'P'),(504,'Cinta Metatarsal Silicone G','OOOOO','X','--','00000',15.00,30.00,0,'CS 4615G ',30.00,'G'),(505,'Cinta Metatarsal Silicone M','OOOOO','X','--','00000',15.00,30.00,1,'CS 4615M',30.00,'M'),(506,'Cinta Metatarsal Silicone P','OOOOO','X','--','00000',15.00,30.00,2,'CS 4615P',30.00,'P'),(507,'Cinta p/ Hallux Valgus G','OOOOO','X','--','000000',22.50,50.00,1,'FP 608G',50.00,'G'),(508,'Cinta p/ Hallux Valgus M','OOO','X','--','00000',15.00,35.00,4,'FP 608M',30.00,'M'),(509,'Cinta p/ Hallux Valgus P','OOOOO','X','--','0000',15.00,35.00,0,'FP 608P',30.00,'P'),(510,'Cinta Tênis Elbow Neoprene','OOOOOO','X','--','00000',10.00,20.00,8,'FP 2402',18.00,'M'),(511,'Clorexidine 0,5% Alcool','ooooo','x','--','0000',8.70,25.00,9,'LT 0037',22.00,'M'),(512,'Clorexidine 2% Degern','ooooo','x','--','00000',11.90,25.00,6,'LT 0032',22.00,'M'),(513,'Clorexidine Alcool Almotolia','oooooo','x','--','00000',1.90,4.00,2,'CS 0223',4.00,'P'),(514,'Clorexidine Aquoso Litro','ooooo','x','--','000000',12.00,25.00,2,'LT 0035',20.00,'M'),(515,'Clorexidine Degermante Almotolia','oooo','x','--','0000',2.00,4.00,0,'CS 0290',4.00,'P'),(516,'Colar Cervical Resgate G','OOOOOO','X','--','000000',12.50,25.00,2,'FP 111G',25.00,'G'),(517,'Colar Cervical Resgate M','OOOOO','X','--','000000',12.50,25.00,0,'FP 111M',25.00,'M'),(518,'Colar Cervical Resgate P','OOOOO','X','--','0000',12.50,25.00,2,'FP 111P',25.00,'P'),(519,'Colar Cervical Branco G','OOOOO','X','--','000000',4.50,12.00,8,'FP 101CG',10.00,'G'),(520,'Colar Cervical Branco M','ooooo','x','--','000000',4.14,12.00,27,'FP 101CM',10.00,'M'),(521,'Colar Cervical Branco P','OOOOO','X','---','000000',4.14,12.00,15,'FP 101CP',10.00,'P'),(522,'Colar Cervical c/Apoio G','OOOOO','X','--','000000',18.00,40.00,2,'FP 103G',38.00,'G'),(523,'Colar Cervical c/Apoio M','OOOOO','X','--','00000',18.00,42.00,1,'FP 103M',40.00,'M'),(524,'Colar Cervical c/Apoio P','OOOOO','X','--','00000',18.00,42.00,2,'FP 103P',40.00,'P'),(525,'Colar Cervical Espuma Azul G','OOOOO','X','--','000000',12.00,22.00,4,'FP 101G',22.00,'G'),(526,'Colar Cervical Espuma Azul M','OOOOOO','X','--','00000',12.00,22.00,2,'FP 101M',22.00,'M'),(527,'Colar Cervical Espuma Azul P','oooooo','x','---','000000',12.00,22.00,4,'FP 101P',22.00,'P'),(528,'Colar Cervical Thomas G','OOOOO','X','--','00000',15.00,35.00,2,'FP 102G',30.00,'G'),(529,'Colar Cervical Thomas M','OOOOO','X','--','00000',15.00,35.00,2,'FP 102M',30.00,'M'),(530,'Colar Cervical Thomas P','OOOOO','X','--','00000',15.00,35.00,2,'FP 102P',30.00,'P'),(534,'Colchão d´água Simples','OOOOOOOOO','X','--','000000',69.42,130.00,0,'CS 0034',120.00,'M'),(535,'Colete Putti Brim G','OOOOO','X','--','000000',78.00,150.00,1,'FP 902G',140.00,'G'),(536,'Colete Putti Brim GG','OOOOO','X','--','000000',78.00,150.00,2,'FP 902GG',140.00,'GG'),(537,'Colete Putti Brim M','OOOOO','X','--','000000',78.00,150.00,1,'FP 902M',140.00,'M'),(538,'Colete Putti Brim P','OOOOO','X','--','00000',78.00,150.00,2,'FP 902P',140.00,'P'),(539,'Coletex 7L','OOOOO','X','--','00000',1.77,4.50,13,'CS 0070',4.00,'M'),(540,'Coletex 13L','OOOOO','X','--','0000000',2.60,5.00,15,'CS 0071',5.00,'G'),(541,'Coletinho Duralumínio G','OOOOO','X','--','00000',37.40,82.00,2,'FP 901G',75.00,'G'),(542,'Coletinho Duralumínio GG','OOOO','X','--','00000',37.40,82.00,3,'FP 901GG',75.00,'GG'),(543,'Coletinho Duraluminio M','OOOOO','X','--','000000',37.40,82.00,3,'FP 901M',75.00,'M'),(544,'Coletinho Duralumínio P','OOOOO','X','--','00000',37.40,82.00,3,'FP 901P',75.00,'P'),(545,'Coletor BioBag','ooooo','x','--','0000',4.50,10.00,10,'CS 0195',10.00,'P'),(546,'Coletor BioUrine ','OOOOO','X','--','00000',7.70,16.00,4,'CS 0196',15.00,'P'),(547,'Coletor Perna 500ml','OOOOO','X','--','00000',8.29,16.00,6,'CS 0119',16.00,'P'),(548,'Coletor Perna 750ml','OOOOO','X','--','00000',9.46,20.00,20,'CS 0112',18.00,'M'),(549,'Coletor Solidor/Starmed','OOOO','X','--','000000',3.02,7.00,49,'CS 0194',6.00,'M'),(550,'Coletor Urina Infantil Masculino','OOOOO','X','--','00000',0.26,0.60,48,'CS 0131',0.50,'P'),(551,'Comadre Plástica','OOOOO','X','--','000000',8.49,17.00,12,'CS 0232',16.00,'M'),(552,'Comadre Tipo PA INOX','OOOOOOOOO','X','--','0000000000',76.00,167.00,0,'IX 0099',160.00,'M'),(553,'Compressa Gaze 9 Fios','OOOOO','X','--','00000',11.67,24.00,0,'CS 0154',22.00,'M'),(554,'Compressa para Curativo Cirúrgico','ESTERIL','X','--','00000',2.13,4.00,36,'CS 0261',3.50,'G'),(555,'Cone Fisioterapia','OOOO','X','--','0000',3.65,7.00,5,'CM 2103',7.00,'M'),(556,'Copinho Daru','OOOOO','X','--','00000',2.60,5.00,1,'CS 0298',5.00,'M'),(557,'Copinho Desc c/20 ICEL','OOOOO','X','--','00000',7.34,15.00,0,'CS 0391',15.00,'M'),(558,'Copinho Desc Nevoni','OOOOO','X','--','0000',7.00,15.00,3,'CS 0392',14.00,'M'),(559,'Copinho Soniclear','OOOO','X','--','0000',7.00,15.00,4,'CS 0282',13.00,'P'),(560,'Copo Externo p/ Inalador','OOO','X','--','0000',9.60,17.00,3,'CS 0401',17.00,'P'),(561,'Copo Interno p/ Inalador','OOOOO','X','0--','0000',6.00,12.00,7,'CS 0400',12.00,'P'),(562,'Coração Fisioterapia','OOOO','X','--','0000',3.75,8.00,5,'CM 2104',7.00,'P'),(563,'Corretivo de Joanete G','OOOO','X','--','0000',4.25,10.00,0,'CS 3152',10.00,'G'),(564,'Corretivo de Joanete M','OOOO','X','--','00000',5.00,12.00,2,'CS 3151',10.00,'M'),(565,'Corretivo de Joanete P','OOOO','X','--','00000',5.00,12.00,1,'CS 3150',10.00,'P'),(566,'Corretivo de Joanete Gel G','OOOO','X','--','0000',3.00,7.00,1,'CS 3122',7.00,'G'),(567,'Corretivo Joanete Gel M','OOOO','X','--','0000',3.00,7.00,0,'CS 3121',7.00,'M'),(568,'Corretido Joanete Gel P','OOOO','X','--','0000',3.00,7.00,0,'CS 3120',7.00,'P'),(569,'Cortador de comprimidos','OOOO','X','--','0000',4.00,8.00,7,'CS 0029',8.00,'P'),(570,'Cotoveleira em Neoprene G','OOOOO','000000','--','00000',12.00,22.00,3,'FP 2100G',20.00,'G'),(571,'Cotoveleira em Neoprene GG','OOOOO','X','--','00000',11.00,22.00,1,'FP 2100GG',20.00,'GG'),(572,'Cotoveleira em Neoporene M','OOOOO','X','--','00000',11.00,22.00,3,'FP 2100M',20.00,'M'),(573,'Cotoveleira em Neoprene P','OOOOO','X','--','00000',11.00,22.00,3,'FP 2100P',20.00,'P'),(574,'Coxal Elástico G','OOOO','X','--','0000',11.00,22.00,0,'E 211G',20.00,'G'),(575,'Coxal Elástico M','OOOOO','X','--','00000',11.00,22.00,1,'E 211M',20.00,'M'),(576,'Coxal Elástico P','OOOO','X','--','0000',11.00,22.00,0,'E 211P',20.00,'P'),(577,'Coxal Neoprene G','ooooo','x','--','00000',19.00,42.00,4,'PA 0641G',40.00,'G'),(578,'Coxal Neoprene GG','OOOOO','X','--','00000',19.00,42.00,2,'PA 0641GG',40.00,'GG'),(579,'Cuba Red p/ Assep 10X6','OOOOO				','X','--','00000',4.20,10.00,3,'IX 0097',8.00,'P'),(580,'Cuba Red p/ Assep 13,5','OOOOO','X','--','00000',650.00,15.00,2,'IX 0095',12.00,'M'),(581,'Cuba Red p/ Assep 9X5','OOOOO','X','--','000000',4.00,10.00,1,'IX 0098',8.00,'P'),(582,'Cuba Rim Inox','OOOO','X','--','0000',14.00,30.00,1,'IX 0093',28.00,'P'),(583,'Cuba Rim Plástica','OOOOO','X','--','000000',1.50,3.50,7,'CS 0234',3.00,'P'),(584,'Dedeira N2','OOOOO','X','--','00000',10.00,0.25,0,'CS 02402',0.20,'P'),(585,'Dedeira N3','OOOOO','X','--','0000',0.08,0.25,517,'CS 02403',0.20,'M'),(586,'Dedeira N5','OOOOOOO','X','--','0000',10.00,0.25,146,'CS 02405',0.20,'G'),(587,'Dedeira Gel s/ Malha G','OOOOO','X','--','00000',4.00,10.00,7,'CS 4617G',8.00,'G'),(588,'Dedeira Gel s/ Malha M','OOOOO','X','--','00000',4.00,10.00,8,'CS 4617M',8.00,'M'),(589,'Dedeira Gel s/ Malha P','OOOOO','X','--','000000',4.00,10.00,4,'CS 4617P',8.00,'P'),(590,'Descanso Pescoço Ar','OOOOO','X','--','00000',7.99,22.00,12,'CS 0037',18.00,'M'),(591,'Dreno de Penrose','OOOO','X','-=-','0000',0.50,1.20,18,'CS 0237',1.00,'P'),(592,'Ducha Ginecologica N12','OOOOO','X','--','0000',13.00,30.00,0,'CS 0235',26.00,'M'),(593,'Duoderm Gel 30G','OOOO','X','--','00000',39.00,80.00,0,'CV 670',78.00,'G'),(594,'Equipo Bureta ','OOOO','X','--','0000',2.18,5.00,4,'CS 0048',4.00,'M'),(595,'Equipo Multivia','OOOO	','X','--','00000',0.45,1.10,6,'CS 0041',1.00,'P'),(596,'Espaçador','OOOO','X','--','0000',24.00,50.00,2,'AP 1043',48.00,'M'),(597,'Espátula de Ayres','OOOO','X','--','0000',4.10,10.00,6,'CS 0386',9.00,'G'),(598,'Espéculo Collin Vaginal Virgem','OOOOO','X','--','0000',10.00,25.00,1,'IN 0111',20.00,'PP'),(599,'Espéculo Otosc Desc 25MM','IOOOOO','X','--','0000',0.50,1.50,17,'CS 0203',1.00,'G'),(600,'Espéculo Otosc Desc 4MM','OOOO','X','--','00000',0.22,0.50,15,'CS 0303',0.40,'P'),(601,'Estabilizador de Tornozelo Dir G','OOO	','X','--','0000',22.74,50.00,2,'FP 601DG',40.00,'G'),(602,'Estabilizador de Tornozelo Dir. M','OOOOO','000','--','0000',23.40,55.00,2,'FP 601DM',46.00,'M'),(603,'Estabilizador Tornozelo Dir P','OOOO','X','--','0000',18.00,50.00,4,'FP 601DP',40.00,'P'),(604,'Estabilizador Tornozelo Esq. G','OOOOO','X','--','0000',22.74,50.00,2,'FP 601G',42.00,'G'),(605,'Estabilizador Tornozelo Esq. M','OOOO','X','--','0000',23.40,55.00,3,'FP 601EM',46.00,'M'),(606,'Estabilizador Tornozelo Esq. P','OOOOO','X','--','00000',23.40,55.00,3,'FP 601EP',46.00,'P'),(607,'Esteira Massageadora','0000','SUPERMEDY','--','0000',69.00,150.00,4,'AP 1536',150.00,'G'),(608,'Esteto Bic Duplo','OOO	','X','COLORIDO','0000',20.42,50.00,0,'AP 0023',45.00,'M'),(609,'Esteto Bic Simples','OOO	','X','--','000',29.00,70.00,1,'AP 0020',60.00,'PP'),(610,'Esteto Mod Rapapport','OOO	','X','--','000',41.00,120.00,1,'AP 0005',80.00,'P'),(611,'Esteto Mod Rapapport Sples','OOOO','X','--','000',21.00,50.00,1,'AP 0110',40.00,'PP'),(612,'Esteto Duplo Kole','OOOO','X','--','0000',22.00,50.00,1,'AP 0045',44.00,'P'),(613,'Esteto Kole Unisom','OOOO','X','--','0000',21.00,50.00,4,'AP 0044',44.00,'P'),(614,'Esteto MDF Duplo','OOOO','X','--','0000',33.33,70.00,3,'AP 747',66.00,'PP'),(615,'Esteto MDF Simples','OOO	','X','--','000',21.00,50.00,4,'AP 727',40.00,'PP'),(616,'Esteto Pinnard','OOOOO','X','--','0000',11.00,25.00,1,'CS 0452',20.00,'P'),(617,'Estojo para Agulha','OOOO	','X','--','0000',4.09,10.00,2,'IN OXX2',9.00,'P'),(618,'Extensão Daru','OOO','X','--','000',1.30,3.00,11,'CS 0293',3.00,'PP'),(619,'Extrator de Tartaro Simples','OOOO','X','--','0000',3.00,8.00,2,'IN 0834',6.00,'PP'),(620,'Faixa para ECG','OOOO','X','--','000',2.00,5.00,1,'PN 0404',4.00,'M'),(623,'Fio Mononylon 6-0','OOOOO','X','--','0000',2.20,5.20,42,'CS 0358',4.40,'P'),(624,'Fio Nylon 3.0','OOOO','X','--','00000',1.75,4.50,27,'CS 0361',4.00,'PP'),(625,'Fisiosfera Med','OOOO','X','--','0000',3.00,7.00,0,'CM 2102',6.00,'PP'),(626,'Fita Adesiva','OOOO','\'X','--','000',1.66,4.00,33,'CS 0244',4.00,'PP'),(627,'Fita Autoclave','OOOO','X','--','0000',6.90,14.00,5,'CS 0245',12.00,'P'),(628,'Formol','OOOO','X','--','0000',4.00,25.00,6,'LT 0007',25.00,'PP'),(629,'Protetor Travesseiro PVC','OOOO','X','--','0000',5.62,15.00,22,'CS 1392',10.00,'P'),(630,'Funda p/ Hernia Umb AD G','OOOOO','X','--','0000',18.00,40.00,1,'FP 705G',26.00,'G'),(631,'Funda p/ Hernia Umb AD GG','ooooo','x','--','0000',18.00,30.00,1,'FP 705GG',30.00,'GG'),(632,'Funda p/ Hernia Umb AD M','OOOO','X','--','0000',18.00,40.00,2,'FP 705M',30.00,'M'),(633,'Funda p/ Hernia Umb Inf G','OOOO		','X','--','0000',6.00,15.00,1,'FP 0710IG',12.00,'G'),(634,'Funda Hernia Umb Inf M','OOOOO	','X','--','000',6.00,15.00,1,'FP 0710IM',12.00,'M'),(635,'Funda p/ Hernia Umb Inf P','OOOO','X','--','000',6.00,15.00,0,'FP 0710IP',12.00,'P'),(636,'Garfo Pint','OOOO','X','--','0000',9.00,22.00,5,'MV 1195',18.00,'PP'),(637,'Garrote','OOOO		','X','--','0000',2.00,5.00,9,'CS 0305',5.00,'P'),(638,'Glutaron GL','OOOO','X','--','0000',18.00,40.00,0,'LT 0039',36.00,'G'),(639,'Goniometro G','OOOO	','X','--','000',11.00,25.00,0,'AP 1275',22.00,'G'),(640,'Goniometro P','OOO','X','--','000',11.00,25.00,1,'AP 1270',22.00,'P'),(642,'Imobilizador Cotovelo G','OOO','X','--','0000',36.00,80.00,0,'FP 313G',72.00,'G'),(643,'Imob Joelho Estr 70CM','OOOO','X','--','0000',43.00,90.00,0,'FP 503ES70',86.00,'G'),(644,'Imobilizador Tornozelo Economico M','OOOO','X','--','0000',25.00,55.00,1,'GL 330M',50.00,'M'),(645,'Imobilizador Clavicula em 8 G','OOOO','X','--','0000',23.25,50.00,2,'FP 206G',46.00,'G'),(646,'Imobilizador Clavicula em 8 M','OOOO','X','--','000',21.00,45.00,1,'FP 206M',42.00,'M'),(647,'Imobilizador Clavicula em 8 P','OOO','X','--','000',21.00,45.00,1,'FP 206P',42.00,'P'),(648,'Imobilizador Clavicula em 8 PP','OOO','X','--','000',21.00,45.00,2,'FP 206PP',42.00,'PP'),(649,'Imobilizador Tornozelo G','OOOO','X','--','000',32.00,70.00,1,'FP 604G',64.00,'G'),(650,'Imobilizador Tornozelo M','OOO','X','--','000',32.00,70.00,2,'FP 604M',64.00,'M'),(651,'Imobilizador Tornozelo P','OOOO','X','--','000',39.00,85.00,2,'FP 604P',78.00,'P'),(652,'Joelheira Articulada Elástica GG','OOOOO','X','--','000',31.00,65.00,2,'FP 504GG',62.00,'GG'),(653,'Joelheira Articulada Elastica M','OOOO','X','--','0000',31.00,65.00,1,'FP 504M',62.00,'M'),(654,'Joelheira Branca G','OOO','X','--','0000',11.00,20.00,2,'E 411G',20.00,'G'),(655,'Joelheira Branca M','OOOO','X','--','0000',11.00,20.00,1,'E 411M',20.00,'M'),(656,'Joelheira Curta c/ Orificio M','OOOO','X','--','000',11.00,25.00,1,'PA 701M',20.00,'M'),(657,'Joelheira Curta c/ Orificio P','OOOO','X','X','000',11.00,25.00,0,'PA 701P',20.00,'P'),(658,'Joelheira Curta c/Orifício G','OOOO','X','--','0000',10.84,20.00,3,'PA 701G',20.00,'G'),(659,'Joelheira Curta c/Orifício GG','OOOO','X','--','0000',10.84,20.00,4,'PA 701GG',20.00,'GG'),(660,'Joelheira Curta Lisa G','OOOO','X','--','0000',10.00,20.00,0,'PA700G',20.00,'G'),(661,'Joelheira Curta Lisa GG','OOOO','X','--','0000',10.00,20.00,0,'PA 700GG',20.00,'GG'),(662,'Joelheira Curta Lisa M','OOOO','X','--','000',10.00,20.00,0,'PA 700M',20.00,'M'),(663,'Joelheira curta Lisa P','OOOO','X','--','0000',10.00,20.00,2,'PA 700P',20.00,'P'),(664,'Joelheira Elastica p/Patela Bilat GG','OOOO		','X','--','0000',15.25,40.00,1,'FP 0506GG',30.00,'GG'),(665,'Joelheira Elástica p/Patela Bilat G','OOO	','X','--','000',17.50,40.00,3,'FP 0506G',35.00,'G'),(666,'Joelheira Elástica p/Patela Bilat M','OOOO','X','--','00000',17.50,40.00,3,'FP 0506M',35.00,'M'),(667,'Joelheira Elástica p/Patela Bilat P','OOO','X','--','000',17.50,40.00,4,'FP 0506P',35.00,'P'),(668,'Joelheira Longa Lisa M','OOOO','X','--','0000',14.00,40.00,0,'PA 740M',30.00,'M'),(669,'Joelheira Longa Lisa P','OOOOOO','X','--','0000',14.00,40.00,0,'PA 740P',30.00,'P'),(670,'Joelheira Termica G','OOOO','X','--','0000',28.50,60.00,1,'FP 2325G',55.00,'G'),(671,'Joelheira Termica GG','OOOO','X','--','0000',28.50,60.00,0,'FP 2325GG',55.00,'GG'),(672,'Kit Apoio Agua ','OOOO','X','--','00000',12.00,30.00,3,'CS 0040',30.00,'P'),(673,'Kit Apoio Gel','OOO','X','--','0000',13.00,30.00,4,'CS 0038',30.00,'P'),(674,'Kit Solidor','OOOO','X','--','0000',42.56,90.00,0,'PN 0110',75.00,'M'),(675,'Kit Soniclear Completo','OOOOO','X','--','000',20.50,45.00,2,'CS 0399',40.00,'P'),(676,'Lâmina Microscopica Lisa','OOOO	','X','--','0000',2.31,5.00,46,'CS 0289',4.00,'P'),(677,'Lampada p/Otoscopio','OOOO','X','--','0000',17.00,45.00,3,'CS 0238',40.00,'PP'),(678,'Protetor Colchão PVC Solt. ELÁST','OOOO','X','--','0000',12.54,35.00,23,'CS 0031',30.00,'M'),(679,'Protetor Colchão PVC Casal ELÁST','OOOO','X','--','0000',15.75,45.00,12,'CS 8499',45.00,'G'),(680,'Luva Cirurgica 6.5','OOOO','X','--','0000',0.86,2.50,48,'CS 0161',2.50,'P'),(681,'Luva Cirurgica 7.0','OOOO','X','--','0000',0.86,2.50,49,'CS 0164',2.50,'P'),(682,'Luva Cirurgica 7.5','OOOO','X','--','0000',1.16,2.50,78,'CS 0162',2.50,'M'),(683,'Luva Cirurgica 8.0','OOOO','X','--','0000',0.91,2.50,15,'CS 0165',2.50,'G'),(684,'Luva Cirurgica 8.5','OOOO','X','--','0000',0.91,2.00,5,'CS 0163',2.00,'GG'),(685,'Luva Vinil M','OOOO','X','--','00000',10.42,22.00,0,'CS 0035M',22.00,'M'),(686,'Luva Vinil P','OOOO','X','--','0000',7.50,22.00,2,'CS 0035P',22.00,'P'),(687,'Luva Vinil G','OOO','X','--','000',10.53,22.00,4,'CS 0035G',22.00,'G'),(688,'Luva Vinil s/Talco P','OOO','X','--','000',8.80,30.00,5,'CS 0035SP',30.00,'P'),(689,'Luva Vinil s/Talco M','OOOO','X','--','000',8.80,30.00,2,'CS 0035SM',30.00,'M'),(690,'Luva Vinil s/Talco G','OOOO','X','--','000',8.80,30.00,3,'CS 0035SG',30.00,'G'),(691,'Manguito Obeso','OOOO	','X','--','0000',7.00,14.00,2,'CS 0337',14.00,'G'),(692,'Manopla Cad Rodas','OOOO','X','--','000',1.00,2.00,9,'MV 1204',2.00,'P'),(693,'Martelo de Buck','OOOO','X','--','0000',24.00,50.00,1,'IN 0152',50.00,'M'),(694,'Martelo Dejerine','OOOO','X','--','000',15.50,40.00,0,'IN 0153',30.00,'P'),(695,'Masc Desc amarr Grossa','OOOO','X','--','0000',0.10,0.30,400,'CS 0301',0.30,'M'),(696,'Masc Desc Elastica','OOOO','X','--','000',0.07,0.50,56,'CS 0175',0.50,'M'),(697,'Mascara Desc amarr Fina','OOO','X','--','0000',0.09,0.30,167,'CS 0174',0.30,'M'),(698,'Masc Inalação Soniclear AD','OOOO--	','X','--','0000',7.20,14.00,3,'CS 0284',14.00,'G'),(699,'Mascara Inal Soniclear INF','OOO							','X','--','0000',7.20,14.00,1,'CS 0285',14.00,'P'),(700,'Mascara p/ Dormir','OOOO','X','--','0000',9.50,20.00,4,'CS 0435',20.00,'P'),(701,'Mascara Gel para olhos','OOOO','X','--','0000',12.50,24.00,2,'CS 0088',22.00,'M'),(702,'Mascara Gel Fechada p/ olhos','OOOO','X','--','00000',9.50,25.00,2,'CS 0089',25.00,'M'),(703,'Mascara RCP','OOOOO	','0000','--','0000',6.04,14.00,5,'FP 8804',12.00,'P'),(704,'Meia 3/4 Audace G C/P','OOOO','SIGVARIS','--','0000',45.00,90.00,1,'SG 14295',90.00,'G'),(705,'Meia 3/4 Audace G S/P','OOOO	','0000','--','0000',44.48,100.00,2,'SG 14328',90.00,'G'),(706,'Meia 3/4 Audace M C/P','OOOO','X','--','0000',45.00,90.00,0,'SG 14294',90.00,'M'),(707,'Meia 3/4 Audace M S/P','OOOO','SIGVARIS','--','000',44.48,100.00,4,'SG 14329',90.00,'M'),(708,'Meia 3/4 Actitud G','OOOO','SIGVARIS','--','0000',50.62,102.00,2,'SG 12512',100.00,'G'),(709,'Meia 3/4 Actitud M','OOOO','SIGVARIS','--','000',50.62,102.00,1,'SG 12513',100.00,'M'),(710,'Meia 3/4 Actitud P','OOO','SIGVARIS','--','000',50.62,102.00,2,'SG 12511',100.00,'P'),(711,'Meia Calça G','OOOO','SIGVARIS','00','0000',126.00,220.00,1,'SG 7740',220.00,'G'),(712,'Meia Calça M','OOOO','SIGVARIS','--','0000',121.23,245.00,0,'SG 7737',242.00,'M'),(713,'Meia Calça P','OOOO','SIGVARIS','--','00000',130.00,220.00,1,'SG 7734',220.00,'P'),(714,'Meia 3/4 Select G normal','OOOO','SIGVARIS','--','0000',81.73,170.00,2,'SG 7806',170.00,'G'),(715,'Meia 3/4 Select M normal','OOOO','SIGVARIS','--','0000',81.72,185.00,1,'SG 7104',180.00,'M'),(716,'Meia 3/4 Select P normal','OOOO','SIGVARIS','--','0000',91.19,185.00,3,'SG 7109',180.00,'P'),(717,'Meia 7/8 Select G normal','OOOO','SIGVARIS','--','000',112.00,220.00,0,'SG 7812',220.00,'G'),(718,'Meia 7/8 Select M normal','OOOO','SIGVARIS','--','0000',108.37,220.00,0,'SG 7809',216.00,'M'),(719,'Meia 7/8 Select P normal','OOOO','SIGVARIS','--','0000',108.37,220.00,1,'SG 7107',220.00,'P'),(720,'Membrana p/ Estetoscopio G','OOOO','X','--','0000',0.90,2.00,10,'CS 0342',2.00,'G'),(721,'Membrana p/ Estetoscopio P','OOOO','X','--','0000',0.50,2.00,2,'CS 0341',2.00,'P'),(722,'Micronebulizador NS AD','IOOOO','NS','--','0000',8.86,17.00,15,'CS 0390',16.00,'G'),(723,'Micronebulizador NS INF','OOO','NS','--','000',8.86,17.00,20,'CS 0046',16.00,'P'),(724,'Micronebulizador p/ Oxigenio','OOOO','X','--','000',7.00,15.00,3,'CS 0402',14.00,'M'),(725,'Micropore 1,2 X10','OOOO','X','--','0000',1.37,3.50,17,'CS 0253',3.00,'P'),(726,'Micropore 5 X 10','OOOO','X','--','0000',3.12,7.00,18,'CS 0254',7.00,'G'),(727,'Micropore Cor da Pele G','OOOO','X','--','0000',5.24,10.00,6,'CS 0355',10.00,'G'),(728,'Micropore Cor da Pele P','OOO','X','--','000',2.62,6.00,14,'CS 0354',6.00,'P'),(729,'Muleta Canadense Fixa','OOO	','X','VARIADA','0000',23.00,50.00,3,'MV 0017',50.00,'G'),(730,'Muleta Aluminio G PAR','OOO','X','--','000',50.00,110.00,1,'MV 0020',110.00,'G'),(731,'Muleta Aluminio M PAR','OOOO','X','--','000',49.50,110.00,4,'MV 0019',100.00,'M'),(732,'Muleta Aluminio P PAR','ooo','X','--','0000',50.00,110.00,0,'MV 0018\'\'',110.00,'P'),(733,'Muleta Canadense Articulada PAR','OOOO','X','--','0000',49.00,100.00,1,'MV 0021',100.00,'G'),(734,'Munhequeira com polegar','OOO','X','--','0000',13.00,26.00,5,'NO 456',26.00,'M'),(735,'Munhequeira com Abertura Polegar','OOOO	','X','--','0000',13.00,26.00,10,'FP 2401',26.00,'M'),(736,'Munhequeira com Suporte Palmar','OOOO','X','--','000',14.00,32.00,7,'NO 522',30.00,'M'),(737,'Munhequeira Elastica G','OOO','X','--','000',6.00,12.00,0,'FP 403G',12.00,'G'),(738,'Munhequeira Elastica M','OOOO','X','--','0000',6.00,12.00,1,'FP 403M',12.00,'M'),(739,'Munhequeira Elástica Par','OOOO','X','--','000',7.50,15.00,2,'E 511',15.00,'M'),(740,'Munhequeira Elastica TU','OOOO','X','--','0000',4.50,12.00,4,'E 512',10.00,'M'),(741,'Oculos Computador','OOOO','X','--','0000',10.50,22.00,4,'CS 0441',20.00,'G'),(742,'Oculos de Proteção','OOOO','X','--','000',4.00,10.00,2,'CS 4440',10.00,'G'),(743,'Oliva','OOOO','X','--','0000',0.70,2.00,0,'CS 0340',2.00,'P'),(744,'Palmilha Silicone 36/37','OOOO','SILICONFORT','--','0000',32.00,72.00,2,'CS 4637',72.00,'P'),(745,'Palmilha Silicone 38/39','OOOO	','SILICONFORT','--','0000',32.00,72.00,0,'CS 4639',72.00,'M'),(746,'Palmilha Silicone 40/41','OOOO','SILICONFORT','--','0000',32.00,72.00,2,'CS 4641',72.00,'G'),(747,'Palmilha Silicone 34/35','OOOO','SILICONFORT','--','000',32.00,72.00,1,'CS 4535',72.00,'PP'),(748,'Papel p/ ECG 48X30','OOOO','X','--','0000',2.34,4.00,12,'CS 0588',4.00,'M'),(750,'Par Axilares Muleta Alumin','OOOO','X','--','0000',24.00,50.00,3,'JB 0146',50.00,'M'),(751,'Parafusos Muleta','OOOO	','X','--','000',0.40,1.00,15,'CS 0319',1.00,'P'),(752,'Pedal Cad Rodas 1009','OOOO','X','--','0000',16.94,35.00,5,'MV 9978',33.00,'G'),(753,'Pera p/ ECG','OOOO','X','--','0000',1.50,3.00,23,'CS 0333',3.00,'P'),(754,'Pinça Adson 12CM C/ DENTE','OOOO','X','--','000',6.00,13.00,3,'IN 0164',13.00,'M'),(755,'Pinça Adson 12CM C/ SERRILHA','OOOO','X','--','0000',6.00,13.00,6,'IN 0163',13.00,'M'),(756,'Pinça Anatomica 14CM','oooo	','x','--','0000',6.00,12.00,0,'IN 0171',12.00,'P'),(757,'Pinça Anatomica 16CM','OOO','X','--','000',6.00,13.00,0,'IN 0172',13.00,'P'),(758,'Pinça Backhaus 13CM P/ CAMPO','OOOO','X','--','0000',11.00,25.00,5,'IN 0186',25.00,'M'),(759,'Pinça Cheron 24CM ','OOOO','X','--','0000',20.00,42.00,0,'IN 0196',40.00,'GG'),(760,'Pinça Clinica p/ Algodão N17','OOOO','X','--','000',4.00,9.00,2,'IN 0197',9.00,'P'),(761,'Pinça Collin 25CM P/ INSTRUME','OOOO','X','--','000',25.00,48.00,2,'IN 0472',48.00,'G'),(762,'Pinça Collin Coração','OOOO','X','--','000',30.00,62.00,1,'IN 0198',60.00,'M'),(763,'Pinça Dente de Rato 12CM','OOOO','X','--','000',4.82,12.00,7,'IN 0176',12.00,'PP'),(764,'Pinça Dente de Rato 14CM','OOOO','X','--','0000',6.00,13.00,4,'IN 0177',13.00,'G'),(765,'Pinça Dente de Rato 16CM','00000	','X','--','0000',7.00,14.00,1,'IN 0178',14.00,'M'),(766,'Pinça Foerster 18CM RETA','OOOO','XXX','--','000',25.00,50.00,1,'IN 0216',50.00,'M'),(767,'Pinça Foerster 24CM RETA','OOOO','X','--','0000',26.00,55.00,1,'IN 0218',55.00,'M'),(768,'Pinça Halsted Mosq 12CM CURVA','OOOO','X','--','000',10.00,20.00,12,'IN 0225',20.00,'P'),(769,'Pinça Halsted Mosq 12CM RETA','OOOO--	','X','--','0000',10.00,20.00,0,'IN 0224',20.00,'P'),(770,'Pinça Histol PT Fina 14cm','OOOO','X','--','000',7.00,16.00,1,'IN 0425',16.00,'P'),(771,'Pinça Histol PT Fina 16cm','OOOO','X','--','0000',8.00,19.00,2,'IN 0426',19.00,'P'),(772,'Pinça Kelly 14CM CURVA','OOOO','X','--','000',10.00,22.00,2,'IN 0232',22.00,'PP'),(773,'Pinça Kelly 14CM RETA','OOOO','X','--','0000',10.00,22.00,0,'IN 0231',22.00,'P'),(774,'Pinça Kelly 16CM CURVA','OOOO--	','X','--','0000',12.00,25.00,2,'IN 0234',25.00,'P'),(775,'Pinça Kelly 16CM RETA','OOOO','X','--','0000',12.00,25.00,0,'IN 0233',25.00,'PP'),(776,'Pinça Kocher 14CM RETA','OOOO','X','--','0000',13.00,28.00,2,'IN 0235',28.00,'P'),(777,'Pinça Kocher 14CM CURVA','OOOO','X','--','000',12.00,28.00,1,'IN 0236',28.00,'P'),(778,'Pinça Kocher 16CM RETA','OOOO','X','--','0000',14.00,30.00,0,'IN 0237',30.00,'PP'),(779,'Pinça Kocher 16CM CURVA','OOOO','X','--','0000',14.00,30.00,3,'IN 0238',30.00,'PP'),(780,'Pinça Lucae Baioneta p/ Curativo','OOOO','X','--','0000',10.00,20.00,0,'IN 0063',20.00,'P'),(781,'Pinça Pean 16CM','OOOO','X','--','0000',15.00,33.00,1,'IN 0266',33.00,'P'),(782,'Pino Trava Andador','OOOO','X','--','000',3.00,6.00,6,'MV 1693',6.00,'M'),(783,'Pneu Inflavel Aro 24PR','OOOO','X','--','000',30.00,60.00,3,'MV 6203',60.00,'P'),(784,'Pneu Maciço Aro 24PR','OOOO','X','--','0000',15.00,30.00,7,'MV 5672',30.00,'P'),(785,'Pneu Maciço Aro 8PR','OOOO','X','--','000',3.00,7.00,3,'MV 5651',7.00,'P'),(788,'Ponteira Alo','OOOO	','X','--','000',2.50,5.00,0,'CS 0344',5.00,'P'),(789,'Porta Agulha Mathieu 20CM','OOOO','X','--','0000',22.00,47.00,1,'IN 0295',47.00,'PP'),(790,'Porta Agulha Mayo Hegar 14CM','OOOO','X','--','0000',10.00,20.00,1,'IN 1048',20.00,'PP'),(791,'Porta Agulha Mayo Hegar 18CM','OOOO','X','--','0000',18.00,32.00,3,'IN 0297',32.00,'P'),(792,'Protetor Travesseiro Polly','OOOOX','X','--','0000',8.00,16.00,6,'CS 1336',16.00,'P'),(793,'Pote para Coleta Peq','OOOO','X','--','0000',0.20,0.80,78,'CS 0051',0.80,'PP'),(794,'Protetor Ouvido Saq Cordao','OOOO','X','--','0000',0.80,2.00,4,'CS 5050',2.00,'P'),(795,'Protetor Ouvido Silicone c/4','OOOOO	','X','--','0000',6.39,20.00,3,'CS 5052',15.00,'P'),(796,'Protetor Colchão Berço Polly','OOO','X','--','0000',12.00,22.00,5,'CS 1338',22.00,'P'),(797,'Protetor Colchão Casal Polly','OOOO','X','--','0000',22.00,45.00,3,'CS 1337',45.00,'M'),(798,'Protetor Colchão Solteiro Polly','OOO','X','--','0000',7.00,35.00,1,'CS 1333',28.00,'M'),(799,'Protetor Joanete Gel','000','X','--','0000',5.00,12.00,7,'CS 3119',12.00,'P'),(800,'PVPI Aquoso','OOOO','X','--','0000',17.00,30.00,6,'LT 0018',30.00,'P'),(801,'PVPI Degermante','OOOO','X','--','0000',12.00,25.00,6,'LT 0019',25.00,'P'),(802,'PVPI Topico Almotolia','OOOO','X','--','0000',2.00,5.00,3,'CS 0219',5.00,'P'),(803,'Regua Antopometrica','OOOOO','X','--','0000',25.00,50.00,1,'PR 0005',50.00,'P'),(804,'Respirador Bico de Pato','OOOO	','X','--','0000',5.00,10.00,6,'CS 0111',10.00,'P'),(805,'Respiron','OOOOO','X','--','0000',11.96,30.00,3,'AP 0273',25.00,'P'),(806,'Riozyme','OOOO','X','--','0000',21.00,45.00,1,'LT 0022',45.00,'P'),(808,'Roda Aro 8 com Pneu','OOOO','X','--','0000',17.00,28.00,9,'MV 6220',26.00,'M'),(809,'Roda com Pneu Aro 06 Preto FINO','OOOO	','X','--','0000',10.99,32.00,3,'MV 7070',22.00,'M'),(811,'Saf Gel','OOOO	','X','--','000',38.45,90.00,3,'CV 0964',80.00,'M'),(812,'Saf Gel Generico ','OOO','X','000','000',11.39,30.00,1,'CV 0945GN',30.00,'M'),(813,'Salto Ortopedico G','OOOO','X','--','000',0.55,2.20,45,'CS 0125',2.20,'G'),(814,'Salto Ortopedico M','OOOO','X','--','000',0.50,2.20,42,'CS 0124',2.20,'M'),(815,'Salto Ortopedico P','OOOO','X','--','0000',0.50,2.20,14,'CS 0123',2.20,'P'),(816,'Sandália de Baruk M','OOOO','X','0000','000',27.00,54.00,1,'GL 358M',54.00,'M'),(817,'Sandália Propé Desc cento','OOOO--	','X','--','0000',7.20,16.00,0,'CS 0225',15.00,'P'),(818,'Separador de Dedos G','OOOO','X','--','0000',5.00,10.00,1,'CS 3162',10.00,'G'),(819,'Separador de Dedos M','oooo	--','X','--','0000',5.00,10.00,1,'CS 3161',10.00,'M'),(820,'Separador de Dedos P','0000	','X','--','0000',5.00,10.00,1,'CS 3160',10.00,'P'),(821,'Seringa 10ML','OOOO		','X','--','0000',1.17,1.00,0,'CS 0150',1.00,'P'),(822,'Seringa 5ML','OOOO','X','---','0000',0.50,1.00,202,'CS 0149',1.00,'M'),(823,'Seringa 60ml','OOOO','X','--','0000',3.00,8.00,26,'CS 0063',7.00,'G'),(824,'Seringa Desc Insulina c/Agulha 1ML','OOOO','X','--','0000',0.27,1.00,697,'CS 0140',1.00,'P'),(825,'Seringa Carpule','OOOO','X','--','0000',12.00,23.00,3,'IN 0XC1',23.00,'P'),(826,'Sling G','OOOO','X','--','0000',15.00,30.00,1,'FP 502IG',30.00,'G'),(827,'Sling P','OOOO','X','--','0000',15.00,30.00,1,'FP 502IP',30.00,'P'),(828,'Sonda Asp Traqueal N10','OOOO','X','--','0000',0.50,1.00,24,'CS 0216',1.00,'P'),(829,'Sonda Asp Traqueal N14','0OOOO	','X','--','0000',0.50,1.00,24,'CS 0202',1.00,'PP'),(830,'Sonda Asp Traqueal N12','OOOO','X','--','0000',0.50,1.00,22,'CS 0213',1.00,'P'),(831,'Sonda Asp Traqueal N8','OOOO','X','--','0000',0.50,1.00,34,'CS 0211',1.00,'PP'),(832,'Sonda Dobbhoff N12 C/GUIA','OOOO','X','--','000',15.00,30.00,2,'CS 1707',30.00,'GG'),(833,'Sonda Nasogastrica N14','OOOO','X','--','000',0.50,1.50,5,'CS 0204',1.50,'P'),(834,'Sonda Nasogastrica N16','OOOO','X','--','0000',0.50,1.50,6,'CS 0205',1.50,'M'),(835,'Sonda Nasograstica N18','OOOO','X','--','0000',0.50,1.50,17,'CS 0206',1.40,'M'),(836,'Sonda Retal N22','0000','X','--','0000',0.50,1.20,4,'CS 0200',1.00,'P'),(837,'Sonda Uretral N4 ','OOOO','X','--','0000',0.37,1.00,44,'CS 0114',1.00,'M'),(838,'Sonda Uretral N14','0000','X','--','0000',0.50,1.00,14,'CS 0209',1.00,'M'),(839,'Sonda Uretral N16','OOOO','X','--','0000',0.50,1.00,43,'CS 0210',1.00,'G'),(840,'Sonda Uretral N18','OOOOO','X','--','0000',0.50,1.00,37,'CS 0028',1.00,'P'),(841,'Soro Fisiologico 250ML','OOOO','X','--','0000',2.60,6.00,25,'CS 0370',5.50,'M'),(842,'Soro Fisiologico 500ML','OOOOO','X','--','00000',2.65,7.00,48,'CS 0444',6.20,'P'),(843,'Soro Glicosado 5% 250ML','OOOOO','X','--','00000',2.60,6.00,28,'CS 0445',4.90,'G'),(844,'Soro Glicosado 5% 500ML','OOOOO','X','--','0000',2.70,6.00,10,'CS 0407',6.00,'G'),(845,'Suporte Ombro Elástico G','OOOO','X','--','0000',26.13,65.00,2,'CH 099G',60.00,'G'),(846,'Suporte Ombro Elástico GG','OOOO','X','--','0000',35.00,75.00,1,'CH 099GG',75.00,'GG'),(847,'Suporte Ombro Elástico M','OOOO','X','--','0000',35.00,75.00,0,'CH 099M',75.00,'M'),(848,'Suporte Ombro Neoprene G','OOOO','X','--','0000',40.00,80.00,3,'CH 024G',80.00,'G'),(849,'Suporte Ombro Neoprene GG','OOOO','X','--','00000',40.00,80.00,2,'CH 024GG',80.00,'GG'),(850,'Suporte Ombro Neoprene M','OOOO	','X','--','0000',40.00,80.00,4,'CH 024M',80.00,'M'),(851,'Suporte Ombro Neoprene P','OOOOO','X','--','0000',42.00,80.00,1,'CH 024P',80.00,'P'),(852,'Suporte p/ Papel Lençol','OOOO	','X','--','0000',40.00,80.00,1,'CS 1400',80.00,'M'),(853,'Suporte Panturrilha G','OOOO','X','--','0000',17.00,35.00,2,'CH 021G',35.00,'G'),(854,'Suporte Panturrilha M','OOOO--	','X','--','0000',17.00,35.00,0,'CH 021M',35.00,'M'),(855,'Tala Ampla Punho/poleg Neoprene Dir P','OOOO','X','--','0000',18.00,40.00,1,'FP 2413DP',40.00,'P'),(856,'Tala Cristal p/Dedo Ext G','OOOO','X','--','0000',11.00,22.00,1,'FP 416G',22.00,'G'),(857,'Tala Cristal p/ Dedo Ext M','OOOO','X','--','0000',11.00,22.00,1,'FP 416M',22.00,'M'),(858,'Tala Cristal p/Dedo Ext P','OOOO','X','--','0000',11.00,22.00,0,'FP 416P',22.00,'P'),(859,'Tala Cristal p/Dedo Ext GG','OOOO','X','--','0000',11.00,22.00,1,'FP 416GG',22.00,'GG'),(860,'Tala Cristal p/ Dedo Ext PP','OOOO','X','--','000',11.00,22.00,1,'FP 416PP',22.00,'PP'),(861,'Tala Dedo Martelo G','OOOOO','X','--','0000',22.00,45.00,1,'SV 479G',40.00,'G'),(862,'Tala Dedo Martelo GG','OOOO','X','--','00000',22.00,45.00,1,'SV 479GG',40.00,'GG'),(863,'Tala Dedo Martelo M','OOOO','X','--','000000',22.00,45.00,0,'SV 0479M',40.00,'M'),(864,'Tala Dedo Martelo P','OOOO','X','--','0000',11.00,22.00,1,'SV 0479P',22.00,'P'),(865,'Tala Dinam p/ Dedo G','OOOOO','X','--','0000',9.00,20.00,1,'GL 0230G',20.00,'G'),(866,'Tala Dinam p/Dedo M','OOO','X','--','000',9.00,20.00,0,'GL 0230M',20.00,'M'),(867,'Tala Dinam p/Dedo P','OOOO','X','--','000',9.00,20.00,0,'GL 0230P',20.00,'P'),(868,'Tala Dinam p/Dedo PP','OOOO','X','--','000',9.00,20.00,2,'GL 0230PP',20.00,'PP'),(871,'Tala Metálica 1m2X2 P','OOOOO','X','--','0000',0.25,1.00,33,'CS 0120',1.00,'P'),(872,'Tala Metálica 1,6X2 M','OOOO','X','--','0000',0.25,1.00,37,'CS 0121',1.00,'M'),(873,'Tala Metálica 2.0X2 G','OOOO','X','--','0000',0.40,1.00,34,'CS 0122',1.00,'G'),(874,'Tala Metálica 2,6X25','OOOO','X','--','000',0.40,1.00,12,'CS 0127',1.00,'G'),(875,'Tala Mold p/ Dedo','OOOO','X','--','000',8.00,18.00,2,'FP 0427',16.00,'G'),(876,'Tala PVC Dedo Curva G','OOO','X','--','0000',10.00,20.00,1,'GL 0232G',20.00,'G'),(877,'Tala PVC Dedo Curva GG','OOOO','X','--','0000',10.00,20.00,1,'GL 0232GG',20.00,'GG'),(878,'Tala PVC Dedo Curva M','OOOO','X','--','000',10.00,20.00,0,'GL 0232M',20.00,'M'),(879,'Tala PVC Dedo Curva P','OOOO','X','--','000',10.00,20.00,1,'GL 0232P',20.00,'P'),(880,'Tala PVC Dedo Curva PP','OOOO','OOO','--','000',10.00,20.00,1,'GL 0232PP',20.00,'PP'),(881,'Tala PVC Dedo Reta G','OOOO','X','--','0000',10.00,20.00,0,'GL 0231G',20.00,'G'),(882,'Tala PVC Dedo Reta GG','OOOO','X','--','000',10.00,20.00,1,'GL 0231GG',20.00,'GG'),(883,'Tala PVC Dedo Reta M','OOOO','X','--','000',10.00,20.00,0,'GL 0231M',20.00,'M'),(884,'Tala PVC Dedo Reta P','OOOO','X','--','0000',10.00,20.00,1,'GL 0231P',20.00,'P'),(885,'Tala PVC Dedo Reta PP','OOOO','X','--','000',10.00,20.00,1,'GL 0231PP',20.00,'PP'),(886,'Tala PVC Punho Maos e Dedos D','OOOO	','X','--','000',30.00,65.00,3,'FP 410D',60.00,'M'),(887,'Tala PVC Punho Maos e Dedos E','OOO','X','--','0000',30.00,65.00,3,'FP 410E',60.00,'G'),(888,'Tala PVC Punho Polegar D','OOOO','X','--','00000',31.80,65.00,2,'FP 411D',60.00,'G'),(889,'Tala PVC Punho Polegar E','OOOO','X','--','0000',31.80,65.00,3,'FP 411E',60.00,'M'),(890,'Talco Neutro','OOOOO','X','--','0000',2.00,4.00,2,'LT 0055',4.00,'G'),(891,'Tampas p/Colchão d´água','OOOO','X','--','0000',2.00,4.00,2,'CS 0321',4.00,'M'),(892,'Tentacanula 15cm','000	','X','--','0000',2.00,4.00,2,'IN 0308',4.00,'P'),(893,'Termometro Clinico Oval','OOOO','X','--','0000',3.00,6.00,2,'CS 0192',6.00,'P'),(894,'Termometro Clinico Prismatico','OOO','X','--','00000',2.00,4.00,0,'CS 0193',4.00,'M'),(895,'Termometro Digital','OOOO','X','--','0000',7.33,20.00,5,'AP 0022',15.00,'PP'),(896,'Termometro p/ Estufa','OOOO','X','--','0000',20.00,45.00,0,'AP 0010',40.00,'M'),(897,'Termometro Veterinario','OOOOO','X','--','0000',20.00,40.00,2,'AP 0099',40.00,'M'),(898,'Tesoura Cirúrg 15cm Curva F/F','OOOOO','X','--','0000',8.00,18.00,5,'IN 0312',18.00,'M'),(899,'Tesoura Cirúrg 15cm Curva F/R','OOOOO--	','X','--','0000',8.00,18.00,3,'IN 0313',18.00,'M'),(900,'Tesoura Cirúrg 15cm Curva R/R','OOOO','X','--','0000',8.00,18.00,6,'IN 0314',18.00,'P'),(901,'Tesoura Cirúrg 15cm Reta F/F','OOOOO--	','X','--','0000',8.00,18.00,3,'IN 0309',18.00,'M'),(902,'Tesoura Cirúrg 15cm Reta F/R','OOOO--	','X','--','0000',8.00,18.00,3,'IN 0310',18.00,'M'),(903,'Tesoura Cirúrg 15cm Reta R/R','OOOO','X','--','0000',8.00,18.00,7,'IN 0311',18.00,'M'),(904,'Tesoura Iris Ret 8cm','OOOO','X','--','0000',10.00,22.00,2,'IN 0897',21.00,'G'),(905,'Tesoura Joseph 14cm CURVA','OOOO','X','--','0000',12.00,24.00,1,'IN 0392',24.00,'P'),(906,'Tesoura Joseph 14CM RETA','OOOO	','X','--','0000',10.00,25.00,1,'IN 0391',20.00,'G'),(907,'Tesoura Lister 17cm Bandagem','OOOOO','X','--','00000',17.00,35.00,2,'IN 0324',35.00,'P'),(908,'Tesoura Lister 19CM Bandagem','OOOOO','X','--','0000',20.00,45.00,2,'IN 0325',45.00,'M'),(909,'Tesoura Metzembaum Reta','OOOO','X','--','0000',13.00,30.00,1,'IN 0332',26.00,'G'),(910,'Tesoura Metzembaum Curva','OOOOO','X','--','0000',13.00,30.00,3,'IN 0333',26.00,'M'),(911,'Tesoura p/Iris Curva','OOOO','X','--','0000',8.00,16.00,2,'IN 0322',16.00,'M'),(912,'Tesoura p/Iris Reta','OOOO','X','--','0000',8.00,16.00,1,'IN 0321',16.00,'M'),(913,'Tesoura p/Ouro Curva','OOOO','X','--','0000',10.00,20.00,2,'IN 0341',20.00,'G'),(914,'Tesoura p/Ouro Reta','OOOO','X','--','0000',10.00,20.00,1,'IN 0340',20.00,'G'),(915,'Tesoura Spencer p/Ret Ptos RT','OOOOO','X','--','0000',13.00,30.00,0,'IN 0344',26.00,'M'),(916,'Tira SubPatelar c/Almof M','OOO--	','X','-','0000',7.00,15.00,2,'FP 505',15.00,'M'),(917,'Tira SubPatelar Neoprene','OOOO','X','--','0000',8.00,20.00,3,'N 1012',20.00,'M'),(918,'Torneirinha 3 Vias','OOOO','X','--','0000',0.40,1.00,15,'CS 0030',1.00,'M'),(919,'Tornozeleira Elastica G','OOOO','X','--','000',7.80,16.00,1,'E 111G',15.00,'G'),(920,'Tornozeleira Elastica M','OOOO','X','--','0000',9.00,20.00,1,'E 111M',20.00,'M'),(921,'Tornozeleira Elástica P','POOOO','X','--','0000',10.00,20.00,4,'E 111P',20.00,'P'),(922,'Tornozeleira Curta Neoprene PP','OOOO','X','--','000',15.00,30.00,1,'FP 2200CTPP',30.00,'PP'),(923,'Tornozeleira Curta Neoprene G','OOOO','X','--','0000',10.00,20.00,6,'FP 2200CTG',20.00,'G'),(924,'Tornozeleira Curta Neoprene GG','OOOO','X','--','0000',10.00,20.00,1,'FP 2200CTGG',20.00,'GG'),(925,'Tornozeleira Curta Neoprene M','OOOO','X','--','000',10.00,20.00,3,'FP 2200CTM',20.00,'M'),(926,'Tornozeleira Curta Neoprene P','OOOOO','X','--','000',10.00,20.00,2,'FP 2200CTP',20.00,'P'),(927,'Tornozeleira em Oito G','OOOOO','X','--','0000',5.50,15.00,4,'FP 602G',15.00,'G'),(928,'Tornozeleira em Oito M','OOOOO','X','--','0000',5.50,15.00,3,'FP 602M',15.00,'M'),(929,'Tornozeleira em Oito P','OOOO','X','--','0000',5.50,15.00,5,'FP 602P',15.00,'P'),(930,'Tornozeleira Longa Neoprene G','OOOO','X','--','0000',13.00,30.00,5,'FP 2200LGG',30.00,'G'),(931,'Tornozeleira Longa Neoprene GG','OOOO','X','--','0000',15.00,30.00,6,'FP 2200LGGG',30.00,'GG'),(932,'Tornozeleira Longa Neoprene M','OOOO','X','--','0000',13.00,30.00,9,'FP 2200LGM',30.00,'M'),(933,'Tornozeleira Longa Neoprene P','OOOOO','X','--','0000',15.00,20.00,8,'FP 2200LGP',20.00,'P'),(934,'Traqueia Icel','OOOOO','X','--','0000',2.00,4.00,8,'CS 0406',4.00,'M'),(935,'Tubo de Gel s/ Malha G','OOOOO','X','--','0000',6.00,12.00,4,'CS 3112G',12.00,'G'),(936,'Tubo de Gel s/ Malha M','OOOOO','X','--','0000',6.00,12.00,4,'CS 3112M',12.00,'M'),(937,'Tubo de Gel s/ Malha P','OOOO','X','--','0000',6.00,12.00,2,'CS 3112P',12.00,'P'),(938,'Tubo Digital Recort Gel G','OOO','X','--','0000',5.00,12.00,4,'CS 3113G',12.00,'G'),(939,'Tubo Digital Recort Gel M','OOOO','X','--','0000',5.00,12.00,2,'CS 3113M',12.00,'M'),(940,'Tubo Digital Recort Gel P','OOOO','X','--','00000',5.00,12.00,2,'CS 3113P',12.00,'P'),(941,'Tubo Latex 200','OOOO','X','--','0000',0.58,1.50,21,'CS 0346',1.50,'P'),(942,'Tubo Latex 201','OOOO	','X','--','00000',1.32,4.00,30,'CS 0347',4.00,'M'),(943,'Tubo Latex 202','OOOOO','X','--','0000',1.93,4.00,51,'CS 0348',4.00,'M'),(944,'Tubo Latex 203','OOOO','X','--','000\'',1.89,4.00,44,'CS 0349',4.00,'M'),(945,'Tubo Latex 204','OOOOO','X','--','00000',2.85,6.00,75,'CS 0350',6.00,'M'),(946,'Tubo Latex 205','OOOO','X','--','0000',3.24,7.00,65,'CS 0351',6.00,'G'),(947,'Valvula p/ Ap Pressao Rosca','OOOO','X','--','0000',2.82,8.00,20,'CS 0338',8.00,'P'),(948,'Colar Cervical Espuma Azul INF.NN','OOOOOOOO','X','--','0000000',10.50,22.00,0,'FP 101NN',20.00,'PP'),(949,'Colar Cervical Espuma Azul INF.PED','OOOOO','X','--','00000',12.00,22.00,4,'FP 101PED',22.00,'PP'),(950,'Funda p/hernia Umb AD P','OOOOOO','X','--','00000',18.00,40.00,0,'FP 705P',37.00,'P'),(951,'Almofada CX Ovo queijo c/Capa','OOOOO	','X','--','00000',35.40,72.00,2,'AF 638',70.00,'G'),(952,'Almofada Cx Ovo Quadr. c/Furo','OOOO','X','--','00000',4.72,10.00,2,'ES 1743',10.00,'M'),(953,'Almofada CX Ovo Red. c/Furo','ooooo','x','--','0000',4.99,10.00,0,'ES 1745',10.00,'M'),(954,'Colchão Hospitalar c/Capa','OOOOO','X','--','0000',158.40,325.00,0,'ES 1736',300.00,'G'),(955,'Protetor p/Calo Silicone','OOOOO','X','--','0000',11.93,25.00,12,'DR 78678',22.00,'M'),(956,'Kit Insulina 250G c/sachê','OOOO','X','--','0000',18.42,38.00,1,'ST 75855',36.00,'M'),(957,'Kit Insulina 500G c/Sache','OOOOOO','X','--','0000',22.80,46.00,1,'ST 75857',45.00,'G'),(958,'Respire Melhor c/10','OOOOO','X','--','0000',10.51,22.00,2,'ST 78024',20.00,'G'),(959,'Soro Fisiológico 500ml Frasco','OOOOO','X','--','00000',1.20,3.00,5,'ST 46753',2.50,'M'),(960,'Travesseiro PILLOW','OOOOO','X','--','00000',34.40,72.00,1,'ST 75615',68.00,'M'),(961,'Tipóia Take Care DIR. P','OOOOO','X','--','0000',11.00,22.00,2,'O 1233P',22.00,'P'),(962,'Tipóia Take Care DIR. M','OOOO	','X','--','00000',11.00,22.00,4,'O 1233M',22.00,'M'),(963,'Tipóia Take Care DIR G','OOOO	','X','--','00000',11.00,22.00,4,'O 1233G',22.00,'G'),(964,'Tipóia Take Care ESQ.P','OOOOO','X','--','00000',11.00,22.00,4,'O 1243P',22.00,'P'),(965,'Tipóia Take Care ESQ.M','OOOOOO','X','--','00000',11.00,22.00,4,'O 1243M',22.00,'M'),(966,'Tipóia Take Care ESQ.G','OOOOO','X','--','00000',11.00,22.00,3,'O 1243G',22.00,'G'),(967,'Roda com Pneu Aro 6 larg. cinza','OOOO','JAGUARIBE','--','00000',19.88,45.00,11,'MV 1563',40.00,'M'),(968,'Cadeira Banho DB','oooooo	','ooooo','--','00000',191.00,390.00,1,'MV 6055',382.00,'M'),(969,'Barra Apoio 80cm','OOOO','X','--','00000',29.80,75.00,1,'MV 1444',62.00,'G'),(970,'Barra Apoio 100cm','OOOOO','X','--','00000',29.80,85.00,1,'MV 1445',67.00,'GG'),(971,'Cadeira Banho BR SANITARIO','ooooooo	','x','--','0000',149.80,320.00,2,'MV 1944',300.00,'G'),(972,'Meia 3/4 Select P Curta','ooooo','Sigvaris','--','0000000',81.72,170.00,0,'SG 7109C',170.00,'P'),(973,'Meia 3/4 Select P Longa','oooooo','Sigvaris','--','00000',81.72,170.00,0,'SG 7109L',170.00,'P'),(974,'Meia 3/4 Select M Curta','oooo','Sigvaris','--','0000',81.72,170.00,1,'SG 4104C',170.00,'M'),(975,'Meia 3/4 Select M Longa','oooooo','Sigvaris','--','00000',81.72,170.00,0,'SG 7104L',170.00,'M'),(976,'Meia 3/4 Select G Curta','ooooo','Sigvaris','--','0000',81.73,170.00,0,'SG 7806C',170.00,'G'),(977,'Meia 3/4 Select G Longa','ooooo','Sigvaris','--','0000',81.73,170.00,0,'SG 7812L',170.00,'G'),(978,'Meia 3/4 Audace P S/P','oooo','Sigvaris','--','00000',44.48,100.00,4,'SG 1442P',90.00,'P'),(979,'Tipóia Simples P','OOOOO','X','--','0000',9.83,22.00,0,'FP 306P',20.00,'P'),(980,'Tipóia Simples G','OOOOOO','X','--','00000',9.83,22.00,2,'FP 306G',20.00,'G'),(981,'Tipóia Simples PP','OOOOO','X','--','000000',9.83,20.00,0,'FP 306PP',20.00,'PP'),(982,'Agulha 40x1,6','OOOOO','BD','--','000000',0.10,0.25,400,'CS 00121',0.20,'G'),(983,'Tala Longa Mercur DP','OOOOOOOOOOO','MERCUR','--','00000',25.91,55.00,1,'B 060057DP',55.00,'P'),(984,'Tala Longa Mercur DM','ooooooo','MERCUR','--','000000',25.91,55.00,1,'B 060057DM',55.00,'M'),(985,'Tala Longa Mercur DG','OOOOOO','MERCUR','--','000000',25.91,55.00,1,'B 060057DG',55.00,'G'),(986,'Tala Longa Mercur EP','OOOOOOO','MERCUR','--','0000000',25.91,55.00,0,'B 060057EP',55.00,'P'),(987,'Tala Longa Mercur EM','OOOOOO','MERCUR','--','0000000',25.91,55.00,1,'B 060057EM',55.00,'M'),(988,'Tala Longa Mercur EG','OOOOOO','MERCUR','--','000000',25.91,55.00,1,'B 060057EG',55.00,'G'),(989,'Cinta Neop. p/ Bolsa Gelo MEMBROS ART','OOOOOO','MERCUR','--','000000',27.59,60.00,1,'B 060123',60.00,'G'),(990,'Bolsa p/ Gelo Flexível','OOOOO','MERCUR','--','00000',44.39,90.00,1,'B 06061522',90.00,'M'),(991,'Suporte Duplo Costas/Cintura M','OOOOOO','MERCUR','--','000000',94.52,195.00,1,'B 0610072',190.00,'M'),(992,'Suporte Duplo Costas/Cintura G','OOOOOO','MERCUR','--','00000',94.52,195.00,1,'B 0610072G',190.00,'G'),(993,'Cinta Neop. Membros/Artic s/ Bolsa','OOOOOO','MERCUR','--','00000',31.50,72.00,2,'B 0612011',65.00,'G'),(994,'Cinta Neop. Costa/Ombros s/ Bolsa','OOOOO','MERCUR','--','00000',39.38,84.00,1,'B 061201150',80.00,'G'),(995,'Cinta Neop. Membros/Artic c/ Bolsa','OOOOO','MERCUR','--','00000',53.33,115.00,0,'B 06120CB',110.00,'G'),(996,'Cinta Neop. Costa/Ombros c/ Bolsa','OOOOOO','MERCUR','--','0000000',66.68,145.00,1,'B 2208',140.00,'G'),(997,'Apoio Lateral p/ Vaso Sanitário','OOOOOOO','MERCUR','--','000000',142.57,295.00,1,'B 061529',285.00,'G'),(998,'Faixa Abdominal Neoprene 20cm','OOOOOO','TAKE CARE','PRETA','00000',28.00,65.00,5,'N 0312',60.00,'M'),(999,'Faixa Abdominal Neoprene 25cm','OOOOOO','TAKE CARE','--','00000',40.00,85.00,7,'N 0322',80.00,'G'),(1000,'Protetor Palmar c/ Polegar P LUVA PAR','OOOOOO','X','--','00000',22.00,50.00,1,'N 0612P',44.00,'P'),(1001,'Protetor Palmar c/ Polegar M LUVA PAR','OOOOO','X','--','00000',22.00,50.00,1,'N 0612M',44.00,'M'),(1002,'Protetor Palmar c/ Polegar G LUVA PAR','OOOOOO','X','--','00000',22.00,50.00,1,'N 0612G',44.00,'G'),(1003,'Protetor Palmar c/ Polegar GG LUVA PAR','OOOOO','X','--','00000',22.00,50.00,1,'N 0612GG',44.00,'GG'),(1004,'Tornozeleira Ajustável','OOOOO','X','--','00000',19.00,42.00,4,'N 1122',40.00,'M'),(1005,'Kit Medidor Glicose G.TECH','OOOO	','G.TECH','--','00000',40.00,90.00,0,'G 0110',80.00,'G'),(1006,'Coletor secreção e Urina Embramed','0000	','EMBRAMED','--','0000',2.62,7.00,1,'78458',6.00,'G'),(1007,'Maleta p/ Medicamentos','OOOO','X','--','00000',33.43,72.00,0,'79673',68.00,'G'),(1008,'Tala Elástica p/ Punho Dir. M','OOOOO','X','--','00000',15.20,35.00,1,'GL 252DM',30.00,'M'),(1009,'Tala Elástica p/ Punho Dir. G','OOOOO','X','--','0000',15.20,35.00,1,'GL 252DG',30.00,'G'),(1010,'Tala Elástica p/ Punho Esquerdo P','OOOOO','X','--','00000',15.20,35.00,1,'GL 252EP',30.00,'P'),(1011,'Almofada CX OVO GLC','OOOOO','GLC','--','0000',9.50,20.00,0,'AF 9026',20.00,'M'),(1012,'Imobilizador Tornozelo Econômico P','OOOOO','X','--','00000',25.00,55.00,1,'GL 330P',50.00,'P'),(1013,'Imobilizador Tornozelo Econômico G','OOOOO','X','--','00000',25.00,55.00,0,'GL 330G',50.00,'G'),(1014,'Tornozeleira em Oito GG','OOOOO','X','--','00000',5.50,15.00,2,'FP 602GG',12.00,'GG'),(1015,'Tira Sub Patelar Almof P','OOOOO','X','--','0000',7.10,20.00,1,'FP 505P',15.00,'P'),(1016,'Tira Sub Patelar Almof G','OOOOO','X','--','0000',7.10,20.00,1,'FP 505G',15.00,'G'),(1017,'Amortecedor p/Esporão P','OOOOO','X','--','0000',6.50,15.00,1,'FP 357P',12.00,'P'),(1018,'Amortecedor p/Esporão M','OOOO','X','--','0000',6.50,15.00,1,'FP 357M',12.00,'M'),(1019,'Amortecedor p/Esporão G','OOOO','X','--','0000',6.50,15.00,1,'FP 357G',12.00,'G'),(1020,'Amortecedor p/Esporão GG','OOOOO','X','--','0000',6.50,15.00,1,'FP 357GG',12.00,'GG'),(1021,'Lençol Plást. VapVupt Solt. ZÍPER','oooo','slip','--','0',20.48,45.00,5,'CS 0486',42.00,'M'),(1022,'Protetor Colchão PVC Casal ZÍPER','OOOOO','SLIP','--','0',26.32,60.00,5,'CS 0487',55.00,'G'),(1023,'Cadeira Rodas POTTY','OOOOO','JAGUARIBE','--','00000',649.00,1400.00,2,'MV 0278',1300.00,'GGG'),(1024,'Braçadeira c/ Manguito fecho Velcro ','OOOOO','X','--','00000',14.38,30.00,6,'CS 1286',26.00,'M'),(1025,'SHAKER Ap Exerc. RESP','OOOOO','X','--','000000',43.28,86.00,2,'SHA 001',90.00,'M'),(1028,'Braçadeira c/Manguito Fecho Metal','OOOOO','X','--','0000',13.75,30.00,2,'CS 12865',28.00,'M'),(1029,'Lamina Bisturi N11','OOOOOOOO','X','--','0000',0.14,0.50,174,'LWP 11',0.30,'P'),(1030,'Bandagem Elástica Adesiva 5x5','oooo','Kinesio','--','0000',33.00,72.00,8,'BD 30051',66.00,'M'),(1031,'Tala Ajustável Take Care DIR.','OOOOO','TAKE CARE','--','000000',27.00,64.00,2,'FP 0922D',55.00,'M'),(1032,'Tala Ajustável Take Care Esq.','OOOOO','TAKE CARE','--','0000',27.00,64.00,2,'FP 0912',55.00,'M'),(1033,'Maleta Primeiros Socorros','OOOOO','EMIFRAN','--','00000',33.43,70.00,0,'EM 79673',67.00,'G'),(1034,'Termômetro Digital Max. e Mín','OOOO','X','--','0000',24.00,50.00,1,'TR 100',48.00,'M'),(1035,'Balança Digital','OOOOOO','X','--','0000',32.00,75.00,1,'CS 210Q',65.00,'M'),(1036,'Tala Ajustável Mercur','OOOOO','MERCUR','--','0000',48.41,97.00,1,'BC 0052D',97.00,'M'),(1037,'Tala Ajustável Mercur Esq','OOOOO','MERCUR','--','00000',48.41,97.00,1,'BC 0052E',97.00,'M'),(1038,'Cinta p/ Gestante Mercur P','OOOO','MERCUR','--','0000',31.13,70.00,1,'BC 0181A',62.00,'P'),(1039,'Cinta p/ Gestante Mercur M','OOOO','MERCUR','--','0000',31.13,70.00,1,'BC 0181B',64.00,'M'),(1040,'Cinta p/ Gestante Mercur G','oooooo','MERCUR','--','00000',31.13,70.00,1,'BC 0181C',64.00,'G'),(1041,'Imobilizador de Tornozelo Mercur P','OOOOO','MERCUR','--','00000',48.31,97.00,1,'BC 0642A',97.00,'P'),(1042,'Imobilizador de Tornozelo Mercur M','OOOOO','MERCUR','--','00000',48.31,97.00,1,'BC 0642B',97.00,'M'),(1043,'Imobilizador de Tornozelo Mercur G','oooooo','MERCUR','--','00000',48.31,97.00,1,'BC 0642C',97.00,'G'),(1044,'Puxador p/ Faixa Elástica Par','oooooo','x','--','00000',29.26,64.00,4,'BC 1200',58.00,'M'),(1045,'Banco p/ Banho Mercur','OOOOO	','X','--','0000',144.78,290.00,1,'BC 1523',290.00,'M'),(1046,'Bola Fisiobol Mercur un','OOOOOO','X','--','00000',23.13,18.00,0,'BC 0140',18.00,'M'),(1047,'Faixa Elástica Mercur VERMELHA','OOOOO	','MERCUR','VERMELHA','00000',21.30,50.00,1,'BC 1461',43.00,'M'),(1048,'Faixa Elástica Mercur VERDE','OOOOO','MERCUR','--','00000',24.63,55.00,1,'BC 1461VD',49.00,'M'),(1049,'Faixa Elástica Mercur AZUL','OOOOO','MERCUR','--','00000',29.13,60.00,1,'BC 1461AZ',58.00,'M'),(1050,'Faixa Elástica Mercur AMARELA','OOOOO','MERCUR','--','00000',19.56,45.00,1,'BC 1461AM',39.00,'M'),(1051,'Suporte p/ Cotovelo Ajustável Mercur','OOOOO','MERCUR','--','00000',39.85,82.00,1,'BC 0061',79.00,'M'),(1052,'Tornozeleira Espotiva Cadarço Par G','OOOOO','MERCUR','--','0000',31.82,65.00,1,'BC 0046C',63.00,'G'),(1053,'Tornozeleira Esportiva Cadarço Par M','OOOOO','MERCUR','--','0000',31.82,65.00,1,'BC 0046B',63.00,'M'),(1054,'Tornozeleira Esportiva Cadarço P','OOOOO','MERCUR','--','00000',31.82,67.00,1,'BC 0046A',63.00,'P'),(1055,'Fisiobol Massagem 10cm','OOOOO','X','--','00000',17.62,36.00,0,'BC 0145-1',36.00,'G'),(1056,'Fisiobol Massagem 6cm','OOOO','X','--','0000',11.15,26.00,1,'BC 0145-6',23.00,'P'),(1057,'Fisiobol Massagem 8cm','OOOOO','X','--','0000',13.56,32.00,2,'BC 0145-8',27.00,'M'),(1058,'Bolsa Gel para Olhos','oooooo	','MERCUR','--','ooooo',11.47,25.00,2,'BC 0256',23.00,'M'),(1059,'Fita Adesiva 3M','OOOO','3M','--','00000',2.88,6.50,4,'CS 1228',5.80,'M'),(1060,'Fluxometro P/O2','OOOO','X','--','0000',26.60,60.00,4,'CS 1355',55.00,'M'),(1061,'Meia Select 30-40 panturr P','OOOOO','SIGVARIS','--','000000',98.40,190.00,1,'FP 863P',180.00,'P'),(1062,'Meia Select 30-40 panturr M','OOOOO','SIGVARIS','--','00000',98.40,190.00,0,'FP 863M',180.00,'M'),(1063,'Meia Select 30-40 panturr G','OOOO','SIGVARIS','--','0000',98.40,190.00,3,'FP 863G',180.00,'G'),(1064,'Meia Select 30-40 7/8 P NORMAL','OOOOO','SIGVARIS','--','00000000',116.15,240.00,1,'FP 863A',232.00,'P'),(1065,'Meia Select 30-40 7/8 M NORMAL','POOOOOO','SIGVARIS','--','0000000',116.15,240.00,1,'FP 863B',232.00,'M'),(1066,'Meia Select 30-40 7/8 G LONGA','OOOOOO','SIGVARIS','--','000000',116.15,240.00,1,'FP 863CL',232.00,'G'),(1067,'Meia Select 30-40 7/8 G NORMAL','OOOOOO','SIGVARIS','--','00000',116.15,240.00,0,'FP 863C',232.00,'G'),(1068,'Meia 7/8 Audace P','OOOOO	','SIGVARIS','--','0000',66.71,150.00,1,'FP 120A',140.00,'P'),(1069,'Meia 7/8 Audace M','OOOOO','SIGVARIS','--','00000',66.71,150.00,1,'FP 120B',140.00,'M'),(1070,'Tiras Reagentes Glicose G.TECH','OOOOO','G.TECH','--','000000',62.00,130.00,2,'G 0210',125.00,'M'),(1071,'Água Deionizada GL','OOOOOO','C','--','000000',7.00,16.00,1,'GL 8888',16.00,'G'),(1072,'Água Deionizada L','OOOO','X','--','00000000',2.50,6.00,10,'LT 8888',6.00,'M'),(1073,'Suporte para Soro Dobrável','OOOOO		','X','--','00000',93.45,190.00,1,'RPM 51046D',186.00,'G'),(1074,'Cinta Elástica Abdominal 30CM P','OOOOO','X','--','000000',28.00,62.00,6,'CS 1596',60.00,'P'),(1075,'Cinta Elástica Abdominal 30CM M','OOOOO		','X','--','00000',28.00,62.00,5,'CS 1589',60.00,'M'),(1076,'Cinta Elástica Abdominal 30CM G','OOOOO','X','--','00000',28.00,62.00,6,'CS 1572',60.00,'G'),(1077,'Cinta Elástica Abdominal 30CM GG','OOOOO','X','--','0000000',28.00,62.00,4,'CS 1688',60.00,'GG'),(1078,'Sandália Propé Unidade','OOOOO','X','--','00000',0.06,0.20,245,'CS 1111',0.20,'M'),(1079,'Palmilha c/ Apoio Metatarsal 32/33','	OOOOOO','SILICONFORT','--','000000',30.00,70.00,1,'PM 3233',72.00,'P'),(1080,'Palmilha c/ Apoio Metatarsal  34/35','OOOOOO','SILICONFORT','--','00000',35.00,72.00,2,'PM 3435',72.00,'M'),(1081,'Palmilha c/ Apoio Metatarsal 36/37','OOOOO','SIGVARIS','--','000000',35.00,72.00,0,'PM 3637',72.00,'M'),(1082,'Palmilha c/ Apoio Metatarsal 40/41','OOOOOO','SILICONFORT','--','00000',35.00,72.00,1,'PM 4041',72.00,'G'),(1083,'Palmilha c/ Apoio Metatarsal 38/39','OOOOOOOOO--	','SILICONFORT','--','00000',35.00,72.00,1,'PM 3839',72.00,'G'),(1084,'Joelheira Articulada Elástica G','OOOOOOO','X','--','00000',31.00,65.00,2,'GL 504G',62.00,'G'),(1085,'Sonda Uretral N6','OOOOOOOOO','X','--','000000',0.37,1.00,31,'CS 0115',1.00,'P'),(1086,'Banco para Banho Obeso s/Encosto','OOOOOOOO','X','--','0000000',85.05,200.00,1,'RPM 68020',180.00,'G'),(1087,'Banco p/ Banho Obeso c/Encosto','OOOOO','X','--','00000',131.25,280.00,1,'RPM 68030',263.00,'G'),(1088,'Comadre Pequena','OOOOOO','X','--','0000',7.48,15.00,7,'RPM 28202',15.00,'P'),(1090,'Micropore 3M 2,5X10','OOOO','3M','--','00000',3.00,6.50,11,'CS 3MP',6.50,'M'),(1091,'Micropore 3M 5X10','OOOOO','3M','--','0000',5.00,11.50,11,'CS 3MM',11.50,'M'),(1092,'Micropore 3M 10X10','OOOOO','3M','--','00000',9.00,22.00,5,'CS 3MG',22.00,'G'),(1093,'Clips p/ Bolsa Colostomima','OOOOO','X','--','00000',6.00,12.00,5,'CS CLIPS',12.00,'M'),(1094,'Almofada INFLÁVEL QUADRADA','OOOOO','X','--','0000',12.00,30.00,0,'CS INF02',30.00,'M'),(1096,'Almofada INFLAVEL REDONDA','OOOOO	--	','X','--','0000',12.00,30.00,1,'CS INF03',30.00,'M'),(1097,'Espaldeira Mercur P/M','OOOOO','MERCUR','--','00000',20.00,40.00,1,'CS 5555',40.00,'M'),(1098,'Espaldeira Mercur G/GG','OOOOO','MERCUR','--','00000',20.00,40.00,0,'CS 6666',40.00,'G'),(1099,'Imobilizador Tornozelo GG','OOOO','X','--','0000',39.00,80.00,2,'FP 604GG',80.00,'GG'),(1100,'Estabilizador de Tornozelo Dir GG','OOOO','X','--','0000',23.40,55.00,1,'FP 7777GG',50.00,'GG'),(1101,'Palmilha Silicone 42','OOOOOOOOO','SILICONFORT','--','00000000',32.00,72.00,3,'CS 4642',72.00,'G'),(1105,'Coxal Neoprene M','OOOOOO','X','--','00000',11.00,22.00,3,'CX 111M',22.00,'M'),(1106,'Cânula Traqueostomia n4','OOOO','X','--','00000',17.00,35.00,1,'CS 0614',35.00,'M'),(1107,'Mini Otoscópio','OOOOO','X','--','0000',150.00,300.00,1,'AP 0014',300.00,'P'),(1109,'Almofada d´água Redonda s/Furo','OOOO','X','--','00000',15.00,30.00,0,'CS 03RF',30.00,'M'),(1110,'Protetor de Joanete c/Alça','OOOOO','X','--','0000',7.00,20.00,5,'PJ 0012',20.00,'M'),(1111,'Dedeira Gel c/ Malha P','OOOO','X','--','00000',7.00,15.00,2,'DGM 01',15.00,'P'),(1112,'Dedeira Gel c/ Malha M','OOOO','X','--','0000',7.00,16.00,4,'DGM 02',15.00,'M'),(1113,'Dedeira Gel c/ Malha G','OOOOO','X','--','000',7.00,15.00,2,'DGM 03',15.00,'G'),(1114,'Bocal','OOOO','X','--','000000',2.00,5.00,41,'BC 0022',5.00,'M'),(1115,'Soro Ringer c/ Lactato 250ML','OOOOO','X','--','00000',4.06,8.00,14,'SR 0666',8.00,'M'),(1116,'Soro Ringer c/ Lactato 500ML','OOOOO','X','--','00000',2.90,12.00,11,'SR 0999',10.00,'G'),(1117,'Vaselina Líquida L ','OOOOO	','X','--','00000',16.00,34.00,1,'VL 0102',32.00,'M'),(1118,'Protetor Colchão PVC Solt. ZÍPER','OOOO','X','--','000000',20.00,45.00,3,'CS 4444',45.00,'M'),(1119,'Protetor Colchão QUEEN Polly','OOOO','X','--','0000',15.00,30.00,1,'CS 4100',30.00,'M'),(1120,'Imobilizador Tornozelo Economico GG','OOOOO','X','--','00000',22.00,55.00,0,'FP 0000',45.00,'GG'),(1121,'Micropore Cor da Pele M','OOOO	','X','--','00000',4.00,8.00,11,'CS 8888',8.00,'M'),(1122,'Injetor Carpule Dobravel','OOOO','X','--','00000',15.00,30.00,3,'INJ 123',30.00,'M'),(1123,'Assento Sanitário  Elevado 7,5cm','ooooo','Mebuki','--','00000',73.20,150.00,1,'AP 3',150.00,'P'),(1124,'Apoio p/ Cadeira Sanitária Fechado','ooooo','x','--','0000',15.01,35.00,8,'CS 0',35.00,'M'),(1125,'Coletor Urina 24horas','ooooo','Natural','--','0000',3.96,10.00,21,'OP 00',10.00,'M'),(1126,'Apoio Plantar Dr. Schools','OOOOOO','DR SCHOOLS','--','00000',13.91,30.00,3,'DR 9',30.00,'M'),(1127,'Roupa Íntima Desc Femin G/XG c/8','OOOOO','PLENT','--','00000',19.37,45.00,0,'AT 9',45.00,'G'),(1128,'Roupa Íntima Desc Feminina P/M c/8','ooooo','plenty','--','00000',19.37,45.00,2,'AT 8',45.00,'M'),(1129,'Roupa Íntima Desc Masculina UNICO c/8','OOOOO','PLENTY','-','00000',19.37,45.00,1,'UN 01',45.00,'M'),(1130,'Peso 1 KG','OOOOO','X','--','00000000',25.00,40.00,1,'PA 9081',40.00,'P'),(1131,'Tesoura Mayo Stille 15cm reta','ooooooo','x','--','0000',10.00,25.00,3,'TM 15C',25.00,'M'),(1132,'Travesseiro Cervical','OOOO','X','--','00000',12.00,25.00,1,'CS 13013',25.00,'P'),(1133,'Munhequeira Elástica P','OOOO','X','--','00000',7.00,12.00,1,'FP 403P',12.00,'P'),(1134,'Bolsa Colost Desc 50mm','OOO','X','--','0000',3.00,9.00,70,'BC 50MM',8.00,'G'),(1135,'Roupa Íntima Desc Unissex G/XG c/8','OOOOO','PLENT','--','000000',14.50,32.00,3,'RU 99',30.00,'GG'),(1136,'Roupa Íntima Unissex P/M c/8','OOOOO','PLENT','--','0000',14.50,32.00,2,'RP  333',30.00,'M'),(1137,'Avental Femin MC Microfibra GG','OOOOO	','X','--','00000',22.00,50.00,1,'MI 99',44.00,'GG'),(1138,'Avental Masculino ML Oxford P','OOOOO','X','--','000',22.00,50.00,2,'OX 99',44.00,'P'),(1139,'Avental Masculino ML Oxford M','ooooo','xxx','--','00000',22.00,50.00,1,'OX 77',44.00,'M'),(1140,'Avental Masculino ML Oxford G','OOOOO--	','X','--','0000',22.00,50.00,0,'OX G1',44.00,'G'),(1141,'Avental Masculino ML Oxford GG','OOOO	','X','--','000',22.00,50.00,2,'OX 44',44.00,'GG'),(1142,'Avental Masculino MC Microfibra P','OOOOO','XX','--','0000',22.00,50.00,1,'MC P3',44.00,'P'),(1143,'Avental Masculino MC Microfibra M','OOOOO','X','--','00000',22.00,50.00,2,'MX 5',44.00,'M'),(1144,'Avental Masculino MC Microfibra G','OOOO','X','--','0000',22.00,50.00,2,'MC 67',44.00,'G'),(1145,'Avental Masculino MC Microfibra GG','OOOOO','X','--','0000',22.00,50.00,1,'MC 789',44.00,'GG'),(1146,'Faixa para Obeso 110cm','ooooooooooooo','x','--','000000000000',41.00,82.00,1,'FO 110',82.00,'GG'),(1147,'Faixa para Obeso 140cm','OOOOOO','X','--','00000',46.00,95.00,1,'FO 140',92.00,'GGG'),(1148,'Faixa para Obeso 160cm','OOOOOOOOOO','X','--','0000000',48.00,110.00,1,'FO 160',100.00,'GGG'),(1149,'Cateter IV 14G','OOOOO','X','--','0000000',0.59,1.50,98,'CF 009',1.20,'GG'),(1150,'Imobilizador de Clavícula em 8 GG','OOOOOO','X','--','000000',23.25,50.00,1,'FP 206GG',46.00,'GG'),(1151,'Roda Aro 6 c/pneu maciço p/ Rolam','OOOO','X','--','00000',12.00,25.00,3,'MV 62',24.00,'M'),(1152,'Coxal Neoprene P','OOOO','X','--','00000',19.00,42.00,2,'N 0212P',40.00,'P'),(1153,'Cateter tipo óculos com extensão','OOOOO','X','--','00000',4.08,10.00,47,'HCS 4514',10.00,'M'),(1154,'Hydrosorb 10x10','OOOO','O','--','00000',12.88,26.00,5,'900854',26.00,'P'),(1155,'Hydrotull 10x12','ooooo','x','--','0000',5.12,15.00,9,'499583',15.00,'P'),(1156,'Hydrofilm não estéril rolo','ooooo','z','--','0000',55.98,120.00,1,'685791',120.00,'P'),(1157,'Fio Mononylon 5-0','ooooo	','brasture','--','00000',2.41,7.00,0,'001',7.00,'M'),(1158,'Fio Mononylon 2-0','ooooo','brasuture','preto','00000',2.41,7.00,48,'0022',7.00,'G'),(1159,'Almofada para Banho Courvin','OOOOO','PERFETA FLEX','BRANCA','00000',15.99,35.00,2,'AL 09',32.00,'M'),(1160,'Encosto Cx Ovo AR/AR','OOOOO','PERFETA FLEX','--','00000',19.99,45.00,1,'AR 2',42.00,'M'),(1161,'Inalador OMRON','OOOOO','OMRON','--','0000',83.80,200.00,5,'OM 01',200.00,'M'),(1162,'Kit Inalador OMRON','OOOOO','OMRON','--','0000',10.92,24.00,10,'KIT 02',22.00,'M'),(1163,'Ponteira Bengala 4 pontas','OOOOO','X','--','0000',3.00,6.00,6,'BG 4',6.00,'P'),(1164,'Tutor p/Fratura Umero DIR P','OOOOO','GLC','--','00000',66.80,160.00,0,'TF 01DP',140.00,'P'),(1165,'Meia 7/8 Select G LONGA','OOOOO','X','--','000000',110.00,220.00,1,'SG 4444',220.00,'G');
/*!40000 ALTER TABLE `produto` ENABLE KEYS */;
UNLOCK TABLES;

--
-- Table structure for table `tipocaixa`
--

DROP TABLE IF EXISTS `tipocaixa`;
/*!40101 SET @saved_cs_client     = @@character_set_client */;
/*!40101 SET character_set_client = utf8 */;
CREATE TABLE `tipocaixa` (
  `cd_tipo_caixa` int(4) NOT NULL AUTO_INCREMENT,
  `nm_tipo_caixa` varchar(20) DEFAULT NULL,
  PRIMARY KEY (`cd_tipo_caixa`)
) ENGINE=InnoDB AUTO_INCREMENT=4 DEFAULT CHARSET=latin1;
/*!40101 SET character_set_client = @saved_cs_client */;

--
-- Dumping data for table `tipocaixa`
--

LOCK TABLES `tipocaixa` WRITE;
/*!40000 ALTER TABLE `tipocaixa` DISABLE KEYS */;
INSERT INTO `tipocaixa` VALUES (1,'Entrada'),(2,'Saída'),(3,'Troco');
/*!40000 ALTER TABLE `tipocaixa` ENABLE KEYS */;
UNLOCK TABLES;

--
-- Table structure for table `tipodespesa`
--

DROP TABLE IF EXISTS `tipodespesa`;
/*!40101 SET @saved_cs_client     = @@character_set_client */;
/*!40101 SET character_set_client = utf8 */;
CREATE TABLE `tipodespesa` (
  `cd_tipo_despesa` int(4) NOT NULL AUTO_INCREMENT,
  `nm_tipo_despesa` varchar(20) DEFAULT NULL,
  PRIMARY KEY (`cd_tipo_despesa`)
) ENGINE=InnoDB AUTO_INCREMENT=7 DEFAULT CHARSET=latin1;
/*!40101 SET character_set_client = @saved_cs_client */;

--
-- Dumping data for table `tipodespesa`
--

LOCK TABLES `tipodespesa` WRITE;
/*!40000 ALTER TABLE `tipodespesa` DISABLE KEYS */;
INSERT INTO `tipodespesa` VALUES (1,'Água'),(2,'Energia Elétrica'),(3,'Telefone'),(4,'Imposto'),(5,'Compra'),(6,'Internet');
/*!40000 ALTER TABLE `tipodespesa` ENABLE KEYS */;
UNLOCK TABLES;

--
-- Table structure for table `tiponotafiscal`
--

DROP TABLE IF EXISTS `tiponotafiscal`;
/*!40101 SET @saved_cs_client     = @@character_set_client */;
/*!40101 SET character_set_client = utf8 */;
CREATE TABLE `tiponotafiscal` (
  `cd_tipo_nota_fiscal` int(7) NOT NULL AUTO_INCREMENT,
  `nm_tipo_nota_fiscal` varchar(20) DEFAULT NULL,
  PRIMARY KEY (`cd_tipo_nota_fiscal`)
) ENGINE=InnoDB AUTO_INCREMENT=3 DEFAULT CHARSET=latin1;
/*!40101 SET character_set_client = @saved_cs_client */;

--
-- Dumping data for table `tiponotafiscal`
--

LOCK TABLES `tiponotafiscal` WRITE;
/*!40000 ALTER TABLE `tiponotafiscal` DISABLE KEYS */;
INSERT INTO `tiponotafiscal` VALUES (1,'Compra'),(2,'Venda');
/*!40000 ALTER TABLE `tiponotafiscal` ENABLE KEYS */;
UNLOCK TABLES;

--
-- Table structure for table `usuario`
--

DROP TABLE IF EXISTS `usuario`;
/*!40101 SET @saved_cs_client     = @@character_set_client */;
/*!40101 SET character_set_client = utf8 */;
CREATE TABLE `usuario` (
  `cd_usuario` int(4) NOT NULL AUTO_INCREMENT,
  `tipo_usuario` varchar(20) DEFAULT NULL,
  `cd_pessoa` int(6) DEFAULT NULL,
  PRIMARY KEY (`cd_usuario`),
  KEY `usuario_ibfk_1` (`cd_pessoa`),
  CONSTRAINT `usuario_ibfk_1` FOREIGN KEY (`cd_pessoa`) REFERENCES `pessoa` (`cd_pessoa`) ON DELETE SET NULL ON UPDATE SET NULL
) ENGINE=InnoDB AUTO_INCREMENT=2 DEFAULT CHARSET=latin1;
/*!40101 SET character_set_client = @saved_cs_client */;

--
-- Dumping data for table `usuario`
--

LOCK TABLES `usuario` WRITE;
/*!40000 ALTER TABLE `usuario` DISABLE KEYS */;
INSERT INTO `usuario` VALUES (1,'Administrador',1);
/*!40000 ALTER TABLE `usuario` ENABLE KEYS */;
UNLOCK TABLES;
/*!50003 SET @saved_cs_client      = @@character_set_client */ ;
/*!50003 SET @saved_cs_results     = @@character_set_results */ ;
/*!50003 SET @saved_col_connection = @@collation_connection */ ;
/*!50003 SET character_set_client  = utf8 */ ;
/*!50003 SET character_set_results = utf8 */ ;
/*!50003 SET collation_connection  = utf8_general_ci */ ;
/*!50003 SET @saved_sql_mode       = @@sql_mode */ ;
/*!50003 SET sql_mode              = 'STRICT_TRANS_TABLES,STRICT_ALL_TABLES,NO_ZERO_IN_DATE,NO_ZERO_DATE,ALLOW_INVALID_DATES,ERROR_FOR_DIVISION_BY_ZERO,TRADITIONAL,NO_AUTO_CREATE_USER,NO_ENGINE_SUBSTITUTION' */ ;
DELIMITER ;;
/*!50003 CREATE*/ /*!50017 DEFINER=`root`@`localhost`*/ /*!50003 TRIGGER `deletePessoaUsuario` AFTER DELETE ON `usuario` FOR EACH ROW BEGIN
DELETE FROM pessoa where cd_pessoa = OLD.cd_pessoa;
END */;;
DELIMITER ;
/*!50003 SET sql_mode              = @saved_sql_mode */ ;
/*!50003 SET character_set_client  = @saved_cs_client */ ;
/*!50003 SET character_set_results = @saved_cs_results */ ;
/*!50003 SET collation_connection  = @saved_col_connection */ ;

--
-- Table structure for table `venda`
--

DROP TABLE IF EXISTS `venda`;
/*!40101 SET @saved_cs_client     = @@character_set_client */;
/*!40101 SET character_set_client = utf8 */;
CREATE TABLE `venda` (
  `cd_venda` int(7) NOT NULL AUTO_INCREMENT,
  `valor_total_venda` float(6,2) DEFAULT NULL,
  `data_venda` datetime DEFAULT NULL,
  `inativa` tinyint(1) DEFAULT '0',
  `vl_desconto` float(6,2) DEFAULT '0.00',
  `cd_usuario` int(4) DEFAULT NULL,
  `cd_nota_fiscal` int(7) DEFAULT NULL,
  `cd_cliente` int(7) DEFAULT NULL,
  `cd_forma_pagamento` int(11) DEFAULT NULL,
  `nr_parcelas` int(10) unsigned DEFAULT NULL,
  `vl_dinheiro` float(6,2) DEFAULT NULL,
  `vl_troco` float(6,2) DEFAULT NULL,
  `vl_parcela` float(6,2) DEFAULT NULL,
  `nm_cupom_cartao` varchar(45) DEFAULT NULL,
  `nm_tipo_venda` varchar(10) DEFAULT 'Varejo',
  PRIMARY KEY (`cd_venda`),
  KEY `venda_ibfk_1` (`cd_usuario`),
  KEY `venda_ibfk_2` (`cd_nota_fiscal`),
  KEY `venda_ibfk_3` (`cd_cliente`),
  KEY `venda_ibfk_4` (`cd_forma_pagamento`),
  CONSTRAINT `venda_ibfk_1` FOREIGN KEY (`cd_usuario`) REFERENCES `usuario` (`cd_usuario`) ON DELETE SET NULL ON UPDATE SET NULL,
  CONSTRAINT `venda_ibfk_2` FOREIGN KEY (`cd_nota_fiscal`) REFERENCES `notafiscal` (`cd_nota_fiscal`) ON DELETE SET NULL ON UPDATE SET NULL,
  CONSTRAINT `venda_ibfk_3` FOREIGN KEY (`cd_cliente`) REFERENCES `cliente` (`cd_cliente`) ON DELETE SET NULL ON UPDATE SET NULL,
  CONSTRAINT `venda_ibfk_4` FOREIGN KEY (`cd_forma_pagamento`) REFERENCES `formapagamento` (`cd_forma_pagamento`) ON DELETE SET NULL ON UPDATE SET NULL
) ENGINE=InnoDB AUTO_INCREMENT=156 DEFAULT CHARSET=latin1;
/*!40101 SET character_set_client = @saved_cs_client */;

--
-- Dumping data for table `venda`
--

LOCK TABLES `venda` WRITE;
/*!40000 ALTER TABLE `venda` DISABLE KEYS */;
INSERT INTO `venda` VALUES (1,527.00,'2013-03-12 20:16:28',1,40.50,NULL,30,1,1,1,486.50,0.00,486.50,NULL,'Varejo'),(2,528.55,'2013-03-13 20:29:57',0,77.00,NULL,31,1,1,1,460.00,8.45,451.55,NULL,'Atacado'),(3,482.00,'2013-03-14 13:42:35',1,30.00,NULL,32,1,1,1,452.00,0.00,452.00,NULL,'Varejo'),(4,1177.45,'2013-03-15 19:49:03',1,124.95,NULL,39,1,1,1,1177.95,125.45,1052.50,NULL,'Varejo'),(5,380.80,'2013-03-18 17:07:23',1,25.30,NULL,43,1,1,1,355.50,0.00,355.50,NULL,'Varejo'),(6,297.00,'2013-03-19 17:11:39',1,0.00,NULL,44,1,1,1,305.00,8.00,297.00,NULL,'Varejo'),(7,508.00,'2013-03-20 17:15:24',1,37.50,NULL,45,1,1,1,470.50,0.00,470.50,NULL,'Varejo'),(8,689.90,'2013-03-21 18:11:17',1,42.50,NULL,46,1,1,1,647.40,0.00,647.40,NULL,'Varejo'),(9,639.00,'2013-03-22 18:22:58',1,131.00,NULL,47,1,1,1,508.00,0.00,508.00,NULL,'Varejo'),(10,590.00,'2013-03-25 18:33:09',1,3.20,NULL,48,1,1,1,586.80,0.00,586.80,NULL,'Varejo'),(11,466.50,'2013-03-26 18:49:43',1,0.00,NULL,49,2,2,1,466.50,0.00,466.50,NULL,'Atacado'),(12,482.70,'2013-03-26 18:55:00',1,58.20,NULL,50,1,1,1,424.50,0.00,424.50,NULL,'Varejo'),(13,812.00,'2013-03-27 19:10:30',1,2.50,NULL,51,1,1,1,809.50,0.00,809.50,NULL,'Varejo'),(14,503.40,'2013-04-01 19:17:38',1,30.30,NULL,52,1,NULL,1,473.10,0.00,473.10,NULL,'Varejo'),(15,733.85,'2013-04-02 19:28:47',1,149.35,NULL,53,1,1,1,584.50,0.00,584.50,NULL,'Varejo'),(16,2083.90,'2013-04-03 19:40:57',1,378.00,NULL,54,1,NULL,1,1705.90,0.00,1705.90,NULL,'Varejo'),(17,439.90,'2013-04-04 19:46:00',1,12.90,NULL,55,1,1,1,427.00,0.00,427.00,NULL,'Varejo'),(18,798.80,'2013-04-05 19:52:12',1,108.60,NULL,56,1,1,1,690.20,0.00,690.20,NULL,'Varejo'),(19,669.90,'2013-04-08 20:04:35',1,54.40,NULL,57,1,1,1,615.50,0.00,615.50,NULL,'Varejo'),(20,211.50,'2013-04-09 20:15:42',1,0.00,NULL,58,1,1,1,218.00,6.50,211.50,NULL,'Varejo'),(21,434.70,'2013-04-10 20:36:46',1,190.20,NULL,59,1,1,1,244.50,0.00,244.50,NULL,'Varejo'),(22,564.00,'2013-04-11 20:53:45',1,61.00,NULL,60,1,1,1,503.00,0.00,503.00,NULL,'Varejo'),(23,309.00,'2013-04-11 20:58:27',1,0.00,NULL,61,2,2,1,309.00,0.00,309.00,NULL,'Atacado'),(24,394.40,'2013-04-12 21:00:32',1,0.00,NULL,62,1,1,1,449.00,54.60,394.40,NULL,'Varejo'),(25,918.70,'2013-04-15 21:07:47',1,10.70,NULL,63,1,1,1,908.00,0.00,908.00,NULL,'Varejo'),(26,253.20,'2013-04-16 21:16:13',1,36.20,NULL,64,1,1,1,217.00,0.00,217.00,NULL,'Varejo'),(27,808.80,'2013-04-17 21:20:04',1,162.10,NULL,65,1,1,1,646.70,0.00,646.70,NULL,'Varejo'),(28,381.00,'2013-04-18 21:31:01',1,60.80,NULL,66,1,1,1,320.20,0.00,320.20,NULL,'Varejo'),(29,483.50,'2013-04-19 22:25:55',1,36.50,NULL,67,1,1,1,447.00,0.00,447.00,NULL,'Varejo'),(30,710.10,'2013-04-23 22:32:15',1,103.60,NULL,68,1,1,1,606.50,0.00,606.50,NULL,'Varejo'),(31,547.50,'2013-04-24 09:32:05',0,0.00,NULL,NULL,NULL,1,1,585.50,38.00,547.50,NULL,'Atacado'),(32,809.50,'2013-04-25 09:39:16',1,14.50,NULL,69,1,1,1,795.00,0.00,795.00,NULL,'Varejo'),(33,80.00,'2013-04-25 14:24:18',0,0.00,NULL,70,3,1,1,80.00,0.00,80.00,NULL,'Atacado'),(34,514.50,'2013-04-25 14:25:29',0,0.00,NULL,71,2,2,1,514.50,0.00,514.50,NULL,'Atacado'),(35,591.00,'2013-04-26 15:04:54',1,42.00,NULL,72,1,1,1,549.00,0.00,549.00,NULL,'Varejo'),(36,550.80,'2013-04-29 15:09:41',1,0.00,NULL,73,1,1,1,573.90,23.10,550.80,NULL,'Varejo'),(37,381.80,'2013-04-30 15:32:49',1,35.30,NULL,74,1,1,1,381.80,35.30,346.50,NULL,'Varejo'),(38,693.70,'2013-05-02 15:46:18',1,0.00,NULL,75,1,1,1,977.40,283.70,693.70,NULL,'Varejo'),(39,248.00,'2013-05-03 15:57:38',1,0.00,NULL,76,3,1,1,248.00,0.00,248.00,NULL,'Atacado'),(42,635.00,'2013-05-03 17:12:37',1,196.00,NULL,77,1,1,1,439.00,0.00,439.00,NULL,'Varejo'),(43,729.90,'2013-05-06 19:34:29',1,0.00,NULL,78,1,1,1,730.20,0.30,729.90,NULL,'Varejo'),(44,139.00,'2013-05-07 19:09:22',0,6.50,NULL,79,1,1,1,132.50,0.00,132.50,NULL,'Atacado'),(45,684.40,'2013-05-08 19:17:23',0,0.00,NULL,NULL,1,NULL,1,719.50,35.10,684.40,NULL,'Atacado'),(46,465.30,'2013-05-09 19:34:19',1,0.00,NULL,80,1,NULL,1,482.00,16.70,465.30,NULL,'Varejo'),(47,602.40,'2013-05-10 19:46:07',1,9.10,NULL,81,1,1,1,593.30,0.00,593.30,NULL,'Varejo'),(48,1153.50,'2013-05-13 00:00:00',1,0.00,NULL,82,1,1,1,1169.75,16.25,1153.50,NULL,'Varejo'),(49,531.80,'2013-05-14 15:52:30',1,0.00,NULL,83,1,1,1,557.00,25.20,531.80,NULL,'Varejo'),(50,380.50,'2013-05-14 16:02:05',1,0.00,NULL,84,2,2,1,380.50,0.00,380.50,NULL,'Atacado'),(51,646.60,'2013-05-15 16:08:07',1,0.00,NULL,85,1,1,1,720.50,73.90,646.60,NULL,'Varejo'),(52,450.05,'2013-05-16 16:22:52',1,0.00,NULL,86,1,1,1,450.05,0.00,450.05,NULL,'Varejo'),(53,243.50,'2013-05-17 16:30:08',1,38.50,NULL,87,1,1,1,205.00,0.00,205.00,NULL,'Varejo'),(54,1027.50,'2013-05-20 16:34:19',1,38.25,NULL,88,1,1,1,989.25,0.00,989.25,NULL,'Varejo'),(55,340.00,'2013-05-21 16:53:53',1,9.80,NULL,89,1,1,1,330.20,0.00,330.20,NULL,'Varejo'),(56,349.00,'2013-05-22 16:57:35',1,0.00,NULL,90,1,1,1,404.40,55.40,349.00,NULL,'Varejo'),(57,60.60,'2013-05-23 17:05:09',1,31.30,NULL,91,1,1,1,29.30,0.00,29.30,NULL,'Varejo'),(58,197.00,'2013-05-24 17:10:30',1,0.00,NULL,92,1,1,1,197.00,0.00,197.00,NULL,'Varejo'),(59,313.60,'2013-05-27 17:18:35',1,0.00,NULL,93,1,1,1,318.65,5.05,313.60,NULL,'Varejo'),(60,676.40,'2013-05-28 17:23:54',1,0.00,NULL,94,1,1,1,717.50,41.10,676.40,NULL,'Varejo'),(61,556.55,'2013-05-29 17:29:54',1,31.15,NULL,95,1,1,1,525.40,0.00,525.40,NULL,'Varejo'),(62,1249.50,'2013-05-31 17:41:09',1,0.00,NULL,96,1,1,1,1296.00,46.50,1249.50,NULL,'Varejo'),(63,596.70,'2013-06-03 17:57:46',1,0.00,NULL,97,1,1,1,609.20,12.50,596.70,NULL,'Varejo'),(64,289.00,'2013-06-04 18:03:09',1,0.00,NULL,98,1,1,1,330.00,41.00,289.00,NULL,'Varejo'),(65,262.90,'2013-06-05 18:07:57',1,69.60,NULL,99,1,1,1,193.30,0.00,193.30,NULL,'Varejo'),(66,486.50,'2013-06-06 18:20:48',1,0.00,NULL,100,1,1,1,776.40,289.90,486.50,NULL,'Varejo'),(67,256.90,'2013-06-07 21:33:33',1,11.60,NULL,101,1,1,1,245.30,0.00,245.30,NULL,'Varejo'),(68,671.40,'2013-06-10 21:42:44',1,0.00,NULL,102,2,2,1,671.40,0.00,671.40,NULL,'Atacado'),(69,479.80,'2013-06-10 21:49:00',1,33.00,NULL,103,1,1,1,446.80,0.00,446.80,NULL,'Varejo'),(70,484.00,'2013-06-11 21:59:18',1,26.20,NULL,104,1,1,1,457.80,0.00,457.80,NULL,'Varejo'),(71,163.00,'2013-06-12 00:00:00',1,0.00,NULL,105,1,1,1,421.00,258.00,163.00,NULL,'Varejo'),(72,255.00,'2013-06-13 22:09:18',1,0.00,NULL,106,1,1,1,374.45,119.45,255.00,NULL,'Varejo'),(73,870.85,'2013-06-14 22:13:38',1,22.10,NULL,107,1,1,1,848.75,0.00,848.75,NULL,'Varejo'),(74,272.60,'2013-06-17 22:22:14',1,12.50,NULL,108,1,1,1,260.10,0.00,260.10,NULL,'Varejo'),(75,180.00,'2013-06-18 22:26:29',1,4.75,NULL,109,1,1,1,175.25,0.00,175.25,NULL,'Varejo'),(76,245.70,'2013-06-19 22:33:00',1,0.00,NULL,110,1,1,1,314.20,68.50,245.70,NULL,'Varejo'),(77,321.30,'2013-06-20 22:50:27',1,0.00,NULL,111,1,1,1,344.80,23.50,321.30,NULL,'Varejo'),(78,492.54,'2013-06-21 23:00:02',1,0.00,NULL,112,2,2,1,492.54,0.00,492.54,NULL,'Atacado'),(79,226.80,'2013-06-21 23:07:21',1,0.00,NULL,113,1,1,1,226.80,0.00,226.80,NULL,'Varejo'),(80,80.00,'2013-06-21 23:11:34',1,0.00,NULL,114,3,2,1,80.00,0.00,80.00,NULL,'Atacado'),(81,175.50,'2013-06-24 23:12:56',1,0.00,NULL,115,1,1,1,257.50,82.00,175.50,NULL,'Varejo'),(82,295.80,'2013-06-25 23:15:26',1,0.00,NULL,116,1,1,1,331.50,35.70,295.80,NULL,'Varejo'),(83,195.60,'2013-06-26 23:22:07',1,0.00,NULL,117,1,1,1,204.00,8.40,195.60,NULL,'Varejo'),(84,219.00,'2013-06-27 23:25:55',1,22.00,NULL,118,1,1,1,197.00,0.00,197.00,NULL,'Varejo'),(85,349.60,'2013-06-28 23:31:14',1,17.50,NULL,119,1,1,1,332.10,0.00,332.10,NULL,'Varejo'),(86,208.00,'2013-07-01 23:37:21',1,107.10,NULL,120,3,2,1,100.90,0.00,100.90,NULL,'Atacado'),(87,444.00,'2013-07-01 23:39:25',1,0.00,NULL,121,1,1,1,468.00,24.00,444.00,NULL,'Varejo'),(88,205.40,'2013-07-02 23:44:28',1,0.00,NULL,122,1,1,1,230.00,24.60,205.40,NULL,'Varejo'),(89,184.50,'2013-07-03 23:50:47',1,0.00,NULL,123,1,1,1,187.25,2.75,184.50,NULL,'Varejo'),(90,766.00,'2013-07-04 23:56:15',1,238.70,NULL,124,1,1,1,527.30,0.00,527.30,NULL,'Varejo'),(91,644.00,'2013-07-05 00:06:20',1,3.50,NULL,125,1,1,1,640.50,0.00,640.50,NULL,'Varejo'),(92,80.00,'2013-07-08 00:11:53',1,5.00,NULL,126,3,2,1,75.00,0.00,75.00,NULL,'Atacado'),(93,836.50,'2013-07-08 00:13:15',1,0.00,NULL,127,1,1,1,886.75,50.25,836.50,NULL,'Varejo'),(94,1079.55,'2013-07-10 00:16:18',1,0.00,NULL,128,1,1,1,1191.75,112.20,1079.55,NULL,'Varejo'),(95,236.10,'2013-07-11 00:27:12',1,25.10,NULL,129,1,1,1,211.00,0.00,211.00,NULL,'Varejo'),(96,430.30,'2013-07-12 00:33:17',1,0.00,NULL,130,1,1,1,520.00,89.70,430.30,NULL,'Varejo'),(97,1281.00,'2013-07-15 00:40:14',1,0.00,NULL,131,1,1,1,1296.50,15.50,1281.00,NULL,'Varejo'),(98,290.00,'2013-07-16 00:46:32',1,0.00,NULL,132,1,1,1,334.20,44.20,290.00,NULL,'Varejo'),(99,453.80,'2013-07-17 00:51:37',1,0.00,NULL,133,1,1,1,460.00,6.20,453.80,NULL,'Varejo'),(100,131.00,'2013-07-18 09:17:47',1,0.00,NULL,134,1,1,1,454.50,323.50,131.00,NULL,'Varejo'),(101,443.50,'2013-07-19 09:24:20',1,0.00,NULL,135,1,1,1,512.60,69.10,443.50,NULL,'Varejo'),(103,270.00,'2013-07-22 12:00:13',1,0.00,NULL,143,1,1,1,274.00,4.00,270.00,NULL,'Varejo'),(104,722.20,'2013-07-23 12:10:24',1,0.00,NULL,144,1,1,1,891.50,169.30,722.20,NULL,'Varejo'),(105,105.20,'2013-07-24 20:40:25',0,13.40,NULL,NULL,1,1,1,91.80,0.00,91.80,NULL,'Atacado'),(106,266.70,'2013-07-25 19:46:32',1,0.00,NULL,145,1,1,1,274.70,8.00,266.70,NULL,'Varejo'),(107,497.70,'2013-07-26 20:27:12',1,94.10,NULL,146,1,1,1,403.60,0.00,403.60,NULL,'Varejo'),(108,356.30,'2013-07-29 20:23:37',1,0.00,NULL,147,1,1,1,381.30,25.00,356.30,NULL,'Varejo'),(109,147.20,'2013-07-30 21:16:59',1,12.20,NULL,148,1,1,1,135.00,0.00,135.00,NULL,'Varejo'),(110,137.40,'2013-07-31 21:59:25',1,37.60,NULL,149,1,1,1,137.40,37.60,99.80,NULL,'Varejo'),(111,484.60,'2013-08-01 21:59:24',1,54.15,NULL,150,1,1,1,430.45,0.00,430.45,NULL,'Varejo'),(112,67.60,'2013-08-01 22:08:26',1,29.60,NULL,151,2,2,1,38.00,0.00,38.00,NULL,'Atacado'),(113,335.80,'2013-08-02 22:19:37',0,12.30,NULL,152,1,1,1,323.50,0.00,323.50,NULL,'Atacado'),(114,534.50,'2013-08-05 23:38:45',1,0.00,NULL,155,1,1,1,612.50,78.00,534.50,NULL,'Varejo'),(115,279.10,'2013-08-06 18:30:43',1,3.00,NULL,156,1,1,1,276.10,0.00,276.10,NULL,'Varejo'),(116,373.50,'2013-08-07 15:07:06',0,9.30,NULL,157,1,1,1,364.20,0.00,364.20,NULL,'Atacado'),(117,666.30,'2013-08-08 20:29:47',1,62.80,NULL,158,1,1,1,603.50,0.00,603.50,NULL,'Varejo'),(118,574.10,'2013-08-09 16:22:47',1,55.70,NULL,159,1,1,1,518.40,0.00,518.40,NULL,'Varejo'),(119,457.00,'2013-08-12 16:36:35',1,104.50,NULL,160,1,1,1,352.50,0.00,352.50,NULL,'Varejo'),(120,100.00,'2013-08-13 17:57:38',1,35.00,NULL,171,3,1,1,65.00,0.00,65.00,NULL,'Atacado'),(121,598.35,'2013-08-13 17:59:36',1,169.15,NULL,172,2,2,1,429.20,0.00,429.20,NULL,'Atacado'),(122,110.00,'2013-08-13 21:56:42',1,0.00,NULL,173,1,1,1,155.00,45.00,110.00,NULL,'Varejo'),(123,309.50,'2013-08-14 22:01:46',1,28.35,NULL,174,NULL,1,1,281.15,0.00,281.15,NULL,'Varejo'),(124,637.80,'2013-08-15 22:12:35',1,24.80,NULL,175,1,1,1,613.00,0.00,613.00,NULL,'Varejo'),(125,437.90,'2013-08-16 22:24:36',1,83.30,NULL,176,1,1,1,354.60,0.00,354.60,NULL,'Varejo'),(126,670.20,'2013-08-19 22:37:52',1,93.50,NULL,177,1,1,1,576.70,0.00,576.70,NULL,'Varejo'),(127,556.00,'2013-08-20 22:50:24',1,0.00,NULL,178,1,1,1,572.00,16.00,556.00,NULL,'Varejo'),(128,329.70,'2013-08-21 23:07:17',1,49.80,NULL,179,1,1,1,329.70,49.80,279.90,NULL,'Varejo'),(129,467.20,'2013-08-22 23:21:31',1,48.90,NULL,180,1,1,1,467.20,48.90,418.30,NULL,'Varejo'),(130,573.00,'2013-08-23 23:33:15',1,0.00,NULL,181,1,1,1,588.40,15.40,573.00,NULL,'Varejo'),(131,546.40,'2013-08-26 23:48:38',1,94.50,NULL,NULL,NULL,1,1,451.90,0.00,451.90,NULL,'Varejo'),(132,313.10,'2013-08-27 16:47:59',1,28.50,NULL,185,1,1,1,284.60,0.00,284.60,NULL,'Varejo'),(133,510.00,'2013-08-28 16:54:10',1,0.00,NULL,186,1,1,1,590.00,80.00,510.00,NULL,'Varejo'),(134,252.70,'2013-08-29 15:31:38',0,30.95,NULL,190,1,1,1,252.70,30.95,221.75,NULL,'Atacado'),(135,524.00,'2013-08-30 15:40:09',1,0.00,NULL,191,1,1,1,545.90,21.90,524.00,NULL,'Varejo'),(136,540.50,'2013-09-02 15:49:26',1,19.30,NULL,192,1,1,1,521.20,0.00,521.20,NULL,'Varejo'),(137,636.60,'2013-09-03 14:49:03',1,45.70,NULL,193,1,1,1,590.90,0.00,590.90,NULL,'Varejo'),(138,375.20,'2013-09-04 16:47:51',1,0.00,NULL,194,1,1,1,471.60,96.40,375.20,NULL,'Varejo'),(139,330.10,'2013-09-05 16:46:40',1,0.00,NULL,195,1,1,1,396.00,65.90,330.10,NULL,'Varejo'),(140,449.50,'2013-09-06 16:55:03',1,0.00,NULL,196,1,1,1,480.00,30.50,449.50,NULL,'Varejo'),(141,1268.90,'2013-09-09 17:03:20',1,37.00,NULL,197,1,1,1,1231.90,0.00,1231.90,NULL,'Varejo'),(142,714.20,'2013-09-10 15:20:40',1,0.00,NULL,198,1,1,1,737.00,22.80,714.20,NULL,'Varejo'),(143,537.90,'2013-09-11 16:25:28',1,187.85,NULL,199,1,1,1,350.05,0.00,350.05,NULL,'Varejo'),(144,570.30,'2013-09-12 16:46:18',1,43.00,NULL,200,1,1,1,527.30,0.00,527.30,NULL,'Varejo'),(145,620.75,'2013-09-13 10:24:22',0,199.75,NULL,201,2,2,1,421.00,0.00,421.00,NULL,'Atacado'),(146,80.00,'2013-09-13 00:00:00',1,12.00,NULL,202,3,NULL,1,68.00,0.00,68.00,NULL,'Atacado'),(147,339.50,'2013-09-13 10:30:28',1,6.50,NULL,203,1,1,1,333.00,0.00,333.00,NULL,'Varejo'),(148,430.40,'2013-09-16 15:02:55',1,47.90,NULL,207,1,1,1,382.50,0.00,382.50,NULL,'Varejo'),(149,290.90,'2013-09-17 15:10:21',1,5.70,NULL,208,1,1,1,285.20,0.00,285.20,NULL,'Varejo'),(150,534.70,'2013-09-18 00:00:00',1,0.00,NULL,209,1,1,1,799.70,265.00,534.70,NULL,'Varejo'),(151,473.50,'2013-09-19 14:28:33',1,0.00,NULL,210,1,1,1,501.70,28.20,473.50,NULL,'Varejo'),(152,268.50,'2013-09-20 15:13:31',1,21.00,NULL,211,1,1,1,247.50,0.00,247.50,NULL,'Varejo'),(153,445.20,'2013-09-23 15:18:41',1,0.00,NULL,212,1,1,1,463.20,18.00,445.20,NULL,'Varejo'),(154,858.25,'2013-09-24 15:25:36',1,184.45,NULL,213,2,2,1,673.80,0.00,673.80,NULL,'Atacado'),(155,189.80,'2013-09-24 15:30:25',1,0.00,NULL,214,1,1,1,203.00,13.20,189.80,NULL,'Varejo');
/*!40000 ALTER TABLE `venda` ENABLE KEYS */;
UNLOCK TABLES;
/*!50003 SET @saved_cs_client      = @@character_set_client */ ;
/*!50003 SET @saved_cs_results     = @@character_set_results */ ;
/*!50003 SET @saved_col_connection = @@collation_connection */ ;
/*!50003 SET character_set_client  = utf8 */ ;
/*!50003 SET character_set_results = utf8 */ ;
/*!50003 SET collation_connection  = utf8_general_ci */ ;
/*!50003 SET @saved_sql_mode       = @@sql_mode */ ;
/*!50003 SET sql_mode              = 'STRICT_TRANS_TABLES,STRICT_ALL_TABLES,NO_ZERO_IN_DATE,NO_ZERO_DATE,ALLOW_INVALID_DATES,ERROR_FOR_DIVISION_BY_ZERO,TRADITIONAL,NO_AUTO_CREATE_USER,NO_ENGINE_SUBSTITUTION' */ ;
DELIMITER ;;
/*!50003 CREATE*/ /*!50017 DEFINER=`root`@`localhost`*/ /*!50003 TRIGGER `updateDataVendaCliente` AFTER INSERT ON `venda` FOR EACH ROW BEGIN
  update cliente set data_ultima_compra = new.data_venda where new.cd_cliente = cd_cliente;

END */;;
DELIMITER ;
/*!50003 SET sql_mode              = @saved_sql_mode */ ;
/*!50003 SET character_set_client  = @saved_cs_client */ ;
/*!50003 SET character_set_results = @saved_cs_results */ ;
/*!50003 SET collation_connection  = @saved_col_connection */ ;
/*!50003 SET @saved_cs_client      = @@character_set_client */ ;
/*!50003 SET @saved_cs_results     = @@character_set_results */ ;
/*!50003 SET @saved_col_connection = @@collation_connection */ ;
/*!50003 SET character_set_client  = utf8 */ ;
/*!50003 SET character_set_results = utf8 */ ;
/*!50003 SET collation_connection  = utf8_general_ci */ ;
/*!50003 SET @saved_sql_mode       = @@sql_mode */ ;
/*!50003 SET sql_mode              = 'STRICT_TRANS_TABLES,STRICT_ALL_TABLES,NO_ZERO_IN_DATE,NO_ZERO_DATE,ALLOW_INVALID_DATES,ERROR_FOR_DIVISION_BY_ZERO,TRADITIONAL,NO_AUTO_CREATE_USER,NO_ENGINE_SUBSTITUTION' */ ;
DELIMITER ;;
/*!50003 CREATE*/ /*!50017 DEFINER=`root`@`localhost`*/ /*!50003 TRIGGER `updateDataVendaCliente2` AFTER UPDATE ON `venda` FOR EACH ROW BEGIN
  update cliente set data_ultima_compra = new.data_venda where new.cd_cliente = cd_cliente;

END */;;
DELIMITER ;
/*!50003 SET sql_mode              = @saved_sql_mode */ ;
/*!50003 SET character_set_client  = @saved_cs_client */ ;
/*!50003 SET character_set_results = @saved_cs_results */ ;
/*!50003 SET collation_connection  = @saved_col_connection */ ;

--
-- Table structure for table `vendaproduto`
--

DROP TABLE IF EXISTS `vendaproduto`;
/*!40101 SET @saved_cs_client     = @@character_set_client */;
/*!40101 SET character_set_client = utf8 */;
CREATE TABLE `vendaproduto` (
  `cd_venda` int(7) NOT NULL DEFAULT '0',
  `vl_desconto_produto` float(6,2) NOT NULL DEFAULT '0.00',
  `cd_produto` int(7) NOT NULL DEFAULT '0',
  `qtde_produto` int(7) DEFAULT NULL,
  `vl_venda_produto` float(6,2) DEFAULT NULL,
  PRIMARY KEY (`cd_venda`,`cd_produto`),
  KEY `FK_VENDA_PRODUTO_PRODUTO` (`cd_produto`),
  CONSTRAINT `FK_VENDA_PRODUTO_PRODUTO` FOREIGN KEY (`cd_produto`) REFERENCES `produto` (`cd_produto`) ON DELETE NO ACTION ON UPDATE NO ACTION,
  CONSTRAINT `FK_VENDA_PRODUTO_VENDA` FOREIGN KEY (`cd_venda`) REFERENCES `venda` (`cd_venda`) ON DELETE NO ACTION ON UPDATE NO ACTION
) ENGINE=InnoDB DEFAULT CHARSET=latin1;
/*!40101 SET character_set_client = @saved_cs_client */;

--
-- Dumping data for table `vendaproduto`
--

LOCK TABLES `vendaproduto` WRITE;
/*!40000 ALTER TABLE `vendaproduto` DISABLE KEYS */;
INSERT INTO `vendaproduto` VALUES (1,0.00,20,1,15.00),(1,0.00,65,1,2.50),(1,0.00,79,1,150.00),(1,0.00,113,2,15.00),(1,0.00,118,3,10.00),(1,0.00,345,10,0.50),(1,0.00,368,20,0.20),(1,0.00,370,100,0.15),(1,0.00,372,5,0.20),(1,0.00,373,5,0.20),(1,0.00,395,2,2.50),(1,0.00,450,1,60.00),(1,0.00,453,1,90.00),(1,0.00,811,1,100.00),(1,0.00,822,5,1.00),(1,0.00,941,1,1.50),(1,0.00,942,1,4.00),(1,0.00,947,1,8.00),(2,0.00,103,1,40.00),(2,0.00,113,2,15.00),(2,0.00,194,1,14.00),(2,0.00,208,1,22.00),(2,0.00,241,1,34.55),(2,0.00,300,1,5.00),(2,0.00,340,1,28.00),(2,0.00,389,1,30.00),(2,0.00,468,1,16.00),(2,0.00,496,10,1.60),(2,0.00,520,1,12.00),(2,0.00,553,1,24.00),(2,0.00,718,1,220.00),(2,0.00,740,1,12.00),(2,0.00,801,1,25.00),(3,0.00,20,1,15.00),(3,0.00,70,10,20.00),(3,0.00,113,2,15.00),(3,0.00,196,2,10.00),(3,0.00,216,1,25.00),(3,0.00,339,1,28.00),(3,0.00,365,20,0.30),(3,0.00,376,2,8.00),(3,0.00,444,1,50.00),(3,0.00,491,1,40.00),(3,0.00,696,22,0.50),(3,0.00,726,2,8.00),(3,0.00,801,1,25.00),(4,0.00,20,2,15.00),(4,0.00,30,1,140.00),(4,0.00,65,1,2.50),(4,0.00,78,1,150.00),(4,0.00,108,1,15.00),(4,0.00,113,1,15.00),(4,0.00,223,1,3.00),(4,0.00,300,3,5.00),(4,0.00,313,2,1.50),(4,0.00,339,3,28.00),(4,0.00,340,3,28.00),(4,0.00,343,4,1.50),(4,0.00,345,104,0.50),(4,0.00,360,4,1.20),(4,0.00,367,40,0.20),(4,0.00,369,100,0.15),(4,0.00,370,1,0.15),(4,0.00,376,1,8.00),(4,0.00,388,2,30.00),(4,0.00,391,1,70.00),(4,0.00,481,1,200.00),(4,0.00,521,1,12.00),(4,0.00,606,1,55.00),(4,0.00,736,1,32.00),(4,0.00,746,1,72.00),(4,0.00,824,6,1.00),(4,0.00,907,1,35.00),(5,0.00,69,3,0.60),(5,0.00,101,1,5.00),(5,0.00,206,2,42.00),(5,0.00,290,1,60.00),(5,0.00,444,1,50.00),(5,0.00,451,1,90.00),(5,0.00,462,1,6.00),(5,0.00,549,1,5.00),(5,0.00,678,1,35.00),(5,0.00,773,1,22.00),(5,0.00,980,1,22.00),(6,0.00,68,1,4.00),(6,0.00,199,1,45.00),(6,0.00,341,1,28.00),(6,0.00,376,1,8.00),(6,0.00,391,1,70.00),(6,0.00,514,1,25.00),(6,0.00,747,1,72.00),(6,0.00,908,1,45.00),(7,0.00,89,1,22.00),(7,0.00,123,1,5.00),(7,0.00,218,1,20.00),(7,0.00,227,1,65.00),(7,0.00,270,1,20.00),(7,0.00,481,1,200.00),(7,0.00,809,1,32.00),(7,0.00,824,20,1.00),(7,0.00,887,1,60.00),(7,0.00,944,1,4.00),(7,0.00,1060,1,60.00),(8,0.00,1,1,15.00),(8,0.00,24,1,55.00),(8,0.00,67,2,4.00),(8,0.00,101,1,5.00),(8,0.00,113,4,15.00),(8,0.00,131,1,22.00),(8,0.00,224,1,2.00),(8,0.00,318,1,7.00),(8,0.00,326,1,20.00),(8,0.00,340,2,28.00),(8,0.00,360,2,1.20),(8,0.00,407,1,230.00),(8,0.00,624,1,4.50),(8,0.00,715,1,185.00),(8,0.00,945,3,6.00),(9,0.00,30,1,140.00),(9,0.00,48,6,1.50),(9,0.00,49,6,1.50),(9,0.00,50,14,1.50),(9,0.00,55,10,1.00),(9,0.00,99,1,55.00),(9,0.00,117,2,6.00),(9,0.00,118,2,10.00),(9,0.00,258,1,40.00),(9,0.00,299,2,1.60),(9,0.00,340,1,28.00),(9,0.00,369,2,0.15),(9,0.00,395,2,2.50),(9,0.00,419,1,40.00),(9,0.00,491,2,40.00),(9,0.00,626,1,4.00),(9,0.00,678,1,35.00),(9,0.00,722,1,16.00),(9,0.00,725,1,3.50),(9,0.00,770,1,16.00),(9,0.00,821,2,1.00),(9,0.00,946,15,6.00),(10,0.00,42,2,90.00),(10,0.00,69,3,0.60),(10,0.00,73,1,30.00),(10,0.00,103,1,40.00),(10,0.00,108,3,15.00),(10,0.00,113,3,15.00),(10,0.00,202,1,45.00),(10,0.00,311,10,1.10),(10,0.00,313,12,1.50),(10,0.00,340,2,28.00),(10,0.00,364,1,6.00),(10,0.00,373,1,0.20),(10,0.00,388,1,30.00),(10,0.00,394,1,3.00),(10,0.00,398,4,2.50),(10,0.00,570,1,22.00),(10,0.00,799,1,12.00),(10,0.00,823,1,8.00),(10,0.00,842,1,7.00),(10,0.00,917,1,20.00),(11,0.00,221,30,0.45),(11,0.00,299,50,1.50),(11,0.00,313,36,0.75),(11,0.00,340,4,26.55),(11,0.00,359,30,0.76),(11,0.00,373,100,0.15),(11,0.00,374,200,0.24),(11,0.00,383,2,12.00),(11,0.00,682,30,2.50),(11,0.00,844,10,6.00),(12,0.00,67,2,4.00),(12,0.00,85,1,30.00),(12,0.00,114,4,1.80),(12,0.00,117,1,6.00),(12,0.00,222,2,10.00),(12,0.00,301,10,0.20),(12,0.00,340,1,28.00),(12,0.00,356,1,11.00),(12,0.00,390,1,30.00),(12,0.00,392,1,120.00),(12,0.00,409,1,85.00),(12,0.00,445,1,70.00),(12,0.00,637,1,5.00),(12,0.00,696,50,0.50),(12,0.00,703,1,10.00),(12,0.00,738,1,12.00),(12,0.00,743,2,2.00),(12,0.00,821,2,1.00),(12,0.00,893,1,6.00),(12,0.00,941,1,1.50),(13,0.00,49,8,1.50),(13,0.00,50,8,1.50),(13,0.00,72,1,70.00),(13,0.00,197,2,10.00),(13,0.00,326,1,20.00),(13,0.00,338,1,215.00),(13,0.00,409,1,85.00),(13,0.00,464,1,9.00),(13,0.00,521,1,12.00),(13,0.00,678,1,35.00),(13,0.00,700,1,20.00),(13,0.00,717,1,220.00),(13,0.00,722,1,16.00),(13,0.00,769,1,20.00),(13,0.00,893,1,6.00),(13,0.00,942,10,4.00),(14,0.00,58,2,1.20),(14,0.00,59,1,6.00),(14,0.00,75,1,30.00),(14,0.00,103,2,40.00),(14,0.00,108,1,15.00),(14,0.00,128,1,22.00),(14,0.00,195,1,10.00),(14,0.00,204,1,42.00),(14,0.00,223,1,3.00),(14,0.00,308,1,45.00),(14,0.00,342,1,28.00),(14,0.00,345,4,0.50),(14,0.00,360,1,1.20),(14,0.00,372,4,0.20),(14,0.00,384,1,6.00),(14,0.00,398,4,2.50),(14,0.00,444,1,50.00),(14,0.00,563,1,10.00),(14,0.00,625,1,7.00),(14,0.00,626,1,4.00),(14,0.00,657,1,25.00),(14,0.00,737,1,12.00),(14,0.00,738,1,12.00),(14,0.00,739,1,15.00),(14,0.00,824,4,1.00),(14,0.00,842,1,7.00),(14,0.00,895,1,20.00),(14,0.00,932,1,30.00),(14,0.00,943,1,4.00),(15,0.00,1,1,15.00),(15,0.00,53,5,1.00),(15,0.00,101,1,5.00),(15,0.00,103,3,40.00),(15,0.00,108,1,15.00),(15,0.00,115,1,30.00),(15,0.00,154,1,65.00),(15,0.00,188,1,40.00),(15,0.00,219,2,2.00),(15,0.00,220,2,2.00),(15,0.00,298,1,1.70),(15,0.00,340,1,28.00),(15,0.00,341,1,28.00),(15,0.00,369,1,0.15),(15,0.00,409,2,85.00),(15,0.00,556,1,5.00),(15,0.00,773,1,22.00),(15,0.00,797,1,45.00),(15,0.00,821,1,1.00),(15,0.00,895,2,20.00),(15,0.00,967,2,45.00),(16,0.00,222,1,10.00),(16,0.00,345,6,0.50),(16,0.00,369,6,0.15),(16,0.00,409,1,85.00),(16,0.00,468,1,16.00),(16,0.00,482,1,1500.00),(16,0.00,487,1,380.00),(16,0.00,570,1,22.00),(16,0.00,696,10,0.50),(16,0.00,739,1,15.00),(16,0.00,809,1,32.00),(16,0.00,916,1,15.00),(17,0.00,48,2,1.50),(17,0.00,58,1,1.20),(17,0.00,79,1,150.00),(17,0.00,189,1,45.00),(17,0.00,206,1,42.00),(17,0.00,313,1,1.50),(17,0.00,340,1,28.00),(17,0.00,345,6,0.50),(17,0.00,360,1,1.20),(17,0.00,366,20,0.20),(17,0.00,376,1,8.00),(17,0.00,626,1,4.00),(17,0.00,731,1,110.00),(17,0.00,736,1,32.00),(17,0.00,842,1,7.00),(18,0.00,20,1,15.00),(18,0.00,48,1,1.50),(18,0.00,49,6,1.50),(18,0.00,58,1,1.20),(18,0.00,104,1,12.00),(18,0.00,115,1,30.00),(18,0.00,270,1,20.00),(18,0.00,304,1,22.00),(18,0.00,325,1,66.00),(18,0.00,366,14,0.20),(18,0.00,373,9,0.20),(18,0.00,376,1,8.00),(18,0.00,408,1,125.00),(18,0.00,471,1,12.00),(18,0.00,496,10,1.60),(18,0.00,586,10,0.25),(18,0.00,682,2,2.50),(18,0.00,726,1,8.00),(18,0.00,727,1,10.00),(18,0.00,742,1,10.00),(18,0.00,775,1,25.00),(18,0.00,821,6,1.00),(18,0.00,824,100,1.00),(18,0.00,978,1,100.00),(18,0.00,1063,1,190.00),(19,0.00,20,2,15.00),(19,0.00,58,2,1.20),(19,0.00,68,2,4.00),(19,0.00,69,3,0.60),(19,0.00,74,1,30.00),(19,0.00,99,2,55.00),(19,0.00,117,2,6.00),(19,0.00,118,1,10.00),(19,0.00,119,6,1.00),(19,0.00,131,1,22.00),(19,0.00,203,1,6.00),(19,0.00,300,1,5.00),(19,0.00,318,1,7.00),(19,0.00,360,1,1.20),(19,0.00,389,1,30.00),(19,0.00,400,1,175.00),(19,0.00,416,1,16.00),(19,0.00,520,1,12.00),(19,0.00,526,1,22.00),(19,0.00,548,1,20.00),(19,0.00,625,1,7.00),(19,0.00,696,2,0.50),(19,0.00,707,1,100.00),(19,0.00,929,2,15.00),(19,0.00,941,1,1.50),(19,0.00,944,1,4.00),(20,0.00,48,5,1.50),(20,0.00,49,5,1.50),(20,0.00,50,10,1.50),(20,0.00,99,1,55.00),(20,0.00,223,2,3.00),(20,0.00,300,2,5.00),(20,0.00,376,1,8.00),(20,0.00,398,3,2.50),(20,0.00,453,1,90.00),(20,0.00,549,1,5.00),(21,0.00,194,3,14.00),(21,0.00,203,1,6.00),(21,0.00,206,1,42.00),(21,0.00,208,1,22.00),(21,0.00,222,1,10.00),(21,0.00,313,12,1.50),(21,0.00,316,1,32.00),(21,0.00,339,4,28.00),(21,0.00,375,12,1.00),(21,0.00,416,1,16.00),(21,0.00,549,2,5.00),(21,0.00,550,2,0.60),(21,0.00,567,1,7.00),(21,0.00,661,1,20.00),(21,0.00,678,1,35.00),(21,0.00,696,50,0.50),(21,0.00,722,1,16.00),(21,0.00,842,1,7.00),(21,0.00,941,1,1.50),(22,0.00,108,1,15.00),(22,0.00,203,3,6.00),(22,0.00,214,1,25.00),(22,0.00,221,5,1.20),(22,0.00,222,2,10.00),(22,0.00,289,1,70.00),(22,0.00,401,1,145.00),(22,0.00,419,1,40.00),(22,0.00,716,1,185.00),(22,0.00,823,5,8.00),(23,0.00,221,40,0.45),(23,0.00,298,100,1.60),(23,0.00,373,100,0.15),(23,0.00,511,3,22.00),(23,0.00,821,50,1.00),(24,0.00,49,1,1.50),(24,0.00,115,1,30.00),(24,0.00,118,1,10.00),(24,0.00,276,1,50.00),(24,0.00,301,12,0.20),(24,0.00,554,3,3.50),(24,0.00,671,1,60.00),(24,0.00,680,4,2.50),(24,0.00,719,1,220.00),(25,0.00,20,2,15.00),(25,0.00,69,3,0.60),(25,0.00,113,1,15.00),(25,0.00,114,4,1.80),(25,0.00,118,1,10.00),(25,0.00,223,1,3.00),(25,0.00,257,1,40.00),(25,0.00,300,1,5.00),(25,0.00,301,5,0.20),(25,0.00,343,3,1.50),(25,0.00,344,3,1.50),(25,0.00,367,16,0.20),(25,0.00,376,1,8.00),(25,0.00,379,1,15.00),(25,0.00,400,1,175.00),(25,0.00,416,1,16.00),(25,0.00,444,1,50.00),(25,0.00,484,1,410.00),(25,0.00,597,1,7.00),(25,0.00,682,3,2.50),(25,0.00,696,50,0.50),(25,0.00,842,10,7.00),(25,0.00,843,2,5.00),(26,0.00,20,1,15.00),(26,0.00,222,1,10.00),(26,0.00,224,4,2.00),(26,0.00,298,2,1.70),(26,0.00,369,2,0.15),(26,0.00,417,1,145.00),(26,0.00,585,30,0.25),(26,0.00,794,1,2.00),(26,0.00,805,1,30.00),(26,0.00,821,2,1.00),(26,0.00,932,1,30.00),(27,0.00,31,1,150.00),(27,0.00,45,100,0.50),(27,0.00,74,1,30.00),(27,0.00,105,11,3.50),(27,0.00,108,4,15.00),(27,0.00,117,1,6.00),(27,0.00,170,1,100.00),(27,0.00,206,1,42.00),(27,0.00,360,200,1.20),(27,0.00,367,24,0.20),(27,0.00,387,1,30.00),(27,0.00,585,20,0.25),(27,0.00,604,1,50.00),(27,0.00,680,1,2.50),(28,0.00,46,4,0.50),(28,0.00,108,1,15.00),(28,0.00,199,1,45.00),(28,0.00,249,1,40.00),(28,0.00,315,1,28.00),(28,0.00,317,1,4.00),(28,0.00,376,1,8.00),(28,0.00,387,1,30.00),(28,0.00,409,1,85.00),(28,0.00,416,1,16.00),(28,0.00,549,1,5.00),(28,0.00,696,50,0.50),(28,0.00,746,1,72.00),(28,0.00,893,1,6.00),(29,0.00,43,1,90.00),(29,0.00,48,2,1.50),(29,0.00,49,4,1.50),(29,0.00,50,4,1.50),(29,0.00,53,5,1.00),(29,0.00,70,7,20.00),(29,0.00,73,1,30.00),(29,0.00,88,1,42.00),(29,0.00,103,1,40.00),(29,0.00,312,10,1.60),(29,0.00,339,2,28.00),(29,0.00,375,10,1.00),(29,0.00,416,1,16.00),(29,0.00,554,5,3.50),(29,0.00,824,6,1.00),(30,0.00,24,1,55.00),(30,0.00,48,4,1.50),(30,0.00,49,6,1.50),(30,0.00,50,2,1.50),(30,0.00,105,1,3.50),(30,0.00,129,1,25.00),(30,0.00,226,2,3.00),(30,0.00,301,100,0.20),(30,0.00,367,13,0.20),(30,0.00,520,1,12.00),(30,0.00,712,1,245.00),(30,0.00,715,1,185.00),(30,0.00,722,1,16.00),(30,0.00,731,1,110.00),(30,0.00,756,1,12.00),(31,0.00,76,1,30.00),(31,0.00,235,1,40.00),(31,0.00,300,1,5.00),(31,0.00,392,1,120.00),(31,0.00,400,1,175.00),(31,0.00,459,1,2.00),(31,0.00,549,2,5.00),(31,0.00,696,100,0.50),(31,0.00,729,1,50.00),(31,0.00,896,1,45.00),(31,0.00,923,1,20.00),(31,0.00,1029,1,0.50),(32,0.00,48,11,1.50),(32,0.00,49,2,1.50),(32,0.00,50,2,1.50),(32,0.00,79,1,150.00),(32,0.00,118,1,10.00),(32,0.00,141,1,42.00),(32,0.00,200,1,45.00),(32,0.00,204,1,42.00),(32,0.00,224,8,2.00),(32,0.00,293,1,90.00),(32,0.00,339,1,28.00),(32,0.00,395,2,2.50),(32,0.00,400,1,175.00),(32,0.00,459,1,2.00),(32,0.00,556,1,5.00),(32,0.00,618,1,3.00),(32,0.00,642,1,80.00),(32,0.00,698,1,14.00),(32,0.00,726,1,8.00),(32,0.00,942,2,4.00),(32,0.00,943,1,4.00),(32,0.00,1022,1,60.00),(33,0.00,298,50,1.60),(34,0.00,194,10,14.00),(34,0.00,316,2,30.00),(34,0.00,340,6,26.55),(34,0.00,359,20,0.76),(34,0.00,684,5,2.00),(34,0.00,822,20,1.00),(34,0.00,842,10,6.00),(34,0.00,843,10,5.00),(35,0.00,68,1,4.00),(35,0.00,72,1,70.00),(35,0.00,223,1,3.00),(35,0.00,339,2,28.00),(35,0.00,377,1,10.00),(35,0.00,390,1,30.00),(35,0.00,549,1,5.00),(35,0.00,559,1,15.00),(35,0.00,689,1,30.00),(35,0.00,850,1,80.00),(35,0.00,942,2,4.00),(35,0.00,1005,1,90.00),(35,0.00,1062,1,190.00),(36,0.00,49,1,1.50),(36,0.00,65,3,2.50),(36,0.00,108,1,15.00),(36,0.00,113,1,15.00),(36,0.00,114,4,1.80),(36,0.00,259,1,75.00),(36,0.00,344,24,1.50),(36,0.00,360,3,1.20),(36,0.00,392,1,120.00),(36,0.00,481,1,200.00),(36,0.00,809,2,32.00),(36,0.00,841,1,6.00),(37,0.00,64,1,5.00),(37,0.00,99,1,55.00),(37,0.00,108,1,15.00),(37,0.00,115,1,30.00),(37,0.00,117,1,6.00),(37,0.00,119,5,1.00),(37,0.00,194,3,14.00),(37,0.00,195,1,10.00),(37,0.00,221,3,1.20),(37,0.00,222,1,10.00),(37,0.00,300,1,5.00),(37,0.00,312,12,1.60),(37,0.00,340,1,28.00),(37,0.00,344,4,1.50),(37,0.00,359,5,1.80),(37,0.00,364,2,6.00),(37,0.00,369,4,0.15),(37,0.00,370,6,0.15),(37,0.00,399,2,4.00),(37,0.00,521,2,12.00),(37,0.00,549,1,5.00),(37,0.00,585,200,0.25),(37,0.00,696,4,0.50),(37,0.00,838,2,1.00),(37,0.00,941,1,1.50),(37,0.00,946,2,6.00),(37,0.00,947,1,8.00),(37,0.00,1006,1,7.00),(38,0.00,55,10,1.00),(38,0.00,66,2,5.00),(38,0.00,73,1,30.00),(38,0.00,79,1,150.00),(38,0.00,113,4,15.00),(38,0.00,114,2,1.80),(38,0.00,128,1,22.00),(38,0.00,301,30,0.20),(38,0.00,339,1,28.00),(38,0.00,343,1,1.50),(38,0.00,344,10,1.50),(38,0.00,387,1,30.00),(38,0.00,550,6,0.60),(38,0.00,556,1,5.00),(38,0.00,571,1,22.00),(38,0.00,602,1,55.00),(38,0.00,618,1,3.00),(38,0.00,686,1,22.00),(38,0.00,696,50,0.50),(38,0.00,699,1,14.00),(38,0.00,798,1,35.00),(38,0.00,823,1,8.00),(38,0.00,850,1,80.00),(38,0.00,983,1,55.00),(39,0.00,298,30,1.60),(39,0.00,821,100,1.00),(39,0.00,822,100,1.00),(42,0.00,54,28,1.00),(42,0.00,59,1,6.00),(42,0.00,199,1,45.00),(42,0.00,297,1,5.00),(42,0.00,376,4,8.00),(42,0.00,400,1,175.00),(42,0.00,407,1,230.00),(42,0.00,559,1,15.00),(42,0.00,561,1,12.00),(42,0.00,678,1,35.00),(42,0.00,698,1,14.00),(42,0.00,722,1,16.00),(42,0.00,821,10,1.00),(42,0.00,838,5,1.00),(42,0.00,842,1,7.00),(43,0.00,1,1,15.00),(43,0.00,83,1,26.00),(43,0.00,89,1,22.00),(43,0.00,108,1,15.00),(43,0.00,118,1,10.00),(43,0.00,134,1,22.00),(43,0.00,195,2,10.00),(43,0.00,197,2,10.00),(43,0.00,223,3,3.00),(43,0.00,259,1,75.00),(43,0.00,312,5,1.60),(43,0.00,345,5,0.50),(43,0.00,360,3,1.20),(43,0.00,367,4,0.20),(43,0.00,373,5,0.20),(43,0.00,376,2,8.00),(43,0.00,377,1,10.00),(43,0.00,468,1,16.00),(43,0.00,496,15,1.60),(43,0.00,510,1,20.00),(43,0.00,549,1,5.00),(43,0.00,553,1,24.00),(43,0.00,626,1,4.00),(43,0.00,684,1,2.00),(43,0.00,687,1,22.00),(43,0.00,716,1,185.00),(43,0.00,722,1,16.00),(43,0.00,792,1,16.00),(43,0.00,797,1,45.00),(43,0.00,804,2,10.00),(43,0.00,985,1,55.00),(44,0.00,113,1,15.00),(44,0.00,117,1,6.00),(44,0.00,222,2,10.00),(44,0.00,340,1,28.00),(44,0.00,345,10,0.50),(44,0.00,371,10,0.20),(44,0.00,376,1,8.00),(44,0.00,390,1,30.00),(44,0.00,472,1,13.00),(44,0.00,945,2,6.00),(45,0.00,49,5,1.50),(45,0.00,50,10,1.50),(45,0.00,53,15,1.00),(45,0.00,59,2,6.00),(45,0.00,73,1,30.00),(45,0.00,141,1,42.00),(45,0.00,203,1,6.00),(45,0.00,204,1,42.00),(45,0.00,241,1,40.00),(45,0.00,286,1,30.00),(45,0.00,342,1,28.00),(45,0.00,376,1,8.00),(45,0.00,377,2,10.00),(45,0.00,421,7,1.20),(45,0.00,487,1,380.00),(45,0.00,696,1,0.50),(46,0.00,49,1,1.50),(46,0.00,52,8,1.50),(46,0.00,109,1,130.00),(46,0.00,186,1,45.00),(46,0.00,196,2,10.00),(46,0.00,273,1,50.00),(46,0.00,314,1,3.00),(46,0.00,389,1,30.00),(46,0.00,433,1,60.00),(46,0.00,454,1,90.00),(46,0.00,550,3,0.60),(46,0.00,574,1,22.00),(47,0.00,22,1,55.00),(47,0.00,48,1,1.50),(47,0.00,49,2,1.50),(47,0.00,50,2,1.50),(47,0.00,101,2,5.00),(47,0.00,108,1,15.00),(47,0.00,113,1,15.00),(47,0.00,115,1,30.00),(47,0.00,132,1,42.00),(47,0.00,203,2,6.00),(47,0.00,330,1,27.00),(47,0.00,359,1,1.80),(47,0.00,549,1,5.00),(47,0.00,550,1,0.60),(47,0.00,551,2,16.00),(47,0.00,553,1,24.00),(47,0.00,655,1,20.00),(47,0.00,686,1,22.00),(47,0.00,714,1,170.00),(47,0.00,725,1,3.50),(47,0.00,733,1,100.00),(47,0.00,830,2,1.00),(47,0.00,837,2,1.00),(47,0.00,841,1,6.00),(48,0.00,35,1,130.00),(48,0.00,49,1,1.50),(48,0.00,50,10,1.50),(48,0.00,113,6,15.00),(48,0.00,114,10,1.80),(48,0.00,300,1,5.00),(48,0.00,344,10,1.50),(48,0.00,345,5,0.50),(48,0.00,372,5,0.20),(48,0.00,376,1,8.00),(48,0.00,377,1,10.00),(48,0.00,388,1,30.00),(48,0.00,400,1,175.00),(48,0.00,419,1,40.00),(48,0.00,481,1,200.00),(48,0.00,512,1,25.00),(48,0.00,685,1,22.00),(48,0.00,718,1,220.00),(48,0.00,722,1,16.00),(48,0.00,729,1,50.00),(48,0.00,745,1,72.00),(48,0.00,821,6,1.00),(48,0.00,941,1,1.50),(49,0.00,1,1,15.00),(49,0.00,55,9,1.00),(49,0.00,64,1,5.00),(49,0.00,101,2,5.00),(49,0.00,117,1,6.00),(49,0.00,118,2,10.00),(49,0.00,203,1,6.00),(49,0.00,304,1,22.00),(49,0.00,342,1,28.00),(49,0.00,345,4,0.50),(49,0.00,360,34,1.20),(49,0.00,369,100,0.15),(49,0.00,376,1,8.00),(49,0.00,408,1,125.00),(49,0.00,548,1,20.00),(49,0.00,553,2,24.00),(49,0.00,554,5,3.50),(49,0.00,586,10,0.25),(49,0.00,752,1,35.00),(49,0.00,795,1,20.00),(49,0.00,805,1,30.00),(49,0.00,841,2,6.00),(49,0.00,920,1,20.00),(49,0.00,1014,1,15.00),(50,0.00,221,30,0.45),(50,0.00,540,4,5.00),(50,0.00,682,50,2.50),(50,0.00,684,5,2.00),(50,0.00,821,40,1.00),(50,0.00,822,70,1.00),(50,0.00,842,7,6.00),(50,0.00,844,10,6.00),(51,0.00,35,1,130.00),(51,0.00,49,6,1.50),(51,0.00,50,4,1.50),(51,0.00,101,1,5.00),(51,0.00,113,2,15.00),(51,0.00,194,3,14.00),(51,0.00,297,2,5.00),(51,0.00,298,1,1.70),(51,0.00,300,3,5.00),(51,0.00,320,1,7.00),(51,0.00,345,155,0.50),(51,0.00,369,136,0.15),(51,0.00,371,20,0.20),(51,0.00,416,1,16.00),(51,0.00,467,1,20.00),(51,0.00,468,4,16.00),(51,0.00,553,1,24.00),(51,0.00,674,1,85.00),(51,0.00,685,1,22.00),(51,0.00,740,1,12.00),(51,0.00,841,1,6.00),(51,0.00,895,2,20.00),(52,0.00,50,3,1.50),(52,0.00,103,1,40.00),(52,0.00,298,7,1.70),(52,0.00,359,2,1.80),(52,0.00,367,9,0.20),(52,0.00,376,1,8.00),(52,0.00,388,1,30.00),(52,0.00,408,1,125.00),(52,0.00,585,50,0.25),(52,0.00,586,19,0.25),(52,0.00,610,1,120.00),(52,0.00,725,1,3.50),(52,0.00,736,1,32.00),(52,0.00,802,1,5.00),(52,0.00,804,1,10.00),(52,0.00,821,2,1.00),(52,0.00,822,2,1.00),(52,0.00,837,2,1.00),(52,0.00,841,2,6.00),(52,0.00,902,1,18.00),(52,0.00,941,1,1.50),(53,0.00,298,10,1.70),(53,0.00,304,1,22.00),(53,0.00,364,1,6.00),(53,0.00,369,10,0.15),(53,0.00,392,1,120.00),(53,0.00,678,1,35.00),(53,0.00,736,1,32.00),(53,0.00,821,10,1.00),(54,0.00,46,4,0.50),(54,0.00,59,5,6.00),(54,0.00,80,1,140.00),(54,0.00,103,1,40.00),(54,0.00,104,1,12.00),(54,0.00,105,1,3.50),(54,0.00,106,1,5.00),(54,0.00,114,1,1.80),(54,0.00,117,1,6.00),(54,0.00,118,1,10.00),(54,0.00,221,10,1.20),(54,0.00,223,1,3.00),(54,0.00,227,1,65.00),(54,0.00,304,1,22.00),(54,0.00,367,1,0.20),(54,0.00,376,1,8.00),(54,0.00,377,1,10.00),(54,0.00,421,4,1.20),(54,0.00,455,1,40.00),(54,0.00,481,1,200.00),(54,0.00,714,1,170.00),(54,0.00,719,1,220.00),(54,0.00,740,1,12.00),(54,0.00,823,1,8.00),(54,0.00,982,11,0.20),(55,0.00,53,1,1.00),(55,0.00,113,4,15.00),(55,0.00,115,1,30.00),(55,0.00,119,1,1.00),(55,0.00,184,1,45.00),(55,0.00,276,1,50.00),(55,0.00,376,1,8.00),(55,0.00,461,1,40.00),(55,0.00,541,1,70.00),(55,0.00,551,1,16.00),(55,0.00,564,1,12.00),(55,0.00,597,1,7.00),(56,0.00,48,2,1.50),(56,0.00,78,1,150.00),(56,0.00,100,2,18.00),(56,0.00,194,2,14.00),(56,0.00,204,1,42.00),(56,0.00,300,1,5.00),(56,0.00,318,2,7.00),(56,0.00,339,1,28.00),(56,0.00,345,10,0.50),(56,0.00,369,20,0.15),(56,0.00,376,1,8.00),(56,0.00,398,1,2.50),(56,0.00,539,1,4.50),(56,0.00,548,1,20.00),(57,0.00,48,2,1.50),(57,0.00,49,2,1.50),(57,0.00,51,6,1.50),(57,0.00,299,1,1.60),(57,0.00,359,1,1.80),(57,0.00,549,1,5.00),(57,0.00,734,1,26.00),(57,0.00,794,2,2.00),(57,0.00,837,1,1.00),(57,0.00,841,1,6.00),(57,0.00,982,1,0.20),(58,0.00,48,4,1.50),(58,0.00,49,7,1.50),(58,0.00,51,6,1.50),(58,0.00,99,1,55.00),(58,0.00,103,1,40.00),(58,0.00,203,1,6.00),(58,0.00,625,1,7.00),(58,0.00,666,1,40.00),(58,0.00,941,1,1.50),(58,0.00,961,1,22.00),(59,0.00,73,2,30.00),(59,0.00,113,1,15.00),(59,0.00,222,2,10.00),(59,0.00,367,1,0.20),(59,0.00,421,2,1.20),(59,0.00,496,10,1.60),(59,0.00,551,1,16.00),(59,0.00,625,1,7.00),(59,0.00,655,1,20.00),(59,0.00,726,1,8.00),(59,0.00,756,1,12.00),(59,0.00,798,1,35.00),(59,0.00,819,1,10.00),(59,0.00,822,1,1.00),(59,0.00,893,1,6.00),(59,0.00,999,1,85.00),(60,0.00,58,1,1.20),(60,0.00,88,1,42.00),(60,0.00,117,1,6.00),(60,0.00,119,1,1.00),(60,0.00,197,2,10.00),(60,0.00,343,2,1.50),(60,0.00,419,1,40.00),(60,0.00,421,1,1.20),(60,0.00,722,1,16.00),(60,0.00,753,6,3.00),(60,0.00,756,2,12.00),(60,0.00,769,2,20.00),(60,0.00,773,2,22.00),(60,0.00,824,100,1.00),(60,0.00,971,1,320.00),(61,0.00,53,15,1.00),(61,0.00,113,6,15.00),(61,0.00,114,10,1.80),(61,0.00,117,2,6.00),(61,0.00,118,2,10.00),(61,0.00,194,2,14.00),(61,0.00,207,1,42.00),(61,0.00,221,2,1.20),(61,0.00,270,2,20.00),(61,0.00,296,1,5.00),(61,0.00,369,3,0.15),(61,0.00,371,3,0.20),(61,0.00,373,2,0.20),(61,0.00,376,1,8.00),(61,0.00,377,1,10.00),(61,0.00,398,2,2.50),(61,0.00,510,1,20.00),(61,0.00,674,1,85.00),(61,0.00,722,1,16.00),(61,0.00,753,1,3.00),(61,0.00,814,1,2.20),(61,0.00,823,1,8.00),(61,0.00,833,1,1.50),(61,0.00,887,1,60.00),(61,0.00,942,1,4.00),(61,0.00,1060,1,60.00),(62,0.00,23,1,55.00),(62,0.00,65,1,2.50),(62,0.00,78,1,150.00),(62,0.00,103,1,40.00),(62,0.00,117,2,6.00),(62,0.00,132,1,42.00),(62,0.00,219,15,2.00),(62,0.00,220,8,2.00),(62,0.00,222,2,10.00),(62,0.00,281,1,40.00),(62,0.00,315,1,28.00),(62,0.00,318,1,7.00),(62,0.00,345,34,0.50),(62,0.00,376,1,8.00),(62,0.00,401,1,145.00),(62,0.00,417,1,145.00),(62,0.00,487,1,380.00),(62,0.00,729,1,50.00),(62,0.00,805,1,30.00),(62,0.00,842,1,7.00),(62,0.00,843,2,5.00),(62,0.00,928,1,15.00),(63,0.00,48,5,1.50),(63,0.00,49,5,1.50),(63,0.00,65,3,2.50),(63,0.00,99,1,55.00),(63,0.00,134,1,22.00),(63,0.00,196,1,10.00),(63,0.00,221,1,1.20),(63,0.00,339,1,28.00),(63,0.00,340,1,28.00),(63,0.00,344,22,1.50),(63,0.00,345,10,0.50),(63,0.00,369,20,0.15),(63,0.00,395,3,2.50),(63,0.00,398,3,2.50),(63,0.00,399,2,4.00),(63,0.00,407,1,230.00),(63,0.00,527,1,22.00),(63,0.00,559,1,15.00),(63,0.00,699,1,14.00),(63,0.00,999,1,85.00),(64,0.00,64,1,5.00),(64,0.00,108,2,15.00),(64,0.00,113,1,15.00),(64,0.00,117,1,6.00),(64,0.00,118,1,10.00),(64,0.00,181,1,50.00),(64,0.00,228,1,70.00),(64,0.00,340,1,28.00),(64,0.00,376,1,8.00),(64,0.00,546,1,16.00),(64,0.00,549,1,5.00),(64,0.00,685,1,22.00),(64,0.00,726,2,8.00),(64,0.00,947,1,8.00),(65,0.00,92,1,42.00),(65,0.00,108,1,15.00),(65,0.00,188,1,40.00),(65,0.00,330,1,27.00),(65,0.00,340,1,28.00),(65,0.00,366,12,0.20),(65,0.00,376,1,8.00),(65,0.00,377,1,10.00),(65,0.00,551,1,16.00),(65,0.00,760,1,9.00),(65,0.00,798,1,35.00),(65,0.00,801,1,25.00),(65,0.00,941,1,1.50),(65,0.00,942,1,4.00),(66,0.00,50,2,1.50),(66,0.00,51,3,1.50),(66,0.00,103,2,40.00),(66,0.00,108,1,15.00),(66,0.00,114,2,1.80),(66,0.00,170,1,100.00),(66,0.00,201,1,45.00),(66,0.00,221,20,1.20),(66,0.00,344,2,1.50),(66,0.00,376,2,8.00),(66,0.00,421,2,1.20),(66,0.00,652,1,60.00),(66,0.00,674,1,85.00),(66,0.00,773,1,22.00),(66,0.00,821,1,1.00),(66,0.00,822,1,1.00),(66,0.00,824,1,1.00),(66,0.00,895,1,20.00),(67,0.00,23,1,55.00),(67,0.00,51,3,1.50),(67,0.00,117,1,6.00),(67,0.00,118,1,10.00),(67,0.00,119,7,1.00),(67,0.00,221,5,1.20),(67,0.00,247,1,40.00),(67,0.00,373,2,0.20),(67,0.00,455,1,40.00),(67,0.00,461,1,40.00),(67,0.00,626,1,4.00),(67,0.00,817,1,16.00),(67,0.00,821,1,1.00),(67,0.00,838,3,1.00),(67,0.00,945,2,6.00),(67,0.00,946,2,6.00),(68,0.00,298,100,1.60),(68,0.00,300,5,4.50),(68,0.00,311,36,1.10),(68,0.00,316,4,30.00),(68,0.00,340,6,26.55),(68,0.00,345,70,0.20),(68,0.00,511,3,22.00),(68,0.00,597,3,6.00),(68,0.00,638,2,36.00),(69,0.00,47,1,1.80),(69,0.00,104,1,12.00),(69,0.00,194,1,14.00),(69,0.00,222,1,10.00),(69,0.00,268,1,20.00),(69,0.00,293,1,90.00),(69,0.00,301,20,0.20),(69,0.00,304,1,22.00),(69,0.00,339,1,28.00),(69,0.00,340,1,28.00),(69,0.00,376,2,8.00),(69,0.00,377,1,10.00),(69,0.00,455,1,40.00),(69,0.00,520,1,12.00),(69,0.00,674,1,85.00),(69,0.00,696,50,0.50),(69,0.00,722,1,16.00),(69,0.00,944,1,4.00),(69,0.00,945,1,6.00),(69,0.00,946,1,6.00),(69,0.00,1024,1,30.00),(70,0.00,1,1,15.00),(70,0.00,67,2,4.00),(70,0.00,78,1,150.00),(70,0.00,114,7,1.80),(70,0.00,184,1,45.00),(70,0.00,195,1,10.00),(70,0.00,203,1,6.00),(70,0.00,221,2,1.20),(70,0.00,222,2,10.00),(70,0.00,224,2,2.00),(70,0.00,340,1,28.00),(70,0.00,344,4,1.50),(70,0.00,359,3,1.80),(70,0.00,360,8,1.20),(70,0.00,392,1,120.00),(70,0.00,759,1,42.00),(71,0.00,194,3,14.00),(71,0.00,196,2,10.00),(71,0.00,301,100,0.20),(71,0.00,377,1,10.00),(71,0.00,455,1,40.00),(71,0.00,521,1,12.00),(71,0.00,585,12,0.25),(71,0.00,722,1,16.00),(72,0.00,49,1,1.50),(72,0.00,69,4,0.60),(72,0.00,81,1,150.00),(72,0.00,204,1,42.00),(72,0.00,226,4,3.00),(72,0.00,296,1,5.00),(72,0.00,345,3,0.50),(72,0.00,368,3,0.20),(72,0.00,520,1,12.00),(72,0.00,823,1,8.00),(72,0.00,933,1,20.00),(73,0.00,49,5,1.50),(73,0.00,50,9,1.50),(73,0.00,51,1,1.50),(73,0.00,59,1,6.00),(73,0.00,71,1,50.00),(73,0.00,99,1,55.00),(73,0.00,113,4,15.00),(73,0.00,320,1,7.00),(73,0.00,376,1,8.00),(73,0.00,404,1,12.00),(73,0.00,427,1,1.10),(73,0.00,480,1,400.00),(73,0.00,520,1,12.00),(73,0.00,585,5,0.25),(73,0.00,624,1,4.50),(73,0.00,715,1,185.00),(73,0.00,725,1,3.50),(73,0.00,726,1,8.00),(73,0.00,798,1,35.00),(74,0.00,66,2,5.00),(74,0.00,67,2,4.00),(74,0.00,103,1,40.00),(74,0.00,113,3,15.00),(74,0.00,115,1,30.00),(74,0.00,203,1,6.00),(74,0.00,219,10,2.00),(74,0.00,220,10,2.00),(74,0.00,223,2,3.00),(74,0.00,377,1,10.00),(74,0.00,459,1,2.00),(74,0.00,496,10,1.60),(74,0.00,539,2,4.50),(74,0.00,793,2,0.80),(74,0.00,942,1,4.00),(74,0.00,1021,1,45.00),(75,0.00,69,5,0.60),(75,0.00,119,1,1.00),(75,0.00,195,1,10.00),(75,0.00,320,1,7.00),(75,0.00,340,1,28.00),(75,0.00,341,1,28.00),(75,0.00,367,100,0.20),(75,0.00,376,1,8.00),(75,0.00,456,1,60.00),(75,0.00,824,15,1.00),(76,0.00,1,1,15.00),(76,0.00,48,2,1.50),(76,0.00,65,1,2.50),(76,0.00,73,1,30.00),(76,0.00,92,1,42.00),(76,0.00,183,1,45.00),(76,0.00,296,1,5.00),(76,0.00,344,2,1.50),(76,0.00,360,1,1.20),(76,0.00,376,3,8.00),(76,0.00,658,1,20.00),(76,0.00,685,1,22.00),(76,0.00,696,2,0.50),(76,0.00,722,2,16.00),(77,0.00,47,1,1.80),(77,0.00,104,1,12.00),(77,0.00,171,1,100.00),(77,0.00,203,1,6.00),(77,0.00,218,1,20.00),(77,0.00,297,1,5.00),(77,0.00,330,1,27.00),(77,0.00,377,1,10.00),(77,0.00,419,1,40.00),(77,0.00,726,1,8.00),(77,0.00,841,4,6.00),(77,0.00,941,5,1.50),(77,0.00,1060,1,60.00),(78,0.00,310,36,0.44),(78,0.00,315,2,26.00),(78,0.00,316,1,30.00),(78,0.00,340,4,26.55),(78,0.00,345,50,0.20),(78,0.00,376,5,7.80),(78,0.00,626,8,4.00),(78,0.00,682,41,2.50),(78,0.00,695,100,0.30),(78,0.00,696,100,0.50),(78,0.00,843,5,5.00),(79,0.00,47,1,1.80),(79,0.00,118,1,10.00),(79,0.00,189,1,45.00),(79,0.00,222,1,10.00),(79,0.00,226,1,3.00),(79,0.00,300,1,5.00),(79,0.00,371,10,0.20),(79,0.00,511,1,25.00),(79,0.00,742,4,10.00),(79,0.00,804,4,10.00),(79,0.00,806,1,45.00),(80,0.00,793,100,0.80),(81,0.00,51,1,1.50),(81,0.00,92,1,42.00),(81,0.00,175,1,55.00),(81,0.00,196,1,10.00),(81,0.00,341,1,28.00),(81,0.00,381,1,11.00),(81,0.00,399,1,4.00),(81,0.00,722,1,16.00),(81,0.00,726,1,8.00),(82,0.00,59,1,6.00),(82,0.00,78,1,150.00),(82,0.00,222,1,10.00),(82,0.00,315,1,28.00),(82,0.00,344,6,1.50),(82,0.00,345,23,0.50),(82,0.00,359,2,1.80),(82,0.00,369,18,0.15),(82,0.00,371,5,0.20),(82,0.00,376,2,8.00),(82,0.00,390,1,30.00),(82,0.00,585,12,0.25),(82,0.00,843,5,5.00),(83,0.00,53,4,1.00),(83,0.00,55,4,1.00),(83,0.00,104,1,12.00),(83,0.00,257,1,40.00),(83,0.00,312,6,1.60),(83,0.00,341,2,28.00),(83,0.00,360,10,1.20),(83,0.00,365,10,0.30),(83,0.00,843,1,5.00),(83,0.00,1058,2,25.00),(84,0.00,48,6,1.50),(84,0.00,49,8,1.50),(84,0.00,50,8,1.50),(84,0.00,103,1,40.00),(84,0.00,113,1,15.00),(84,0.00,118,1,10.00),(84,0.00,365,10,0.30),(84,0.00,376,1,8.00),(84,0.00,460,1,36.00),(84,0.00,472,1,13.00),(84,0.00,646,1,45.00),(84,0.00,723,1,14.00),(84,0.00,822,2,1.00),(85,0.00,53,20,1.00),(85,0.00,67,4,4.00),(85,0.00,70,4,20.00),(85,0.00,108,3,15.00),(85,0.00,113,1,15.00),(85,0.00,118,1,10.00),(85,0.00,203,1,6.00),(85,0.00,204,1,42.00),(85,0.00,343,2,1.50),(85,0.00,366,10,0.20),(85,0.00,376,2,8.00),(85,0.00,464,1,9.00),(85,0.00,696,50,0.50),(85,0.00,697,2,0.30),(85,0.00,769,1,20.00),(85,0.00,805,1,30.00),(85,0.00,824,10,1.00),(86,0.00,540,1,5.00),(86,0.00,821,100,1.00),(86,0.00,822,100,1.00),(86,0.00,941,2,1.50),(87,0.00,66,1,5.00),(87,0.00,104,1,12.00),(87,0.00,113,1,15.00),(87,0.00,344,20,1.50),(87,0.00,376,1,8.00),(87,0.00,379,1,15.00),(87,0.00,390,1,30.00),(87,0.00,553,1,24.00),(87,0.00,685,1,22.00),(87,0.00,696,50,0.50),(87,0.00,726,1,8.00),(87,0.00,731,2,110.00),(87,0.00,805,1,30.00),(88,0.00,90,1,22.00),(88,0.00,99,1,55.00),(88,0.00,134,1,22.00),(88,0.00,194,1,14.00),(88,0.00,301,2,0.20),(88,0.00,341,1,28.00),(88,0.00,345,30,0.50),(88,0.00,369,30,0.15),(88,0.00,371,10,0.20),(88,0.00,817,1,16.00),(88,0.00,821,5,1.00),(88,0.00,895,1,20.00),(88,0.00,941,1,1.50),(89,0.00,99,1,55.00),(89,0.00,103,1,40.00),(89,0.00,108,2,15.00),(89,0.00,119,2,1.00),(89,0.00,223,2,3.00),(89,0.00,318,1,7.00),(89,0.00,365,5,0.30),(89,0.00,416,1,16.00),(89,0.00,661,1,20.00),(89,0.00,788,1,5.00),(89,0.00,837,2,1.00),(90,0.00,108,1,15.00),(90,0.00,114,6,1.80),(90,0.00,117,2,6.00),(90,0.00,195,4,10.00),(90,0.00,203,1,6.00),(90,0.00,225,6,2.00),(90,0.00,298,1,1.70),(90,0.00,300,1,5.00),(90,0.00,314,1,3.00),(90,0.00,320,1,7.00),(90,0.00,344,6,1.50),(90,0.00,364,1,6.00),(90,0.00,366,20,0.20),(90,0.00,398,1,2.50),(90,0.00,451,1,90.00),(90,0.00,468,1,16.00),(90,0.00,588,1,10.00),(90,0.00,607,1,150.00),(90,0.00,718,1,220.00),(90,0.00,788,1,5.00),(90,0.00,804,1,10.00),(90,0.00,841,1,6.00),(90,0.00,843,1,5.00),(90,0.00,1024,4,30.00),(91,0.00,48,5,1.50),(91,0.00,49,3,1.50),(91,0.00,50,5,1.50),(91,0.00,65,3,2.50),(91,0.00,66,2,5.00),(91,0.00,70,5,20.00),(91,0.00,90,1,22.00),(91,0.00,101,1,5.00),(91,0.00,113,2,15.00),(91,0.00,171,1,100.00),(91,0.00,255,1,40.00),(91,0.00,272,1,50.00),(91,0.00,455,1,40.00),(91,0.00,655,1,20.00),(91,0.00,733,2,100.00),(92,0.00,298,50,1.60),(93,0.00,23,2,55.00),(93,0.00,49,1,1.50),(93,0.00,67,2,4.00),(93,0.00,249,1,40.00),(93,0.00,330,1,27.00),(93,0.00,371,15,0.20),(93,0.00,417,1,145.00),(93,0.00,487,1,380.00),(93,0.00,519,1,12.00),(93,0.00,730,1,110.00),(94,0.00,71,1,50.00),(94,0.00,75,1,30.00),(94,0.00,83,1,26.00),(94,0.00,104,1,12.00),(94,0.00,108,1,15.00),(94,0.00,185,1,45.00),(94,0.00,300,1,5.00),(94,0.00,318,1,7.00),(94,0.00,345,15,0.50),(94,0.00,371,15,0.20),(94,0.00,376,1,8.00),(94,0.00,389,1,30.00),(94,0.00,400,1,175.00),(94,0.00,496,10,1.60),(94,0.00,510,1,20.00),(94,0.00,540,2,5.00),(94,0.00,586,15,0.25),(94,0.00,626,1,4.00),(94,0.00,696,3,0.50),(94,0.00,715,1,185.00),(94,0.00,718,1,220.00),(94,0.00,726,1,8.00),(94,0.00,793,1,0.80),(94,0.00,842,1,7.00),(94,0.00,1062,1,190.00),(95,0.00,45,6,0.50),(95,0.00,48,2,1.50),(95,0.00,49,2,1.50),(95,0.00,50,8,1.50),(95,0.00,113,1,15.00),(95,0.00,119,12,1.00),(95,0.00,340,1,28.00),(95,0.00,343,4,1.50),(95,0.00,345,4,0.50),(95,0.00,360,12,1.20),(95,0.00,371,6,0.20),(95,0.00,372,5,0.20),(95,0.00,376,2,8.00),(95,0.00,453,1,90.00),(95,0.00,680,3,2.50),(95,0.00,681,5,2.50),(95,0.00,822,4,1.00),(95,0.00,941,1,1.50),(95,0.00,943,1,4.00),(96,0.00,50,5,1.50),(96,0.00,66,2,5.00),(96,0.00,74,1,30.00),(96,0.00,117,1,6.00),(96,0.00,119,3,1.00),(96,0.00,298,4,1.70),(96,0.00,339,1,28.00),(96,0.00,435,10,3.00),(96,0.00,453,1,90.00),(96,0.00,465,1,32.00),(96,0.00,512,2,25.00),(96,0.00,680,5,2.50),(96,0.00,681,5,2.50),(96,0.00,696,50,0.50),(96,0.00,742,1,10.00),(96,0.00,1029,10,0.50),(96,0.00,1030,1,72.00),(97,0.00,45,14,0.50),(97,0.00,48,5,1.50),(97,0.00,50,5,1.50),(97,0.00,53,29,1.00),(97,0.00,59,1,6.00),(97,0.00,70,2,20.00),(97,0.00,81,1,150.00),(97,0.00,103,2,40.00),(97,0.00,105,2,3.50),(97,0.00,108,2,15.00),(97,0.00,118,1,10.00),(97,0.00,253,1,43.00),(97,0.00,318,2,7.00),(97,0.00,417,1,145.00),(97,0.00,481,1,200.00),(97,0.00,485,1,460.00),(97,0.00,549,1,5.00),(97,0.00,619,1,8.00),(97,0.00,726,1,8.00),(97,0.00,738,1,12.00),(97,0.00,756,1,12.00),(98,0.00,1,1,15.00),(98,0.00,22,1,55.00),(98,0.00,73,1,30.00),(98,0.00,108,1,15.00),(98,0.00,218,1,20.00),(98,0.00,221,2,1.20),(98,0.00,359,2,1.80),(98,0.00,372,2,0.20),(98,0.00,376,2,8.00),(98,0.00,377,1,10.00),(98,0.00,460,1,36.00),(98,0.00,488,1,35.00),(98,0.00,587,1,10.00),(98,0.00,726,2,8.00),(98,0.00,793,2,0.80),(98,0.00,841,4,6.00),(99,0.00,45,3,0.50),(99,0.00,48,3,1.50),(99,0.00,78,1,150.00),(99,0.00,117,1,6.00),(99,0.00,223,2,3.00),(99,0.00,224,2,2.00),(99,0.00,310,2,1.10),(99,0.00,314,2,3.00),(99,0.00,339,1,28.00),(99,0.00,360,10,1.20),(99,0.00,364,1,6.00),(99,0.00,373,1,0.20),(99,0.00,376,1,8.00),(99,0.00,421,2,1.20),(99,0.00,539,2,4.50),(99,0.00,568,1,7.00),(99,0.00,626,1,4.00),(99,0.00,715,1,185.00),(99,0.00,740,1,12.00),(100,0.00,69,3,0.60),(100,0.00,113,1,15.00),(100,0.00,132,1,42.00),(100,0.00,197,2,10.00),(100,0.00,221,1,1.20),(100,0.00,298,1,1.70),(100,0.00,345,20,0.50),(100,0.00,360,10,1.20),(100,0.00,369,2,0.15),(100,0.00,682,3,2.50),(100,0.00,696,5,0.50),(100,0.00,821,1,1.00),(100,0.00,823,2,8.00),(101,0.00,342,1,28.00),(101,0.00,360,5,1.20),(101,0.00,377,1,10.00),(101,0.00,398,3,2.50),(101,0.00,436,1,3.00),(101,0.00,563,1,10.00),(101,0.00,587,2,10.00),(101,0.00,680,2,2.50),(101,0.00,722,1,16.00),(101,0.00,756,1,12.00),(101,0.00,971,1,320.00),(101,0.00,1072,1,6.00),(103,0.00,103,2,40.00),(103,0.00,113,3,17.00),(103,0.00,203,1,6.00),(103,0.00,318,3,7.00),(103,0.00,376,2,8.00),(103,0.00,377,1,10.00),(103,0.00,726,2,12.00),(103,0.00,837,2,1.00),(103,0.00,887,1,60.00),(104,0.00,64,4,5.00),(104,0.00,207,1,42.00),(104,0.00,270,1,20.00),(104,0.00,317,1,4.00),(104,0.00,318,3,7.00),(104,0.00,340,2,28.00),(104,0.00,376,1,8.00),(104,0.00,407,1,230.00),(104,0.00,496,35,1.60),(104,0.00,549,1,5.00),(104,0.00,594,1,5.00),(104,0.00,595,2,1.10),(104,0.00,754,1,13.00),(104,0.00,769,1,20.00),(104,0.00,790,1,20.00),(104,0.00,837,3,1.00),(104,0.00,854,1,35.00),(104,0.00,872,5,1.00),(104,0.00,874,2,1.00),(104,0.00,901,2,18.00),(104,0.00,902,1,18.00),(104,0.00,906,1,25.00),(104,0.00,909,2,30.00),(104,0.00,912,1,16.00),(105,0.00,45,100,0.50),(105,0.00,113,1,17.00),(105,0.00,300,1,5.00),(105,0.00,312,2,1.60),(105,0.00,376,1,8.00),(105,0.00,1105,1,22.00),(106,0.00,99,1,55.00),(106,0.00,105,1,3.50),(106,0.00,113,2,17.00),(106,0.00,199,1,45.00),(106,0.00,221,1,1.20),(106,0.00,314,2,3.00),(106,0.00,327,1,15.00),(106,0.00,345,2,0.50),(106,0.00,360,5,1.20),(106,0.00,376,1,8.00),(106,0.00,562,2,8.00),(106,0.00,695,5,0.30),(106,0.00,696,5,0.50),(106,0.00,740,2,12.00),(106,0.00,952,1,10.00),(106,0.00,961,1,22.00),(106,0.00,1071,1,16.00),(107,0.00,114,2,1.80),(107,0.00,117,3,6.00),(107,0.00,195,1,10.00),(107,0.00,221,2,1.20),(107,0.00,224,10,2.00),(107,0.00,261,1,75.00),(107,0.00,360,1,1.20),(107,0.00,376,1,8.00),(107,0.00,377,1,10.00),(107,0.00,399,1,4.00),(107,0.00,401,1,145.00),(107,0.00,541,1,82.00),(107,0.00,696,1,0.50),(107,0.00,740,1,12.00),(107,0.00,777,1,28.00),(107,0.00,804,1,10.00),(107,0.00,823,1,8.00),(107,0.00,886,1,60.00),(108,0.00,48,2,1.50),(108,0.00,49,5,1.50),(108,0.00,50,5,1.50),(108,0.00,103,3,40.00),(108,0.00,114,5,1.80),(108,0.00,243,1,40.00),(108,0.00,301,25,0.20),(108,0.00,344,22,1.50),(108,0.00,345,34,0.50),(108,0.00,376,1,8.00),(108,0.00,390,1,30.00),(108,0.00,399,1,4.00),(108,0.00,416,2,16.00),(108,0.00,520,1,12.00),(108,0.00,682,3,2.50),(108,0.00,684,1,2.00),(108,0.00,695,1,0.30),(108,0.00,696,1,0.50),(108,0.00,1046,1,18.00),(109,0.00,104,1,12.00),(109,0.00,371,11,0.20),(109,0.00,453,1,90.00),(109,0.00,676,4,5.00),(109,0.00,799,1,12.00),(109,0.00,821,11,1.00),(110,0.00,48,7,1.50),(110,0.00,49,1,1.50),(110,0.00,50,8,1.50),(110,0.00,73,1,30.00),(110,0.00,270,1,20.00),(110,0.00,299,1,1.60),(110,0.00,359,1,1.80),(110,0.00,377,2,12.00),(110,0.00,756,2,12.00),(110,0.00,841,2,6.00),(111,0.00,31,1,170.00),(111,0.00,184,1,45.00),(111,0.00,225,2,2.00),(111,0.00,297,1,5.00),(111,0.00,318,6,7.00),(111,0.00,340,3,28.00),(111,0.00,367,13,0.20),(111,0.00,371,10,0.20),(111,0.00,376,4,8.00),(111,0.00,377,1,12.00),(111,0.00,585,24,0.25),(111,0.00,726,1,12.00),(111,0.00,756,2,12.00),(111,0.00,823,2,8.00),(111,0.00,945,1,6.00),(111,0.00,966,1,22.00),(112,0.00,345,38,0.20),(112,0.00,373,200,0.15),(112,0.00,822,30,1.00),(113,0.00,45,1,0.50),(113,0.00,66,2,5.00),(113,0.00,74,1,30.00),(113,0.00,108,1,15.00),(113,0.00,140,1,22.00),(113,0.00,203,1,6.00),(113,0.00,222,3,10.00),(113,0.00,316,1,32.00),(113,0.00,340,1,28.00),(113,0.00,360,9,1.20),(113,0.00,381,1,11.00),(113,0.00,421,5,1.20),(113,0.00,674,1,85.00),(113,0.00,681,1,2.50),(113,0.00,682,4,2.50),(113,0.00,722,1,17.00),(113,0.00,895,1,20.00),(114,0.00,45,1,0.50),(114,0.00,46,1,0.50),(114,0.00,99,1,55.00),(114,0.00,103,1,40.00),(114,0.00,108,1,15.00),(114,0.00,320,2,7.00),(114,0.00,364,2,6.00),(114,0.00,390,1,30.00),(114,0.00,639,1,25.00),(114,0.00,674,1,90.00),(114,0.00,932,1,30.00),(114,0.00,953,1,10.00),(114,0.00,1004,1,42.00),(114,0.00,1011,1,20.00),(114,0.00,1029,1,0.50),(114,0.00,1123,1,150.00),(115,0.00,46,4,0.50),(115,0.00,47,2,1.80),(115,0.00,48,1,1.50),(115,0.00,50,1,1.50),(115,0.00,51,1,1.50),(115,0.00,250,1,40.00),(115,0.00,343,2,1.50),(115,0.00,393,4,1.50),(115,0.00,398,4,2.50),(115,0.00,455,1,40.00),(115,0.00,714,1,170.00),(116,0.00,23,1,55.00),(116,0.00,53,5,1.00),(116,0.00,59,1,6.00),(116,0.00,103,2,40.00),(116,0.00,114,6,1.80),(116,0.00,118,1,10.00),(116,0.00,119,2,1.00),(116,0.00,208,1,22.00),(116,0.00,221,1,1.20),(116,0.00,344,10,1.50),(116,0.00,371,45,0.20),(116,0.00,376,4,8.00),(116,0.00,419,1,40.00),(116,0.00,488,1,35.00),(116,0.00,539,1,4.50),(116,0.00,637,1,5.00),(116,0.00,822,5,1.00),(116,0.00,866,1,20.00),(116,0.00,941,1,1.50),(116,0.00,1090,1,6.50),(116,0.00,1121,1,8.00),(117,0.00,22,1,55.00),(117,0.00,30,1,170.00),(117,0.00,48,5,1.50),(117,0.00,49,1,1.50),(117,0.00,50,4,1.50),(117,0.00,70,1,20.00),(117,0.00,89,1,22.00),(117,0.00,114,2,1.80),(117,0.00,136,1,25.00),(117,0.00,209,1,40.00),(117,0.00,223,1,3.00),(117,0.00,301,4,0.20),(117,0.00,318,1,7.00),(117,0.00,344,2,1.50),(117,0.00,360,3,1.20),(117,0.00,376,2,8.00),(117,0.00,481,1,200.00),(117,0.00,539,1,4.50),(117,0.00,549,1,5.00),(117,0.00,696,102,0.50),(117,0.00,697,1,0.30),(117,0.00,933,1,20.00),(117,0.00,941,1,1.50),(118,0.00,47,1,1.80),(118,0.00,48,1,1.50),(118,0.00,50,2,1.50),(118,0.00,105,1,3.50),(118,0.00,108,1,15.00),(118,0.00,113,1,17.00),(118,0.00,164,1,60.00),(118,0.00,183,1,45.00),(118,0.00,200,1,45.00),(118,0.00,203,1,6.00),(118,0.00,208,1,22.00),(118,0.00,245,1,40.00),(118,0.00,310,3,1.10),(118,0.00,360,10,1.20),(118,0.00,722,1,17.00),(118,0.00,768,1,20.00),(118,0.00,793,15,0.80),(118,0.00,821,15,1.00),(118,0.00,895,1,20.00),(118,0.00,952,1,10.00),(118,0.00,959,1,3.00),(118,0.00,1033,1,70.00),(118,0.00,1115,8,8.00),(118,0.00,1117,2,34.00),(119,0.00,23,1,55.00),(119,0.00,49,1,1.50),(119,0.00,65,1,2.50),(119,0.00,90,1,22.00),(119,0.00,103,1,40.00),(119,0.00,202,1,45.00),(119,0.00,300,1,5.00),(119,0.00,321,1,7.00),(119,0.00,340,1,28.00),(119,0.00,344,20,1.50),(119,0.00,376,1,8.00),(119,0.00,377,1,12.00),(119,0.00,549,1,5.00),(119,0.00,553,1,24.00),(119,0.00,597,1,7.00),(119,0.00,687,1,22.00),(119,0.00,743,2,2.00),(119,0.00,756,1,12.00),(119,0.00,804,1,10.00),(119,0.00,1056,1,26.00),(119,0.00,1071,1,16.00),(119,0.00,1094,1,30.00),(119,0.00,1118,1,45.00),(120,0.00,821,100,1.00),(121,0.00,298,50,1.60),(121,0.00,313,36,0.75),(121,0.00,316,3,28.00),(121,0.00,340,7,26.55),(121,0.00,373,70,0.15),(121,0.00,511,3,22.00),(121,0.00,682,30,2.50),(121,0.00,822,70,1.00),(122,0.00,117,1,6.00),(122,0.00,119,2,1.00),(122,0.00,318,1,7.00),(122,0.00,376,5,8.00),(122,0.00,548,1,20.00),(122,0.00,549,1,5.00),(122,0.00,690,1,30.00),(123,0.00,108,1,15.00),(123,0.00,119,10,1.00),(123,0.00,223,1,3.00),(123,0.00,298,2,1.70),(123,0.00,342,1,28.00),(123,0.00,345,10,0.70),(123,0.00,359,2,1.80),(123,0.00,399,1,4.50),(123,0.00,440,1,50.00),(123,0.00,453,1,90.00),(123,0.00,585,10,0.25),(123,0.00,821,1,1.00),(123,0.00,841,5,6.00),(123,0.00,1091,1,11.50),(123,0.00,1139,1,50.00),(124,0.00,70,4,20.00),(124,0.00,99,1,55.00),(124,0.00,195,1,10.00),(124,0.00,359,1,1.80),(124,0.00,398,3,2.50),(124,0.00,409,1,85.00),(124,0.00,553,1,24.00),(124,0.00,592,1,30.00),(124,0.00,674,1,90.00),(124,0.00,727,1,10.00),(124,0.00,743,2,2.00),(124,0.00,798,1,35.00),(124,0.00,895,1,20.00),(124,0.00,941,1,1.50),(124,0.00,961,1,22.00),(124,0.00,1093,1,12.00),(124,0.00,1123,1,150.00),(125,0.00,48,3,1.50),(125,0.00,51,5,1.50),(125,0.00,99,2,55.00),(125,0.00,102,1,15.00),(125,0.00,203,1,6.00),(125,0.00,221,1,1.80),(125,0.00,298,2,1.70),(125,0.00,369,2,0.15),(125,0.00,376,1,8.00),(125,0.00,440,1,50.00),(125,0.00,455,1,40.00),(125,0.00,551,1,17.00),(125,0.00,629,1,15.00),(125,0.00,708,1,102.00),(125,0.00,793,3,0.80),(125,0.00,821,2,1.00),(125,0.00,823,1,8.00),(125,0.00,1118,1,45.00),(126,0.00,20,6,20.00),(126,0.00,22,1,55.00),(126,0.00,51,1,1.50),(126,0.00,90,1,24.00),(126,0.00,99,3,55.00),(126,0.00,113,1,17.00),(126,0.00,247,1,50.00),(126,0.00,298,1,1.70),(126,0.00,301,5,0.20),(126,0.00,345,20,0.70),(126,0.00,369,100,0.15),(126,0.00,465,1,32.00),(126,0.00,655,1,20.00),(126,0.00,729,2,50.00),(126,0.00,742,1,10.00),(126,0.00,1055,1,36.00),(126,0.00,1115,1,8.00),(127,0.00,51,1,1.50),(127,0.00,59,1,6.00),(127,0.00,113,2,17.00),(127,0.00,132,1,42.00),(127,0.00,196,2,10.00),(127,0.00,202,1,45.00),(127,0.00,203,1,6.00),(127,0.00,344,50,1.50),(127,0.00,376,2,8.00),(127,0.00,458,1,40.00),(127,0.00,481,1,200.00),(127,0.00,549,1,5.00),(127,0.00,554,3,4.00),(127,0.00,725,1,3.50),(127,0.00,1139,1,50.00),(128,0.00,21,1,55.00),(128,0.00,108,1,15.00),(128,0.00,114,2,1.80),(128,0.00,115,1,30.00),(128,0.00,196,1,10.00),(128,0.00,221,2,1.80),(128,0.00,226,1,3.00),(128,0.00,300,2,5.00),(128,0.00,313,1,1.50),(128,0.00,339,1,28.00),(128,0.00,343,3,1.50),(128,0.00,344,1,1.50),(128,0.00,360,5,1.20),(128,0.00,376,3,8.00),(128,0.00,379,1,15.00),(128,0.00,444,1,50.00),(128,0.00,562,1,8.00),(128,0.00,565,1,12.00),(128,0.00,626,2,4.00),(128,0.00,696,50,0.50),(128,0.00,742,1,10.00),(128,0.00,959,2,3.00),(129,0.00,1,1,15.00),(129,0.00,20,1,20.00),(129,0.00,30,1,170.00),(129,0.00,45,100,0.50),(129,0.00,49,10,1.50),(129,0.00,50,12,1.50),(129,0.00,104,1,12.00),(129,0.00,108,1,15.00),(129,0.00,117,1,6.00),(129,0.00,118,1,10.00),(129,0.00,222,1,10.00),(129,0.00,298,10,1.70),(129,0.00,301,100,0.20),(129,0.00,315,1,26.00),(129,0.00,371,6,0.20),(129,0.00,553,1,24.00),(129,0.00,736,1,32.00),(129,0.00,822,6,1.00),(130,0.00,21,1,55.00),(130,0.00,48,2,1.50),(130,0.00,49,3,1.50),(130,0.00,65,1,2.50),(130,0.00,70,2,20.00),(130,0.00,108,1,15.00),(130,0.00,113,1,17.00),(130,0.00,119,10,1.00),(130,0.00,221,4,1.80),(130,0.00,300,1,5.00),(130,0.00,340,1,28.00),(130,0.00,372,4,0.20),(130,0.00,388,1,30.00),(130,0.00,418,1,26.00),(130,0.00,514,1,25.00),(130,0.00,664,1,40.00),(130,0.00,674,1,90.00),(130,0.00,682,4,2.50),(130,0.00,710,1,102.00),(130,0.00,726,5,7.00),(130,0.00,903,1,18.00),(130,0.00,941,4,1.50),(130,0.00,959,1,3.00),(131,0.00,21,1,55.00),(131,0.00,48,2,1.50),(131,0.00,49,1,1.50),(131,0.00,73,1,30.00),(131,0.00,90,1,24.00),(131,0.00,108,2,15.00),(131,0.00,114,17,1.80),(131,0.00,117,1,6.00),(131,0.00,118,1,10.00),(131,0.00,221,1,1.80),(131,0.00,222,1,10.00),(131,0.00,343,5,1.50),(131,0.00,344,25,1.50),(131,0.00,371,10,0.20),(131,0.00,376,1,8.00),(131,0.00,377,1,12.00),(131,0.00,435,1,3.00),(131,0.00,527,1,22.00),(131,0.00,585,10,0.25),(131,0.00,626,1,4.00),(131,0.00,696,2,0.50),(131,0.00,709,1,102.00),(131,0.00,821,11,1.00),(131,0.00,952,1,10.00),(131,0.00,1004,1,42.00),(131,0.00,1126,1,30.00),(131,0.00,1139,1,50.00),(132,0.00,43,1,90.00),(132,0.00,49,1,1.50),(132,0.00,50,1,1.50),(132,0.00,51,1,1.50),(132,0.00,69,1,0.60),(132,0.00,70,1,20.00),(132,0.00,224,5,2.00),(132,0.00,297,1,5.00),(132,0.00,301,100,0.20),(132,0.00,313,3,1.50),(132,0.00,340,1,28.00),(132,0.00,376,2,8.00),(132,0.00,380,1,10.00),(132,0.00,464,1,9.00),(132,0.00,549,1,5.00),(132,0.00,556,1,5.00),(132,0.00,583,1,3.50),(132,0.00,696,50,0.50),(132,0.00,824,2,1.00),(132,0.00,1125,1,10.00),(132,0.00,1127,1,45.00),(133,0.00,194,1,14.00),(133,0.00,200,1,45.00),(133,0.00,274,1,50.00),(133,0.00,340,1,28.00),(133,0.00,400,1,175.00),(133,0.00,520,1,12.00),(133,0.00,733,1,100.00),(133,0.00,930,1,30.00),(133,0.00,946,1,6.00),(133,0.00,1140,1,50.00),(134,0.00,68,2,4.00),(134,0.00,114,1,1.80),(134,0.00,117,1,6.00),(134,0.00,118,1,10.00),(134,0.00,221,1,1.80),(134,0.00,304,1,22.00),(134,0.00,330,1,27.00),(134,0.00,345,35,0.70),(134,0.00,371,3,0.20),(134,0.00,629,2,15.00),(134,0.00,887,1,60.00),(134,0.00,942,1,4.00),(134,0.00,945,4,6.00),(134,0.00,959,1,3.00),(134,0.00,1115,1,8.00),(134,0.00,1116,1,12.00),(134,0.00,1153,1,10.00),(135,0.00,68,2,4.00),(135,0.00,70,3,20.00),(135,0.00,73,1,30.00),(135,0.00,103,2,40.00),(135,0.00,113,1,17.00),(135,0.00,208,1,22.00),(135,0.00,223,1,3.00),(135,0.00,301,5,0.20),(135,0.00,345,2,0.70),(135,0.00,360,6,1.20),(135,0.00,366,1,0.20),(135,0.00,367,15,0.20),(135,0.00,371,1,0.20),(135,0.00,453,1,90.00),(135,0.00,603,1,50.00),(135,0.00,726,1,7.00),(135,0.00,756,1,12.00),(135,0.00,822,5,1.00),(135,0.00,867,1,20.00),(135,0.00,1077,1,62.00),(135,0.00,1127,1,45.00),(136,0.00,49,2,1.50),(136,0.00,65,6,2.50),(136,0.00,70,1,20.00),(136,0.00,72,1,75.00),(136,0.00,73,1,30.00),(136,0.00,108,1,15.00),(136,0.00,113,1,17.00),(136,0.00,134,1,24.00),(136,0.00,197,1,8.00),(136,0.00,367,7,0.20),(136,0.00,373,8,0.20),(136,0.00,388,1,30.00),(136,0.00,393,1,1.50),(136,0.00,394,1,3.00),(136,0.00,455,1,30.00),(136,0.00,593,1,80.00),(136,0.00,678,1,35.00),(136,0.00,726,1,7.00),(136,0.00,736,1,32.00),(136,0.00,821,6,1.00),(136,0.00,824,6,1.00),(136,0.00,944,1,4.00),(136,0.00,945,1,6.00),(136,0.00,1096,1,30.00),(136,0.00,1140,1,50.00),(136,0.00,1153,1,10.00),(137,0.00,1,1,15.00),(137,0.00,6,1,150.00),(137,0.00,70,2,20.00),(137,0.00,73,1,30.00),(137,0.00,100,1,14.00),(137,0.00,105,1,3.50),(137,0.00,137,1,24.00),(137,0.00,201,1,45.00),(137,0.00,225,2,2.00),(137,0.00,301,3,0.20),(137,0.00,316,1,32.00),(137,0.00,321,3,7.00),(137,0.00,339,1,28.00),(137,0.00,340,1,28.00),(137,0.00,376,5,8.00),(137,0.00,390,1,30.00),(137,0.00,696,5,0.50),(137,0.00,729,2,50.00),(137,0.00,824,15,1.00),(137,0.00,1006,2,7.00),(138,0.00,50,2,1.50),(138,0.00,59,1,6.00),(138,0.00,108,1,15.00),(138,0.00,221,2,1.80),(138,0.00,367,70,0.20),(138,0.00,373,3,0.20),(138,0.00,490,1,35.00),(138,0.00,551,1,17.00),(138,0.00,674,1,90.00),(138,0.00,686,1,22.00),(138,0.00,811,1,100.00),(138,0.00,821,3,1.00),(138,0.00,888,1,45.00),(138,0.00,941,2,1.50),(138,0.00,959,1,3.00),(138,0.00,1088,1,15.00),(139,0.00,89,1,24.00),(139,0.00,108,1,15.00),(139,0.00,119,10,1.00),(139,0.00,231,1,65.00),(139,0.00,285,1,30.00),(139,0.00,308,1,45.00),(139,0.00,311,2,1.10),(139,0.00,326,1,20.00),(139,0.00,367,3,0.20),(139,0.00,372,10,0.20),(139,0.00,373,4,0.20),(139,0.00,512,1,25.00),(139,0.00,799,1,12.00),(139,0.00,812,1,30.00),(139,0.00,821,3,1.00),(139,0.00,824,3,1.00),(139,0.00,871,1,1.00),(139,0.00,942,1,4.00),(139,0.00,952,1,10.00),(139,0.00,958,1,22.00),(139,0.00,1029,11,0.50),(140,0.00,48,5,1.50),(140,0.00,49,5,1.50),(140,0.00,50,10,1.50),(140,0.00,108,1,15.00),(140,0.00,197,2,8.00),(140,0.00,204,1,42.00),(140,0.00,481,1,200.00),(140,0.00,551,1,17.00),(140,0.00,678,1,35.00),(140,0.00,726,4,7.00),(140,0.00,941,1,1.50),(140,0.00,1013,1,55.00),(140,0.00,1153,1,10.00),(141,0.00,72,1,75.00),(141,0.00,73,1,30.00),(141,0.00,75,1,30.00),(141,0.00,78,1,170.00),(141,0.00,113,5,17.00),(141,0.00,298,4,1.70),(141,0.00,300,3,5.00),(141,0.00,328,2,8.00),(141,0.00,341,1,28.00),(141,0.00,369,4,0.15),(141,0.00,377,2,12.00),(141,0.00,388,1,30.00),(141,0.00,484,1,410.00),(141,0.00,555,1,7.00),(141,0.00,565,2,12.00),(141,0.00,674,1,90.00),(141,0.00,696,2,0.50),(141,0.00,708,1,102.00),(141,0.00,725,1,3.50),(141,0.00,805,1,30.00),(141,0.00,821,4,1.00),(141,0.00,1081,1,72.00),(141,0.00,1113,1,15.00),(142,0.00,55,3,1.00),(142,0.00,103,2,40.00),(142,0.00,108,1,15.00),(142,0.00,114,3,1.80),(142,0.00,140,1,24.00),(142,0.00,203,1,6.00),(142,0.00,321,1,7.00),(142,0.00,547,1,16.00),(142,0.00,556,1,5.00),(142,0.00,565,1,12.00),(142,0.00,618,1,3.00),(142,0.00,684,10,2.00),(142,0.00,696,6,0.50),(142,0.00,698,1,14.00),(142,0.00,712,1,245.00),(142,0.00,733,1,100.00),(142,0.00,742,1,10.00),(142,0.00,793,1,0.80),(142,0.00,819,2,10.00),(142,0.00,824,10,1.00),(142,0.00,995,1,115.00),(143,0.00,48,3,1.50),(143,0.00,49,3,1.50),(143,0.00,50,3,1.50),(143,0.00,52,3,1.50),(143,0.00,69,2,0.60),(143,0.00,113,1,17.00),(143,0.00,137,1,24.00),(143,0.00,299,4,1.70),(143,0.00,340,1,28.00),(143,0.00,366,5,0.20),(143,0.00,369,4,0.15),(143,0.00,371,10,0.20),(143,0.00,398,1,2.50),(143,0.00,510,2,20.00),(143,0.00,512,1,25.00),(143,0.00,514,1,25.00),(143,0.00,649,1,70.00),(143,0.00,655,1,20.00),(143,0.00,682,2,2.50),(143,0.00,696,12,0.50),(143,0.00,731,1,110.00),(143,0.00,766,1,50.00),(143,0.00,768,1,20.00),(143,0.00,793,1,0.80),(143,0.00,804,1,10.00),(143,0.00,822,14,1.00),(143,0.00,827,1,30.00),(143,0.00,941,1,1.50),(143,0.00,944,2,4.00),(143,0.00,1149,1,1.50),(144,0.00,46,2,0.50),(144,0.00,195,1,10.00),(144,0.00,203,2,6.00),(144,0.00,206,1,42.00),(144,0.00,223,1,3.00),(144,0.00,301,20,0.20),(144,0.00,365,20,0.30),(144,0.00,377,1,12.00),(144,0.00,484,1,410.00),(144,0.00,678,1,35.00),(144,0.00,680,2,2.50),(144,0.00,726,1,7.00),(144,0.00,793,1,0.80),(144,0.00,871,1,1.00),(144,0.00,941,1,1.50),(144,0.00,942,3,4.00),(144,0.00,1006,1,7.00),(144,0.00,1029,2,0.50),(145,0.00,194,10,14.00),(145,0.00,340,5,26.55),(145,0.00,345,40,0.30),(145,0.00,1157,48,7.00),(146,0.00,298,50,1.60),(147,0.00,21,1,55.00),(147,0.00,200,1,45.00),(147,0.00,286,1,30.00),(147,0.00,455,1,30.00),(147,0.00,682,1,2.50),(147,0.00,730,1,110.00),(147,0.00,941,1,1.50),(147,0.00,942,1,4.00),(147,0.00,1060,1,60.00),(147,0.00,1149,1,1.50),(148,0.00,22,1,55.00),(148,0.00,48,1,1.50),(148,0.00,50,1,1.50),(148,0.00,53,1,1.00),(148,0.00,108,1,15.00),(148,0.00,113,4,17.00),(148,0.00,117,1,6.00),(148,0.00,118,1,10.00),(148,0.00,119,1,1.00),(148,0.00,207,1,42.00),(148,0.00,320,1,7.00),(148,0.00,365,100,0.30),(148,0.00,377,2,12.00),(148,0.00,381,1,11.00),(148,0.00,421,2,1.20),(148,0.00,520,1,12.00),(148,0.00,526,2,22.00),(148,0.00,618,1,3.00),(148,0.00,696,50,0.50),(148,0.00,722,2,17.00),(148,0.00,727,1,10.00),(148,0.00,788,1,5.00),(148,0.00,838,2,1.00),(148,0.00,942,1,4.00),(148,0.00,1071,1,16.00),(149,0.00,48,4,1.50),(149,0.00,50,6,1.50),(149,0.00,70,1,20.00),(149,0.00,100,1,14.00),(149,0.00,105,1,3.50),(149,0.00,206,1,42.00),(149,0.00,311,4,1.10),(149,0.00,643,1,90.00),(149,0.00,687,1,22.00),(149,0.00,812,1,30.00),(149,0.00,1140,1,50.00),(150,0.00,1,1,15.00),(150,0.00,20,1,20.00),(150,0.00,23,1,60.00),(150,0.00,54,1,1.00),(150,0.00,69,2,0.60),(150,0.00,103,2,40.00),(150,0.00,318,1,7.00),(150,0.00,326,1,20.00),(150,0.00,364,1,6.00),(150,0.00,512,1,25.00),(150,0.00,549,1,7.00),(150,0.00,551,1,17.00),(150,0.00,571,1,22.00),(150,0.00,585,10,0.25),(150,0.00,655,1,20.00),(150,0.00,674,2,90.00),(150,0.00,696,2,0.50),(150,0.00,785,1,7.00),(150,0.00,923,2,20.00),(150,0.00,941,2,1.50),(151,0.00,23,1,60.00),(151,0.00,48,5,1.50),(151,0.00,49,3,1.50),(151,0.00,50,7,1.50),(151,0.00,55,20,1.00),(151,0.00,59,1,6.00),(151,0.00,118,1,10.00),(151,0.00,200,1,45.00),(151,0.00,300,1,6.00),(151,0.00,377,1,12.00),(151,0.00,643,1,90.00),(151,0.00,674,1,90.00),(151,0.00,696,50,0.50),(151,0.00,804,1,10.00),(151,0.00,821,77,1.00),(152,0.00,51,10,1.50),(152,0.00,55,1,1.00),(152,0.00,67,2,4.00),(152,0.00,99,1,55.00),(152,0.00,218,1,20.00),(152,0.00,270,1,20.00),(152,0.00,339,1,28.00),(152,0.00,376,4,10.00),(152,0.00,550,2,0.60),(152,0.00,681,1,2.50),(152,0.00,722,1,17.00),(152,0.00,793,1,0.80),(152,0.00,1060,1,60.00),(153,0.00,42,1,90.00),(153,0.00,45,1,0.50),(153,0.00,46,1,0.50),(153,0.00,108,1,15.00),(153,0.00,113,6,17.00),(153,0.00,114,2,1.80),(153,0.00,117,1,6.00),(153,0.00,141,1,42.00),(153,0.00,298,3,1.70),(153,0.00,344,2,1.50),(153,0.00,377,1,12.00),(153,0.00,387,1,30.00),(153,0.00,479,1,8.00),(153,0.00,541,1,82.00),(153,0.00,562,1,8.00),(153,0.00,692,1,2.00),(153,0.00,769,1,20.00),(153,0.00,1029,1,0.50),(153,0.00,1155,1,15.00),(154,0.00,298,100,1.60),(154,0.00,316,4,28.00),(154,0.00,340,5,26.55),(154,0.00,345,50,0.30),(154,0.00,360,100,0.78),(154,0.00,682,19,2.50),(154,0.00,683,5,2.50),(154,0.00,822,50,1.00),(154,0.00,841,15,5.50),(154,0.00,1157,24,7.00),(155,0.00,50,5,1.50),(155,0.00,52,4,1.50),(155,0.00,113,1,17.00),(155,0.00,119,6,1.00),(155,0.00,345,33,0.70),(155,0.00,359,4,1.80),(155,0.00,376,1,10.00),(155,0.00,377,1,12.00),(155,0.00,388,1,30.00),(155,0.00,389,1,30.00),(155,0.00,722,1,17.00),(155,0.00,841,4,6.00);
/*!40000 ALTER TABLE `vendaproduto` ENABLE KEYS */;
UNLOCK TABLES;
/*!50003 SET @saved_cs_client      = @@character_set_client */ ;
/*!50003 SET @saved_cs_results     = @@character_set_results */ ;
/*!50003 SET @saved_col_connection = @@collation_connection */ ;
/*!50003 SET character_set_client  = utf8 */ ;
/*!50003 SET character_set_results = utf8 */ ;
/*!50003 SET collation_connection  = utf8_general_ci */ ;
/*!50003 SET @saved_sql_mode       = @@sql_mode */ ;
/*!50003 SET sql_mode              = 'STRICT_TRANS_TABLES,NO_AUTO_CREATE_USER,NO_ENGINE_SUBSTITUTION' */ ;
DELIMITER ;;
/*!50003 CREATE*/ /*!50017 DEFINER=`root`@`localhost`*/ /*!50003 TRIGGER `updateProdutoVendaProduto_INSERT` AFTER INSERT ON `vendaproduto` FOR EACH ROW BEGIN
  update produto set qtde_estoque = qtde_estoque - new.qtde_produto where cd_produto = new.cd_produto;
END */;;
DELIMITER ;
/*!50003 SET sql_mode              = @saved_sql_mode */ ;
/*!50003 SET character_set_client  = @saved_cs_client */ ;
/*!50003 SET character_set_results = @saved_cs_results */ ;
/*!50003 SET collation_connection  = @saved_col_connection */ ;
/*!50003 SET @saved_cs_client      = @@character_set_client */ ;
/*!50003 SET @saved_cs_results     = @@character_set_results */ ;
/*!50003 SET @saved_col_connection = @@collation_connection */ ;
/*!50003 SET character_set_client  = utf8 */ ;
/*!50003 SET character_set_results = utf8 */ ;
/*!50003 SET collation_connection  = utf8_general_ci */ ;
/*!50003 SET @saved_sql_mode       = @@sql_mode */ ;
/*!50003 SET sql_mode              = 'STRICT_TRANS_TABLES,NO_AUTO_CREATE_USER,NO_ENGINE_SUBSTITUTION' */ ;
DELIMITER ;;
/*!50003 CREATE*/ /*!50017 DEFINER=`root`@`localhost`*/ /*!50003 TRIGGER `updateProdutoVendaProduto_UPDATE` AFTER UPDATE ON `vendaproduto` FOR EACH ROW BEGIN
  update produto set qtde_estoque = qtde_estoque + old.qtde_produto where cd_produto = old.cd_produto;
  update produto set qtde_estoque = qtde_estoque - new.qtde_produto where cd_produto = new.cd_produto;
END */;;
DELIMITER ;
/*!50003 SET sql_mode              = @saved_sql_mode */ ;
/*!50003 SET character_set_client  = @saved_cs_client */ ;
/*!50003 SET character_set_results = @saved_cs_results */ ;
/*!50003 SET collation_connection  = @saved_col_connection */ ;
/*!50003 SET @saved_cs_client      = @@character_set_client */ ;
/*!50003 SET @saved_cs_results     = @@character_set_results */ ;
/*!50003 SET @saved_col_connection = @@collation_connection */ ;
/*!50003 SET character_set_client  = utf8 */ ;
/*!50003 SET character_set_results = utf8 */ ;
/*!50003 SET collation_connection  = utf8_general_ci */ ;
/*!50003 SET @saved_sql_mode       = @@sql_mode */ ;
/*!50003 SET sql_mode              = 'STRICT_TRANS_TABLES,NO_AUTO_CREATE_USER,NO_ENGINE_SUBSTITUTION' */ ;
DELIMITER ;;
/*!50003 CREATE*/ /*!50017 DEFINER=`root`@`localhost`*/ /*!50003 TRIGGER `updateProdutoVendaProduto_DELETE` BEFORE DELETE ON `vendaproduto` FOR EACH ROW BEGIN
  update produto set qtde_estoque = qtde_estoque + old.qtde_produto where cd_produto = old.cd_produto;
END */;;
DELIMITER ;
/*!50003 SET sql_mode              = @saved_sql_mode */ ;
/*!50003 SET character_set_client  = @saved_cs_client */ ;
/*!50003 SET character_set_results = @saved_cs_results */ ;
/*!50003 SET collation_connection  = @saved_col_connection */ ;
/*!40103 SET TIME_ZONE=@OLD_TIME_ZONE */;

/*!40101 SET SQL_MODE=@OLD_SQL_MODE */;
/*!40014 SET FOREIGN_KEY_CHECKS=@OLD_FOREIGN_KEY_CHECKS */;
/*!40014 SET UNIQUE_CHECKS=@OLD_UNIQUE_CHECKS */;
/*!40101 SET CHARACTER_SET_CLIENT=@OLD_CHARACTER_SET_CLIENT */;
/*!40101 SET CHARACTER_SET_RESULTS=@OLD_CHARACTER_SET_RESULTS */;
/*!40101 SET COLLATION_CONNECTION=@OLD_COLLATION_CONNECTION */;
/*!40111 SET SQL_NOTES=@OLD_SQL_NOTES */;

-- Dump completed on 2013-10-14 17:14:33
